timestamp,person,car,motorbike,bus,truck,total,WTI,WTI_norm
2026-09-21 17:41:40,15,23,18,4,1,46,144.0,698.4212546462484
2026-09-21 17:41:43,14,25,13,4,1,43,147.0,703.2758761859844
2026-09-21 17:41:52,11,21,8,5,2,36,139.0,640.9175898575471
2026-09-21 17:42:04,4,17,7,0,2,26,87.0,373.73780734237664
2026-09-21 17:42:16,5,18,6,5,1,30,119.0,527.6444773337324
2026-09-21 17:42:28,10,11,13,0,1,25,63.0,268.2600818953533
2026-09-21 17:42:40,5,11,10,2,1,24,74.0,312.19681104024687
2026-09-21 17:42:52,12,9,19,2,2,32,81.0,364.2171124787849
2026-09-21 17:43:04,5,12,7,2,1,22,75.0,310.16206619468625
2026-09-21 17:43:16,7,15,9,3,2,29,102.0,448.9221329295399
2026-09-21 17:43:29,4,14,6,2,2,24,88.0,371.2610725884017
2026-09-21 17:43:41,9,19,15,2,3,39,123.0,576.7321728560141
2026-09-21 17:43:53,10,26,10,2,2,40,140.0,659.9000893386032
2026-09-21 17:44:05,10,31,21,1,1,54,158.0,791.1586432667305
2026-09-21 17:44:17,14,26,12,0,1,39,122.0,572.0432934019002
2026-09-21 17:44:29,9,32,4,0,1,37,138.0,639.9868900422413
2026-09-21 17:44:41,13,30,10,1,4,45,161.0,777.4112648347443
2026-09-21 17:44:55,12,37,10,0,2,49,170.0,835.0439109227849
2026-09-21 17:45:07,10,26,9,0,1,36,119.0,548.6992316046626
2026-09-21 17:45:19,8,19,17,3,2,41,126.0,596.9463719037044
2026-09-21 17:45:32,7,14,23,4,5,46,137.0,664.470221434278
2026-09-21 17:45:44,10,10,23,3,0,36,84.0,387.3171046621148
2026-09-21 17:45:56,17,17,20,3,3,43,127.0,607.5920835076192
2026-09-21 17:46:08,12,16,14,2,1,33,98.0,443.5833314123838
2026-09-21 17:46:20,9,15,9,0,3,27,87.0,376.90179238524274
2026-09-21 17:46:32,14,14,18,0,2,34,86.0,391.75993328808954
2026-09-21 17:46:45,3,18,5,2,3,28,109.0,476.0352454685257
2026-09-21 17:46:58,2,14,3,2,1,20,79.0,319.5172725801504
2026-09-21 17:47:10,10,11,15,2,1,29,79.0,347.6945931513103
2026-09-21 17:47:23,3,17,8,3,2,30,109.0,483.30460528888096
2026-09-21 17:47:35,2,15,8,5,2,30,115.0,509.90852851579183
2026-09-21 17:47:47,1,16,5,4,1,26,103.0,442.4711971984459
2026-09-21 17:47:59,7,11,8,3,2,24,85.0,358.6044451137971
2026-09-21 17:48:12,1,18,4,4,2,28,116.0,506.60631627843105
2026-09-21 17:48:23,13,18,18,3,1,40,117.0,551.4879318044041
2026-09-21 17:48:39,12,16,21,2,3,42,117.0,557.0604135361467
2026-09-21 17:48:51,17,23,19,4,2,48,151.0,738.6648650147047
2026-09-21 17:49:03,12,20,9,2,0,31,103.0,459.9707979883719
2026-09-21 17:49:15,7,30,5,3,0,38,146.0,680.8800003349284
2026-09-21 17:49:27,3,34,1,3,1,39,164.0,768.9762304746855
2026-09-21 17:49:39,4,39,1,4,0,44,185.0,889.2325606075092
2026-09-21 17:49:52,13,26,8,3,4,41,157.0,743.8141300704888
2026-09-21 17:50:04,10,30,3,4,3,40,169.0,796.593679273028
2026-09-21 17:50:16,13,17,6,5,1,29,115.0,506.1376988911479
2026-09-21 17:50:28,10,19,14,2,0,35,104.0,476.68596959943545
2026-09-21 17:50:40,17,21,7,5,0,33,126.0,570.3214261016363
2026-09-21 17:50:53,10,19,12,3,1,35,115.0,527.1046779224527
2026-09-21 17:51:06,12,22,14,3,0,39,123.0,576.7321728560141
2026-09-21 17:51:18,4,18,4,4,0,26,104.0,446.76703406445023
2026-09-21 17:51:30,1,16,4,0,0,20,68.0,275.02752576519276
2026-09-21 17:51:42,2,10,6,1,0,17,53.0,206.18970316849672
2026-09-21 17:51:54,10,7,17,1,0,25,52.0,221.42101997711706
2026-09-21 17:52:06,10,12,8,2,4,26,94.0,403.80866540440695
2026-09-21 17:52:18,6,14,8,0,0,22,64.0,264.6716298194656
2026-09-21 17:52:31,6,9,14,1,0,24,57.0,240.47592201748745
2026-09-21 17:52:43,2,6,2,0,0,8,26.0,83.12783901074171
2026-09-21 17:52:56,2,7,3,0,0,10,31.0,105.3347534567495
2026-09-21 17:53:08,7,12,9,1,0,22,64.0,264.6716298194656
2026-09-21 17:53:20,10,10,16,1,0,27,63.0,272.9288841410379
2026-09-21 17:53:33,12,16,17,0,2,35,93.0,426.2672612764182
2026-09-21 17:53:44,6,22,8,0,2,32,108.0,485.62281663837985
2026-09-21 17:53:56,8,27,7,3,2,39,148.0,693.9541592088625
2026-09-21 17:54:09,6,22,9,0,1,32,103.0,463.1402788310474
2026-09-21 17:54:21,12,26,11,1,0,38,122.0,568.9545208278169
2026-09-21 17:54:33,3,26,5,0,0,31,109.0,486.76521340517024
2026-09-21 17:54:45,11,18,11,2,3,34,115.0,523.8650270712825
2026-09-21 17:54:57,11,18,8,4,3,33,126.0,570.3214261016363
2026-09-21 17:55:09,10,21,7,3,2,33,124.0,561.268705052404
2026-09-21 17:55:23,9,17,8,3,4,32,121.0,544.077414937444
2026-09-21 17:55:35,12,24,10,1,0,35,113.0,517.9376400455404
2026-09-21 17:55:47,10,18,13,2,1,34,105.0,478.3115464563884
2026-09-21 17:55:59,8,18,11,2,1,32,103.0,463.1402788310474
2026-09-21 17:56:13,5,13,4,2,1,20,76.0,307.3837052669801
2026-09-21 17:56:25,1,9,3,1,2,15,58.0,218.81014588990732
2026-09-21 17:56:37,5,9,5,0,0,14,41.0,152.03005824519062
2026-09-21 17:56:49,3,8,5,0,1,14,43.0,159.44615864739504
2026-09-21 17:57:01,2,4,6,4,0,14,50.0,185.4025100551105
2026-09-21 17:57:14,4,7,10,3,0,20,59.0,238.62682382568192
2026-09-21 17:57:26,1,4,6,2,1,13,42.0,152.84040784384086
2026-09-21 17:57:38,2,10,4,7,0,21,93.0,380.4669481623234
2026-09-21 17:57:50,1,9,3,5,2,19,86.0,343.6329755256432
2026-09-21 17:58:02,2,6,3,1,0,10,34.0,115.5284392751446
2026-09-21 17:58:15,9,13,9,1,0,23,68.0,284.1076604636603
2026-09-21 17:58:27,10,21,16,2,2,41,126.0,596.9463719037044
2026-09-21 17:58:40,14,19,19,0,3,41,113.0,535.3566668660205
2026-09-21 17:58:54,9,26,10,1,3,40,139.0,655.1865172718988
2026-09-21 17:59:04,8,29,6,1,2,38,141.0,657.5621921042801
2026-09-21 17:59:16,5,29,8,0,3,40,142.0,669.3272334720117
2026-09-21 17:59:30,9,26,8,0,1,35,118.0,540.855234737821
2026-09-21 17:59:42,13,25,14,1,0,40,121.0,570.3422200712213
2026-09-21 17:59:55,8,22,5,0,4,31,117.0,522.491100627568
2026-09-21 18:00:07,9,14,14,0,0,28,70.0,305.71070809905325
2026-09-21 18:00:19,4,18,8,3,3,32,119.0,535.0843998145111
2026-09-21 18:00:31,11,18,9,5,3,35,134.0,614.1915377531187
2026-09-21 18:00:45,9,28,10,1,0,39,129.0,604.8654495806977
2026-09-21 18:00:57,11,18,13,3,0,34,106.0,482.86689451787777
2026-09-21 18:01:09,8,19,4,3,1,27,107.0,463.54588258874685
2026-09-21 18:01:21,9,22,1,1,1,25,102.0,434.32584687819116
2026-09-21 18:01:33,5,13,1,5,1,20,94.0,380.1851091460017
2026-09-21 18:01:45,5,9,4,4,1,18,74.0,291.88848445831655
2026-09-21 18:01:58,1,13,2,3,1,19,81.0,323.6543141578733
2026-09-21 18:02:09,1,14,0,2,0,16,70.0,268.32493408393515
2026-09-21 18:02:22,0,7,0,2,1,10,48.0,163.0989730943218
2026-09-21 18:02:34,1,10,1,3,1,15,68.0,256.5360331123051
2026-09-21 18:02:46,3,10,2,4,1,17,76.0,295.6682536001085
2026-09-21 18:02:58,1,12,0,1,1,14,61.0,226.19106226723483
2026-09-21 18:03:10,16,9,24,1,1,35,73.0,334.596882507296
2026-09-21 18:03:24,8,19,11,1,0,31,94.0,419.7791748631743
2026-09-21 18:03:36,3,21,3,4,2,30,127.0,563.1163749696136
2026-09-21 18:03:47,6,27,2,1,0,30,117.0,518.7765029247621
2026-09-21 18:03:59,2,34,1,0,0,35,137.0,627.942094568487
2026-09-21 18:04:11,6,30,13,0,0,43,133.0,636.2972213111287
2026-09-21 18:04:24,4,29,3,0,1,33,125.0,565.7950655770202
2026-09-21 18:04:36,7,26,6,1,0,33,117.0,529.5841813800909
2026-09-21 18:04:49,4,24,7,2,2,35,129.0,591.2739430608382
2026-09-21 18:05:02,2,25,3,3,2,33,136.0,615.585031347798
2026-09-21 18:05:14,8,24,3,5,1,33,140.0,633.6904734462627
2026-09-21 18:05:26,10,28,5,4,1,38,151.0,704.1978085655766
2026-09-21 18:05:38,10,27,3,3,3,36,150.0,691.6376868966336
2026-09-21 18:05:52,5,29,0,3,0,32,137.0,616.0215359209077
2026-09-21 18:06:03,4,30,3,1,0,34,130.0,592.1952479936238
2026-09-21 18:06:14,10,22,4,2,0,28,106.0,462.9333579785663
2026-09-21 18:06:28,1,31,2,2,0,35,140.0,641.6926513838554
2026-09-21 18:06:40,1,27,0,2,0,29,122.0,536.946080562783
2026-09-21 18:06:52,1,19,2,3,2,26,111.0,476.83789212648054
2026-09-21 18:07:05,2,19,4,2,0,25,94.0,400.2610745740193
2026-09-21 18:07:17,0,18,0,2,0,20,86.0,347.8289296442143
2026-09-21 18:07:29,0,17,1,3,0,21,90.0,368.19382080224847
2026-09-21 18:07:41,0,17,3,4,0,24,99.0,417.6687066619519
2026-09-21 18:07:53,0,16,1,3,1,21,92.0,376.3759057089651
2026-09-21 18:08:05,16,10,23,4,2,39,103.0,482.9545837737354
2026-09-21 18:08:18,7,16,18,1,0,35,89.0,407.93318552259376
2026-09-21 18:08:30,12,25,10,3,1,39,137.0,642.3764852136092
2026-09-21 18:08:42,5,30,6,2,2,40,152.0,716.4629541390548
2026-09-21 18:08:54,10,28,4,3,2,37,149.0,691.0003377992315
2026-09-21 18:09:06,13,18,18,0,1,37,96.0,445.208271333733
2026-09-21 18:09:18,16,14,16,3,4,37,117.0,542.5975806879871
2026-09-21 18:09:31,12,19,19,1,1,40,108.0,509.06578320406527
2026-09-21 18:09:43,9,18,8,5,0,31,115.0,513.5596288219687
2026-09-21 18:09:55,11,22,3,3,1,29,118.0,519.3412910361344
2026-09-21 18:10:09,10,18,6,5,3,32,131.0,589.0424905521088
2026-09-21 18:10:20,14,24,1,1,1,27,110.0,476.54249611927247
2026-09-21 18:10:34,15,32,4,0,1,37,138.0,639.9868900422413
2026-09-21 18:10:45,4,26,11,0,1,38,121.0,564.2909591816872
2026-09-21 18:10:57,4,12,2,2,1,17,70.0,272.3260230527315
2026-09-21 18:11:09,5,13,6,1,0,20,65.0,262.89395845202245
2026-09-21 18:11:21,6,8,9,1,0,18,48.0,189.33307099998913
2026-09-21 18:11:33,10,8,10,1,1,20,55.0,222.44873407478823
2026-09-21 18:11:45,4,12,1,5,1,19,90.0,359.6159046198592
2026-09-21 18:11:57,1,12,3,2,2,19,77.0,307.6713850636573
2026-09-21 18:12:10,0,14,0,2,0,16,70.0,268.32493408393515
2026-09-21 18:12:22,7,11,5,3,0,19,70.0,279.70125914877934
2026-09-21 18:12:34,1,9,3,2,0,14,53.0,196.52666065841714
2026-09-21 18:12:46,14,7,19,2,0,28,61.0,266.40504562917494
2026-09-21 18:12:58,1,9,2,2,1,14,58.0,215.06691166392818
2026-09-21 18:13:11,17,15,27,2,1,45,107.0,516.6646294243332
2026-09-21 18:13:23,12,15,14,4,1,34,108.0,491.9775906408566
2026-09-21 18:13:35,9,18,5,6,1,30,125.0,554.2484005606433
2026-09-21 18:13:47,7,27,5,4,4,40,165.0,777.7393910062108
2026-09-21 18:13:59,9,26,10,6,0,42,156.0,742.7472180481957
2026-09-21 18:14:11,16,30,14,2,2,48,160.0,782.6912476977003
2026-09-21 18:14:23,10,26,13,2,2,43,143.0,684.1391176503114
2026-09-21 18:14:35,4,32,9,0,1,42,143.0,680.8516165441794
2026-09-21 18:14:48,9,9,8,5,2,24,91.0,383.9177000630063
2026-09-21 18:15:00,12,9,23,4,3,39,105.0,492.33234268196327
2026-09-21 18:15:12,6,10,18,4,1,33,92.0,416.4251682646869
2026-09-21 18:15:24,17,16,24,1,0,41,95.0,450.07861373692
2026-09-21 18:15:36,10,23,9,0,1,33,107.0,484.3205761339293
2026-09-21 18:15:48,8,10,5,2,0,17,59.0,229.53193371587372
2026-09-21 18:16:00,4,11,5,3,1,20,76.0,307.3837052669801
2026-09-21 18:16:12,4,13,1,3,0,17,74.0,287.88751008431615
2026-09-21 18:16:25,7,2,13,2,0,17,35.0,136.16301152636575
2026-09-21 18:16:37,4,11,5,1,0,17,56.0,217.8608184421852
2026-09-21 18:16:50,1,4,2,3,1,10,45.0,152.90528727592667
2026-09-21 18:17:02,6,10,5,1,2,18,64.0,252.44409466665218
2026-09-21 18:17:14,5,16,3,1,1,21,80.0,327.2833962686653
2026-09-21 18:17:28,4,13,6,1,1,21,71.0,290.46401418844044
2026-09-21 18:17:39,2,6,2,0,0,8,26.0,83.12783901074171
2026-09-21 18:17:51,1,11,4,1,0,16,55.0,210.8267339230919
2026-09-21 18:18:03,11,11,21,1,0,33,72.0,325.8979577723636
2026-09-21 18:18:15,11,19,19,1,0,39,102.0,478.2657043196215
2026-09-21 18:18:27,8,27,6,1,0,34,121.0,551.197115440219
2026-09-21 18:18:39,9,28,12,2,0,42,138.0,657.0456159657116
2026-09-21 18:18:51,8,29,5,1,2,37,140.0,649.262062361694
2026-09-21 18:19:04,9,26,6,1,2,35,129.0,591.2739430608382
2026-09-21 18:19:16,7,27,4,0,2,33,124.0,561.268705052404
2026-09-21 18:19:28,7,28,10,5,1,44,163.0,783.485985832562
2026-09-21 18:19:40,8,28,5,0,1,34,123.0,560.3078115631978
2026-09-21 18:19:52,12,21,12,1,1,35,109.0,499.603564291716
2026-09-21 18:20:04,12,19,13,4,0,36,117.0,539.4773957793742
2026-09-21 18:20:16,16,15,21,2,0,38,95.0,443.0383563823164
2026-09-21 18:20:28,22,12,27,2,0,41,89.0,421.6525960272198
2026-09-21 18:20:41,6,20,3,0,0,23,83.0,346.77846791887947
2026-09-21 18:20:53,13,15,20,1,1,37,93.0,431.29551285455386
2026-09-21 18:21:05,2,17,2,4,1,24,104.0,438.7630857862929
2026-09-21 18:21:17,4,17,1,1,2,21,88.0,360.01173589553184
2026-09-21 18:21:29,3,8,5,3,0,16,58.0,222.32637395526055
2026-09-21 18:21:41,9,7,15,4,1,27,77.0,333.57974728349075
2026-09-21 18:21:53,1,11,2,3,0,16,67.0,256.8252940517665
2026-09-21 18:22:06,0,11,1,4,0,16,73.0,279.8245741161038
2026-09-21 18:22:18,8,13,13,1,1,28,78.0,340.64907473894505
2026-09-21 18:22:30,2,8,2,1,0,11,41.0,142.881172641308
2026-09-21 18:22:42,11,7,13,3,1,24,68.0,286.8835560910377
2026-09-21 18:22:54,15,18,18,1,2,39,109.0,511.087860498419
2026-09-21 18:23:06,11,23,5,1,2,31,116.0,518.0253647247683
2026-09-21 18:23:18,8,25,4,1,2,32,123.0,553.070430060377
2026-09-21 18:23:31,9,30,4,3,3,40,163.0,768.3122468728022
2026-09-21 18:23:43,3,31,0,3,4,38,169.0,788.1419181959102
2026-09-21 18:23:55,4,33,5,2,3,43,169.0,808.5280481321862
2026-09-21 18:24:07,8,33,1,2,3,39,165.0,773.6651099287994
2026-09-21 18:24:19,8,30,4,2,1,37,144.0,667.8124070005995
2026-09-21 18:24:31,6,32,3,2,2,39,157.0,736.1540742958879
2026-09-21 18:24:43,9,25,7,3,3,38,146.0,680.8800003349284
2026-09-21 18:24:55,6,24,6,2,2,34,128.0,583.0845518706449
2026-09-21 18:25:08,4,31,4,5,2,42,175.0,833.2100202463733
2026-09-21 18:25:21,7,25,4,3,0,32,125.0,562.06344518331
2026-09-21 18:25:32,2,21,4,1,2,28,107.0,467.3006538085528
2026-09-21 18:25:44,6,18,7,3,1,29,106.0,466.5269224561885
2026-09-21 18:25:56,4,23,4,2,0,29,110.0,484.13171198283715
2026-09-21 18:26:08,8,14,9,1,0,24,72.0,303.75905939051046
2026-09-21 18:26:21,3,8,5,3,0,16,58.0,222.32637395526055
2026-09-21 18:26:33,9,12,8,5,1,26,97.0,416.6961760024199
2026-09-21 18:26:44,3,13,1,4,1,19,87.0,347.62870779919723
2026-09-21 18:26:57,11,5,9,4,0,18,57.0,224.8330218124871
2026-09-21 18:27:09,1,8,2,2,0,12,48.0,171.11756915815377
2026-09-21 18:27:21,1,10,2,1,0,13,49.0,178.31380915114767
2026-09-21 18:27:33,15,6,21,0,0,27,45.0,194.94920295788418
2026-09-21 18:27:46,14,11,16,4,1,32,94.0,422.6717107778491
2026-09-21 18:27:58,10,24,11,2,1,38,127.0,592.2723290584651
2026-09-21 18:28:10,7,27,4,1,1,33,125.0,565.7950655770202
2026-09-21 18:28:23,12,23,12,3,5,43,155.0,741.5493932573305
2026-09-21 18:28:35,6,27,4,2,2,35,138.0,632.5256135069432
2026-09-21 18:28:48,9,26,7,1,3,37,136.0,630.7117177227884
2026-09-21 18:28:59,4,30,8,0,0,38,128.0,596.9358907045947
2026-09-21 18:29:11,8,33,8,1,0,42,147.0,699.8964170069536
2026-09-21 18:29:23,9,34,5,3,1,43,168.0,803.743858498268
2026-09-21 18:29:35,6,27,7,4,0,38,143.0,666.8893153965395
2026-09-21 18:29:48,11,26,6,7,0,39,159.0,745.5318332041157
2026-09-21 18:30:00,10,18,6,10,1,35,154.0,705.8619165222409
2026-09-21 18:30:12,12,15,7,7,0,29,116.0,510.53889627281006
2026-09-21 18:30:24,8,19,6,4,0,29,110.0,484.13171198283715
2026-09-21 18:30:36,2,22,1,4,0,27,117.0,506.8679276904989
2026-09-21 18:30:49,10,12,13,6,0,31,103.0,459.9707979883719
2026-09-21 18:31:01,7,6,9,4,1,20,67.0,270.9830033274693
2026-09-21 18:31:13,1,10,3,2,2,17,69.0,268.43565129483534
2026-09-21 18:31:25,0,9,3,0,0,12,39.0,139.03302494099992
2026-09-21 18:31:37,0,16,6,2,0,24,84.0,354.3855692889289
2026-09-21 18:31:49,2,11,5,2,0,18,63.0,248.49965568748573
2026-09-21 18:32:02,0,14,2,2,0,18,72.0,283.9996064999837
2026-09-21 18:32:13,6,11,4,2,0,17,62.0,241.2030489895622
2026-09-21 18:32:26,15,9,25,2,1,37,81.0,375.6444789378372
2026-09-21 18:32:38,11,21,8,5,0,34,127.0,578.5292038091554
2026-09-21 18:32:50,4,23,3,3,1,30,122.0,540.9464389471879
2026-09-21 18:33:02,1,26,2,5,0,33,141.0,638.2168339708787
2026-09-21 18:33:15,12,31,6,3,0,40,151.0,711.7493820723505
2026-09-21 18:33:28,6,26,3,2,4,35,145.0,664.6102460761359
2026-09-21 18:33:40,13,28,14,0,2,44,138.0,663.3194235883041
2026-09-21 18:33:53,13,26,10,2,1,39,134.0,628.3098468512674
2026-09-21 18:34:05,16,23,13,3,1,40,132.0,622.1915128049686
2026-09-21 18:34:17,8,23,3,5,0,31,130.0,580.5456673639645
2026-09-21 18:34:30,16,27,12,3,0,42,141.0,671.3292163127923
2026-09-21 18:34:42,19,17,16,2,0,35,98.0,449.1848559686988
2026-09-21 18:34:54,12,24,10,1,1,36,119.0,548.6992316046626
2026-09-21 18:35:06,6,19,4,1,0,24,87.0,367.04219676353347
2026-09-21 18:35:18,7,17,10,1,0,28,85.0,371.2201455488503
2026-09-21 18:35:30,8,13,12,2,1,28,84.0,366.85284971886387
2026-09-21 18:35:42,5,10,9,2,1,22,69.0,285.3491008991113
2026-09-21 18:35:55,9,10,6,3,0,19,67.0,267.7140623281174
2026-09-21 18:36:06,0,12,1,3,0,16,70.0,268.32493408393515
2026-09-21 18:36:19,5,12,4,4,1,21,86.0,351.82965098881516
2026-09-21 18:36:31,1,13,3,1,0,17,62.0,241.2030489895622
2026-09-21 18:36:43,0,9,0,2,0,11,50.0,174.24533248940003
2026-09-21 18:36:55,2,8,1,3,0,12,54.0,192.50726530292297
2026-09-21 18:37:07,11,16,24,4,1,45,122.0,589.0942503716695
2026-09-21 18:37:20,7,18,21,5,0,44,128.0,615.2527986906009
2026-09-21 18:37:32,9,23,15,3,0,41,128.0,606.4217111402711
2026-09-21 18:37:43,10,19,10,7,0,36,135.0,622.4739182069702
2026-09-21 18:37:56,1,23,1,5,3,32,146.0,656.4901039741061
2026-09-21 18:38:08,9,27,4,5,0,36,147.0,677.8049331587009
2026-09-21 18:38:20,16,24,12,3,0,39,129.0,604.8654495806977
2026-09-21 18:38:33,7,27,4,2,0,33,126.0,570.3214261016363
2026-09-21 18:38:44,7,25,9,0,1,35,115.0,527.1046779224527
2026-09-21 18:38:58,10,17,9,2,3,31,109.0,486.76521340517024
2026-09-21 18:39:08,11,22,8,3,0,33,117.0,529.5841813800909
2026-09-21 18:39:20,24,15,22,4,3,44,128.0,615.2527986906009
2026-09-21 18:39:32,10,12,14,5,1,32,103.0,463.1402788310474
2026-09-21 18:39:45,12,16,5,1,3,25,94.0,400.2610745740193
2026-09-21 18:39:57,2,13,1,0,2,16,65.0,249.15886736365405
2026-09-21 18:40:10,0,7,3,1,1,12,44.0,156.85777172830763
2026-09-21 18:40:21,4,9,10,0,1,20,52.0,210.31516676161797
2026-09-21 18:40:33,7,7,6,4,2,19,74.0,295.68418824299533
2026-09-21 18:40:46,2,9,6,1,2,18,61.0,240.61077772915286
2026-09-21 18:40:58,1,5,1,2,1,9,41.0,135.40598881275588
2026-09-21 18:41:10,1,4,4,0,0,8,20.0,63.94449154672439
2026-09-21 18:41:22,0,4,1,0,0,5,17.0,47.459910976876934
2026-09-21 18:41:34,7,1,8,0,0,9,12.0,39.63102111592855
2026-09-21 18:41:46,8,12,9,1,0,22,64.0,264.6716298194656
2026-09-21 18:41:58,10,17,9,1,0,27,84.0,363.9051788547172
2026-09-21 18:42:10,3,27,2,2,1,32,130.0,584.5459829906424
2026-09-21 18:42:25,1,28,1,1,0,30,120.0,532.0784645382175
2026-09-21 18:42:35,4,28,4,1,0,33,123.0,556.7423445277878
2026-09-21 18:42:47,9,30,3,2,1,36,143.0,659.361261508124
2026-09-21 18:43:00,0,34,1,1,0,36,144.0,663.9721794207683
2026-09-21 18:43:13,2,33,1,1,1,36,146.0,673.1940152460567
2026-09-21 18:43:25,9,37,3,1,0,41,158.0,748.5517996887721
2026-09-21 18:43:37,5,26,4,1,0,31,115.0,513.5596288219687
2026-09-21 18:43:49,2,26,7,1,0,34,118.0,537.5310712557507
2026-09-21 18:44:01,10,18,9,0,0,27,81.0,350.90856532419156
2026-09-21 18:44:13,10,16,9,2,1,28,93.0,406.1585121887421
2026-09-21 18:44:25,5,12,1,5,2,20,96.0,388.27415402144857
2026-09-21 18:44:37,0,11,0,0,0,11,44.0,153.33589259067202
2026-09-21 18:44:50,0,13,1,0,0,14,53.0,196.52666065841714
2026-09-21 18:45:02,0,10,8,0,0,18,48.0,189.33307099998913
2026-09-21 18:45:15,6,9,0,2,1,12,56.0,199.63716401784606
2026-09-21 18:45:28,1,8,1,2,0,11,47.0,163.79061254003602
2026-09-21 18:45:40,0,10,0,1,1,12,53.0,188.94231594546144
2026-09-21 18:45:53,0,4,0,0,0,4,16.0,41.75100659894561
2026-09-21 18:46:05,0,6,0,2,1,9,44.0,145.31374409173802
2026-09-21 18:46:17,9,7,9,0,1,17,43.0,167.28598558953507
2026-09-21 18:46:30,6,17,5,4,2,28,113.0,493.5044287884716
2026-09-21 18:46:42,8,25,6,4,0,35,134.0,614.1915377531187
2026-09-21 18:46:54,3,29,4,1,1,35,133.0,609.6080188146626
2026-09-21 18:47:06,5,24,1,1,1,27,110.0,476.54249611927247
2026-09-21 18:47:18,3,24,2,0,0,26,98.0,420.99201286842424
2026-09-21 18:47:30,8,22,6,3,4,35,139.0,637.1091324453993
2026-09-21 18:47:42,14,25,3,0,0,28,103.0,449.8314704886069
2026-09-21 18:47:54,1,19,0,3,1,23,103.0,430.3395445258384
2026-09-21 18:48:08,1,23,3,2,2,30,121.0,536.5124517427028
2026-09-21 18:48:20,3,23,2,0,2,27,106.0,459.21367807857166
2026-09-21 18:48:32,0,26,1,1,3,31,130.0,580.5456673639645
2026-09-21 18:48:45,2,21,1,1,0,23,92.0,384.38095239201095
2026-09-21 18:48:57,5,7,6,2,0,15,48.0,181.0842586675095
2026-09-21 18:49:09,2,11,5,0,0,16,49.0,187.82745385875458
2026-09-21 18:49:21,0,10,1,0,0,11,41.0,142.881172641308
2026-09-21 18:49:33,8,7,3,0,0,10,31.0,105.3347534567495
2026-09-21 18:49:45,1,9,1,4,0,14,65.0,241.02326307164364
2026-09-21 18:49:57,0,3,0,4,3,10,58.0,197.0779258223055
2026-09-21 18:50:09,0,6,1,2,0,9,39.0,128.80081862676778
2026-09-21 18:50:21,1,4,0,2,1,7,36.0,110.85989550047408
2026-09-21 18:50:33,2,4,4,2,0,10,34.0,115.5284392751446
2026-09-21 18:50:46,0,7,0,2,1,10,48.0,163.0989730943218
2026-09-21 18:50:58,9,3,14,2,1,20,46.0,186.04803213527742
2026-09-21 18:51:10,7,13,3,4,1,21,89.0,364.1027783488901
2026-09-21 18:51:22,5,22,4,2,0,28,106.0,462.9333579785663
2026-09-21 18:51:34,5,26,3,1,1,31,120.0,535.8883083359673
2026-09-21 18:51:46,2,26,2,0,3,31,124.0,553.7512519471661
2026-09-21 18:51:58,0,24,2,2,3,31,130.0,580.5456673639645
2026-09-21 18:52:11,0,31,1,0,2,34,137.0,624.0826844240496
2026-09-21 18:52:23,2,28,1,0,2,31,125.0,558.2169878499659
2026-09-21 18:52:35,1,23,1,2,1,27,113.0,489.5391096497981
2026-09-21 18:52:48,0,24,0,3,6,33,153.0,692.5331602662727
2026-09-21 18:52:59,2,28,4,2,1,35,136.0,623.3585756300309
2026-09-21 18:53:11,3,31,0,2,3,36,156.0,719.303194372499
2026-09-21 18:53:23,5,18,3,1,1,23,88.0,367.66873707061916
2026-09-21 18:53:35,6,8,2,1,1,12,47.0,167.5526198006922
2026-09-21 18:53:50,1,5,2,1,0,8,29.0,92.71951274275037
2026-09-21 18:54:00,2,8,1,2,0,11,47.0,163.79061254003602
2026-09-21 18:54:13,2,6,2,3,1,12,53.0,188.94231594546144
2026-09-21 18:54:25,1,3,0,3,2,8,45.0,143.8751059801299
2026-09-21 18:54:36,0,5,0,2,1,8,40.0,127.88898309344879
2026-09-21 18:54:51,1,3,0,5,0,8,47.0,150.26955513480232
2026-09-21 18:55:02,0,7,0,4,1,12,62.0,221.02686016261526
2026-09-21 18:55:12,2,11,5,4,0,20,77.0,311.42822770470354
2026-09-21 18:55:24,1,6,1,4,1,12,59.0,210.33201209023068
2026-09-21 18:55:37,9,18,6,1,1,26,91.0,390.92115480639393
2026-09-21 18:55:51,4,20,4,2,0,26,98.0,420.99201286842424
2026-09-21 18:56:02,1,23,0,3,2,28,125.0,545.9119787483094
2026-09-21 18:56:15,6,30,0,1,1,32,133.0,598.0355056750418
2026-09-21 18:56:26,10,29,4,1,1,35,133.0,609.6080188146626
2026-09-21 18:56:38,7,24,3,0,0,27,99.0,428.88824650734523
2026-09-21 18:56:50,9,12,13,0,0,25,61.0,259.74388881931037
2026-09-21 18:57:05,11,11,14,1,0,26,65.0,279.2293962902814
2026-09-21 18:57:16,2,14,5,2,1,22,81.0,334.97503149026113
2026-09-21 18:57:28,9,19,8,0,0,27,84.0,363.9051788547172
2026-09-21 18:57:40,2,15,1,0,0,16,61.0,233.82601398742918
2026-09-21 18:57:52,5,6,5,0,0,11,29.0,101.062292843852
2026-09-21 18:58:05,1,9,1,0,1,11,43.0,149.85098594088402
2026-09-21 18:58:17,1,9,0,1,0,10,43.0,146.10949673032994
2026-09-21 18:58:29,1,2,0,0,0,2,8.0,16.78889830934488
2026-09-21 18:58:41,5,3,1,0,0,4,13.0,33.922692861643306
2026-09-21 18:58:53,12,5,6,0,0,11,26.0,90.60757289448802
2026-09-21 18:59:11,4,8,0,6,1,15,80.0,301.80709777918247
2026-09-21 18:59:20,0,10,3,1,1,15,56.0,211.26496844542774
2026-09-21 18:59:32,0,10,2,1,2,15,61.0,230.12791205662666
2026-09-21 18:59:42,7,9,6,2,0,17,56.0,217.8608184421852
2026-09-21 18:59:54,2,8,0,2,0,10,46.0,156.30318254872506
2026-09-21 19:00:06,8,8,11,1,0,20,50.0,202.22612188617114
2026-09-21 19:00:18,8,20,10,3,0,33,111.0,502.4260182323939
2026-09-21 19:00:33,4,22,5,0,2,29,105.0,462.1257250745264
2026-09-21 19:00:44,1,36,1,1,0,38,152.0,708.8613702117062
2026-09-21 19:00:55,3,28,2,1,2,33,133.0,602.0059497739495
2026-09-21 19:01:07,0,37,1,0,0,38,149.0,694.8706852733173
2026-09-21 19:01:20,0,32,0,3,4,39,173.0,811.1761455617109
2026-09-21 19:01:34,0,27,0,2,3,32,140.0,629.5110586053072
2026-09-21 19:01:44,5,26,3,0,4,33,131.0,592.9532287247172
2026-09-21 19:01:55,10,17,7,0,1,25,81.0,344.90581957974
2026-09-21 19:02:07,4,18,4,2,3,27,108.0,467.87808709892204
2026-09-21 19:02:20,4,17,4,1,0,22,79.0,326.7040430584028
2026-09-21 19:02:31,6,11,8,0,1,20,58.0,234.58230138795852
2026-09-21 19:02:44,2,3,1,0,1,5,19.0,53.04342991533304
2026-09-21 19:02:56,0,4,0,0,1,5,22.0,61.418708323017206
2026-09-21 19:03:08,1,2,1,0,0,3,9.0,21.476649250079017
2026-09-21 19:03:20,11,1,0,2,0,3,18.0,42.953298500158034
2026-09-21 19:03:35,7,5,4,2,2,13,50.0,181.9528664807629
2026-09-21 19:03:45,4,0,4,0,0,4,4.0,10.437751649736402
2026-09-21 19:03:56,4,8,2,1,0,11,41.0,142.881172641308
2026-09-21 19:04:09,1,5,1,3,0,9,42.0,138.70857390574992
2026-09-21 19:04:21,0,4,1,1,0,6,24.0,70.70184357732752
2026-09-21 19:04:34,0,12,0,1,0,13,55.0,200.14815312883923
2026-09-21 19:04:45,13,13,7,1,3,24,84.0,354.3855692889289
2026-09-21 19:04:57,4,24,1,1,0,26,104.0,446.76703406445023
2026-09-21 19:05:09,3,27,4,4,3,38,158.0,736.8427400884841
2026-09-21 19:05:21,0,26,1,3,3,33,144.0,651.7959155447272
2026-09-21 19:05:33,0,26,0,3,1,30,131.0,580.8523237875542
2026-09-21 19:05:46,3,26,2,1,4,33,137.0,620.1113918724142
2026-09-21 19:05:58,3,32,2,3,0,37,151.0,700.2755101186842
2026-09-21 19:06:11,6,22,5,0,0,27,93.0,402.895019446294
2026-09-21 19:06:22,4,25,4,0,0,29,104.0,457.7245276928642
2026-09-21 19:06:34,6,13,10,0,0,23,62.0,259.0393374815726
2026-09-21 19:06:46,2,11,2,0,2,15,58.0,218.81014588990732
2026-09-21 19:06:58,3,17,3,0,2,22,83.0,343.24601992211944
2026-09-21 19:07:10,5,14,4,0,0,18,60.0,236.6663387499864
2026-09-21 19:07:23,1,4,0,0,0,4,16.0,41.75100659894561
2026-09-21 19:07:35,1,3,0,0,0,3,12.0,28.63553233343869
2026-09-21 19:07:47,7,4,8,1,1,14,37.0,137.19785744078177
2026-09-21 19:08:01,13,3,7,1,1,12,32.0,114.07837943876918
2026-09-21 19:08:12,6,4,5,3,0,12,42.0,149.72787301338454
2026-09-21 19:08:23,1,16,1,2,1,20,85.0,343.7844072064909
2026-09-21 19:08:35,1,10,3,1,0,14,50.0,185.4025100551105
2026-09-21 19:08:48,4,6,8,0,0,14,32.0,118.65760643527072
2026-09-21 19:09:00,6,14,6,1,1,22,75.0,310.16206619468625
2026-09-21 19:09:12,4,19,4,2,1,26,100.0,429.5836866004329
2026-09-21 19:09:24,0,14,1,0,0,15,57.0,215.03755716766753
2026-09-21 19:09:36,7,14,13,0,0,27,69.0,298.92211120208907
2026-09-21 19:09:49,1,17,3,1,1,22,84.0,347.3815141380486
2026-09-21 19:10:03,0,19,0,0,0,19,76.0,303.6756527901033
2026-09-21 19:10:13,6,16,4,0,0,20,68.0,275.02752576519276
2026-09-21 19:10:25,4,15,3,0,0,18,63.0,248.49965568748573
2026-09-21 19:10:37,4,11,3,0,0,14,47.0,174.27835945180388
2026-09-21 19:10:49,5,5,5,0,0,10,25.0,84.94738181995926
2026-09-21 19:11:01,3,10,2,0,0,12,42.0,149.72787301338454
2026-09-21 19:11:13,4,12,2,1,0,15,57.0,215.03755716766753
2026-09-21 19:11:25,2,4,1,0,0,5,17.0,47.459910976876934
2026-09-21 19:11:38,0,3,0,0,0,3,12.0,28.63553233343869
2026-09-21 19:11:52,0,1,0,1,0,2,11.0,23.08473517534921
2026-09-21 19:12:03,11,3,4,0,1,8,22.0,70.33894070139684
2026-09-21 19:12:16,4,4,6,6,0,16,64.0,245.32565401959783
2026-09-21 19:12:27,6,13,5,0,0,18,57.0,224.8330218124871
2026-09-21 19:12:39,0,13,0,1,0,14,59.0,218.7749618650304
2026-09-21 19:12:51,0,6,0,2,1,9,44.0,145.31374409173802
2026-09-21 19:13:04,8,2,12,1,1,16,33.0,126.49604035385514
2026-09-21 19:13:16,15,17,9,0,1,27,83.0,359.57297434454193
2026-09-21 19:13:33,4,25,5,1,0,31,112.0,500.1624211135694
2026-09-21 19:13:42,16,12,11,0,3,26,77.0,330.77943868233336
2026-09-21 19:13:52,6,21,9,1,1,32,106.0,476.62980151544684
2026-09-21 19:14:04,8,18,6,0,1,25,84.0,357.68010919380447
2026-09-21 19:14:16,11,18,4,0,0,22,76.0,314.29756041061535
2026-09-21 19:14:28,5,19,0,2,2,23,102.0,426.16149069549044
2026-09-21 19:14:41,6,11,5,1,2,19,68.0,271.7097946016714
2026-09-21 19:14:53,10,15,9,0,2,26,81.0,347.96278614635065
2026-09-21 19:15:05,6,18,5,0,3,26,95.0,408.1045022704113
2026-09-21 19:15:21,9,24,10,0,2,36,118.0,544.0883136920185
2026-09-21 19:15:31,3,15,5,0,2,22,77.0,318.4330546265445
2026-09-21 19:15:41,3,13,7,0,2,22,71.0,293.6200893309696
2026-09-21 19:15:53,0,6,0,1,0,7,31.0,95.4626877920749
2026-09-21 19:16:05,0,5,0,0,1,6,26.0,76.59366387543815
2026-09-21 19:16:17,8,3,1,0,0,4,13.0,33.922692861643306
2026-09-21 19:16:30,3,2,2,2,0,6,24.0,70.70184357732752
2026-09-21 19:16:42,0,7,0,1,2,10,47.0,159.70107782152343
2026-09-21 19:16:55,2,7,1,7,1,16,84.0,321.98992090072215
2026-09-21 19:17:06,0,9,1,3,0,13,58.0,211.06532511768498
2026-09-21 19:17:21,10,13,10,0,1,24,68.0,286.8835560910377
2026-09-21 19:17:32,5,27,7,0,0,34,115.0,523.8650270712825
2026-09-21 19:17:43,12,12,9,0,0,21,57.0,233.189419841424
2026-09-21 19:17:55,4,14,2,1,2,19,77.0,307.6713850636573
2026-09-21 19:18:07,7,10,4,1,0,15,51.0,192.40202483422883
2026-09-21 19:18:21,6,20,8,0,1,29,94.0,413.7125538762427
2026-09-21 19:18:33,2,14,4,0,1,19,66.0,263.7183300545634
2026-09-21 19:18:43,4,18,4,1,1,24,89.0,375.4799484132699
2026-09-21 19:18:55,9,21,9,1,1,32,106.0,476.62980151544684
2026-09-21 19:19:07,5,14,4,1,1,20,73.0,295.2501379538098
2026-09-21 19:19:20,3,13,0,1,1,15,65.0,245.21826694558578
2026-09-21 19:19:33,3,10,3,1,2,16,62.0,237.6592273314854
2026-09-21 19:19:46,5,7,1,2,2,12,55.0,196.07221466038453
2026-09-21 19:19:56,1,6,1,0,1,8,31.0,99.11396189742281
2026-09-21 19:20:08,0,4,0,0,0,4,16.0,41.75100659894561
2026-09-21 19:20:21,0,8,0,0,1,9,38.0,125.49823353377374
2026-09-21 19:20:33,4,2,6,1,1,10,27.0,91.743172365556
2026-09-21 19:20:44,3,8,2,1,1,12,47.0,167.5526198006922
2026-09-21 19:20:57,1,6,2,5,0,13,61.0,221.98249710653076
2026-09-21 19:21:12,0,1,0,5,0,6,39.0,114.89049581315723
2026-09-21 19:21:21,1,11,0,2,0,13,58.0,211.06532511768498
2026-09-21 19:21:33,10,4,13,4,0,21,57.0,233.189419841424
2026-09-21 19:21:45,7,24,15,0,0,39,111.0,520.4656194066469
2026-09-21 19:21:57,0,19,0,1,2,22,95.0,392.8719505132692
2026-09-21 19:22:09,1,19,0,0,2,21,88.0,360.01173589553184
2026-09-21 19:22:21,2,13,4,0,1,18,62.0,244.5552167083193
2026-09-21 19:22:37,9,10,7,1,0,18,54.0,212.99970487498777
2026-09-21 19:22:50,0,13,1,1,2,17,72.0,280.1067665685238
2026-09-21 19:23:02,8,11,4,0,0,15,48.0,181.0842586675095
2026-09-21 19:23:10,4,11,9,0,0,20,53.0,214.3596891993414
2026-09-21 19:23:22,3,15,5,0,0,20,65.0,262.89395845202245
2026-09-21 19:23:36,2,7,0,1,1,9,41.0,135.40598881275588
2026-09-21 19:23:48,1,7,0,2,0,9,42.0,138.70857390574992
2026-09-21 19:23:59,1,14,0,4,0,18,84.0,331.332874249981
2026-09-21 19:24:11,4,5,2,1,0,8,29.0,92.71951274275037
2026-09-21 19:24:23,0,3,0,0,0,3,12.0,28.63553233343869
2026-09-21 19:24:35,0,9,0,1,0,10,43.0,146.10949673032994
2026-09-21 19:24:48,2,5,1,0,0,6,21.0,61.864113130161584
2026-09-21 19:25:03,1,10,3,1,0,14,50.0,185.4025100551105
2026-09-21 19:25:11,5,5,3,0,0,8,23.0,73.53616527873305
2026-09-21 19:25:23,0,4,0,3,0,7,37.0,113.93933704215392
2026-09-21 19:25:35,0,4,0,1,0,5,23.0,64.21046779224527
2026-09-21 19:25:48,11,12,11,0,0,23,59.0,246.50517599052878
2026-09-21 19:26:00,7,22,4,0,0,26,92.0,395.2169916723983
2026-09-21 19:26:12,7,21,3,0,1,25,93.0,396.0029780359978
2026-09-21 19:26:24,5,14,3,0,1,18,65.0,256.3885336458186
2026-09-21 19:26:36,0,20,0,0,0,20,80.0,323.5617950178738
2026-09-21 19:26:48,2,19,1,0,0,20,77.0,311.42822770470354
2026-09-21 19:27:00,8,11,5,1,1,18,62.0,244.5552167083193
2026-09-21 19:27:14,4,10,6,1,0,17,53.0,206.18970316849672
2026-09-21 19:27:27,2,12,5,0,0,17,53.0,206.18970316849672
2026-09-21 19:27:40,4,22,3,0,0,25,91.0,387.48678495995483
2026-09-21 19:27:51,4,25,3,0,0,28,103.0,449.8314704886069
2026-09-21 19:28:03,0,15,0,0,1,16,66.0,252.99208070771027
2026-09-21 19:28:15,4,13,5,0,0,18,57.0,224.8330218124871
2026-09-21 19:28:27,0,7,0,0,0,7,28.0,86.2243631670354
2026-09-21 19:28:39,0,0,0,0,0,0,0.0,0.0
2026-09-21 19:28:51,0,2,0,1,0,3,15.0,35.79441541679836
2026-09-21 19:29:03,4,3,0,0,0,3,12.0,28.63553233343869
2026-09-21 19:29:15,3,12,2,3,1,18,77.0,303.7218013958159
2026-09-21 19:29:28,4,9,1,0,2,12,49.0,174.6825185156153
2026-09-21 19:29:40,0,19,0,0,3,22,94.0,388.73645629734006
2026-09-21 19:29:52,4,10,1,0,0,11,41.0,142.881172641308
2026-09-21 19:30:04,15,4,13,0,0,17,29.0,112.82078097898876
2026-09-21 19:30:16,5,18,5,2,3,28,109.0,476.0352454685257
2026-09-21 19:30:28,12,22,3,0,2,27,103.0,446.21706454804604
2026-09-21 19:30:40,14,11,7,3,0,21,72.0,294.5550566417987
2026-09-21 19:30:52,7,16,5,1,1,23,82.0,342.6004140885315
2026-09-21 19:31:05,0,22,0,3,0,25,109.0,464.1325226443415
2026-09-21 19:31:18,3,19,1,1,3,24,102.0,430.3253341365565
2026-09-21 19:31:30,7,16,7,1,0,24,78.0,329.0723143397197
2026-09-21 19:31:44,1,14,3,0,0,17,59.0,229.53193371587372
2026-09-21 19:31:56,1,18,1,0,0,19,73.0,291.68845596944135
2026-09-21 19:32:08,1,15,4,0,0,19,64.0,255.72686550745541
2026-09-21 19:32:22,6,5,3,0,0,8,23.0,73.53616527873305
2026-09-21 19:32:34,4,5,2,0,0,7,22.0,67.74771391695639
2026-09-21 19:32:48,0,5,0,0,1,6,26.0,76.59366387543815
2026-09-21 19:33:02,0,3,0,0,0,3,12.0,28.63553233343869
2026-09-21 19:33:14,5,1,2,0,0,3,6.0,14.317766166719345
2026-09-21 19:33:26,1,8,1,1,2,12,52.0,185.37736658799992
2026-09-21 19:33:38,9,6,7,1,2,16,50.0,191.6606672028108
2026-09-21 19:33:50,0,12,0,1,0,13,55.0,200.14815312883923
2026-09-21 19:34:02,0,7,1,1,0,9,36.0,118.89306334778566
2026-09-21 19:34:14,15,13,7,1,0,21,66.0,270.00880192164885
2026-09-21 19:34:28,4,21,4,1,1,27,101.0,437.5526555276956
2026-09-21 19:34:39,2,23,1,2,4,30,131.0,580.8523237875542
2026-09-21 19:34:51,6,25,4,1,1,31,117.0,522.491100627568
2026-09-21 19:35:03,7,20,0,1,0,21,87.0,355.9206934421735
2026-09-21 19:35:15,6,22,1,3,3,29,128.0,563.353264852756
2026-09-21 19:35:27,6,15,0,3,0,18,81.0,319.49955731248167
2026-09-21 19:35:39,7,11,3,1,0,15,54.0,203.7197910009482
2026-09-21 19:35:51,3,8,5,0,0,13,37.0,134.64512119576457
2026-09-21 19:36:03,0,8,0,0,0,8,32.0,102.31118647475903
2026-09-21 19:36:15,5,2,1,0,0,3,9.0,21.476649250079017
2026-09-21 19:36:28,4,4,4,0,0,8,20.0,63.94449154672439
2026-09-21 19:36:40,0,8,0,1,0,9,39.0,128.80081862676778
2026-09-21 19:36:52,1,7,4,2,2,15,58.0,218.81014588990732
2026-09-21 19:37:04,11,11,10,3,0,24,75.0,316.41568686511505
2026-09-21 19:37:16,2,25,0,0,2,27,112.0,485.2069051396229
2026-09-21 19:37:28,14,23,2,0,2,27,106.0,459.21367807857166
2026-09-21 19:37:40,6,24,0,0,1,25,102.0,434.32584687819116
2026-09-21 19:37:52,3,18,1,1,2,22,92.0,380.46546786548174
2026-09-21 19:38:05,6,22,4,0,0,26,92.0,395.2169916723983
2026-09-21 19:38:19,7,13,5,0,0,18,57.0,224.8330218124871
2026-09-21 19:38:29,6,10,5,0,0,15,45.0,169.76649250079015
2026-09-21 19:38:41,4,4,4,0,0,8,20.0,63.94449154672439
2026-09-21 19:38:53,0,3,0,1,0,4,19.0,49.57932033624791
2026-09-21 19:39:05,0,1,0,0,0,1,4.0,6.772588722239782
2026-09-21 19:39:17,3,3,2,2,1,8,34.0,108.70563562943147
2026-09-21 19:39:29,7,5,6,6,1,18,74.0,291.88848445831655
2026-09-21 19:39:42,3,4,1,1,0,6,24.0,70.70184357732752
2026-09-21 19:39:54,13,7,11,3,0,21,60.0,245.46254720149898
2026-09-21 19:40:06,10,21,8,0,0,29,92.0,404.91015911291834
2026-09-21 19:40:18,1,24,1,0,0,25,97.0,413.03536418808375
2026-09-21 19:40:31,6,30,1,0,0,31,121.0,540.354044238767
2026-09-21 19:40:43,3,28,3,0,0,31,115.0,513.5596288219687
2026-09-21 19:40:56,5,21,4,1,0,26,95.0,408.1045022704113
2026-09-21 19:41:08,9,20,4,1,0,25,91.0,387.48678495995483
2026-09-21 19:41:20,9,14,5,0,0,19,61.0,243.73966868679344
2026-09-21 19:41:32,11,10,7,1,2,20,66.0,266.9384808897459
2026-09-21 19:41:45,0,7,0,0,1,8,34.0,108.70563562943147
2026-09-21 19:42:01,0,1,0,0,0,1,4.0,6.772588722239782
2026-09-21 19:42:12,1,5,0,4,2,11,60.0,209.09439898728002
2026-09-21 19:42:22,0,9,2,0,1,12,44.0,156.85777172830763
2026-09-21 19:42:32,0,11,0,2,0,13,58.0,211.06532511768498
2026-09-21 19:42:47,12,4,14,1,0,19,37.0,147.84209412149767
2026-09-21 19:42:58,4,19,4,2,1,26,100.0,429.5836866004329
2026-09-21 19:43:10,3,23,5,0,2,30,109.0,483.30460528888096
2026-09-21 19:43:22,3,18,3,0,0,21,75.0,306.8281840018737
2026-09-21 19:43:35,3,18,3,1,2,24,94.0,396.5743275376109
2026-09-21 19:43:48,3,13,6,0,0,19,58.0,231.75247186613146
2026-09-21 19:44:00,5,12,8,0,0,20,56.0,226.49325651251166
2026-09-21 19:44:12,4,13,6,0,2,21,70.0,286.3729717350821
2026-09-21 19:44:24,0,10,0,0,0,10,40.0,135.91581091193484
2026-09-21 19:44:36,0,1,0,0,0,1,4.0,6.772588722239782
2026-09-21 19:44:48,0,2,0,0,0,2,8.0,16.78889830934488
2026-09-21 19:45:01,0,2,1,0,0,3,9.0,21.476649250079017
2026-09-21 19:45:12,2,9,2,0,0,11,38.0,132.426452691944
2026-09-21 19:45:25,0,10,0,2,1,13,60.0,218.34343977691552
2026-09-21 19:45:37,22,10,19,0,0,29,59.0,259.6706455180672
2026-09-21 19:45:49,2,19,2,1,1,23,91.0,380.202898561663
2026-09-21 19:46:03,1,28,1,0,0,29,113.0,497.33530412782363
2026-09-21 19:46:15,7,8,4,0,0,12,36.0,128.33817686861534
2026-09-21 19:46:27,4,8,3,0,0,11,35.0,121.97173274258002
2026-09-21 19:46:39,1,12,2,2,1,17,70.0,272.3260230527315
2026-09-21 19:46:52,2,4,3,0,0,7,19.0,58.50938929191688
2026-09-21 19:47:03,2,5,4,0,0,9,24.0,79.2620422318571
2026-09-21 19:47:15,2,7,1,0,0,8,29.0,92.71951274275037
2026-09-21 19:47:28,0,1,0,0,0,1,4.0,6.772588722239782
2026-09-21 19:47:40,1,1,0,0,0,1,4.0,6.772588722239782
2026-09-21 19:47:53,3,4,0,0,0,4,16.0,41.75100659894561
2026-09-21 19:48:04,3,11,2,1,0,14,53.0,196.52666065841714
2026-09-21 19:48:16,5,8,2,1,0,11,41.0,142.881172641308
2026-09-21 19:48:28,8,12,11,0,1,24,65.0,274.22692861643304
2026-09-21 19:48:40,7,10,6,1,3,20,71.0,287.161093078363
2026-09-21 19:48:52,6,19,3,2,0,24,93.0,392.3554517127427
2026-09-21 19:49:05,6,13,12,0,0,25,64.0,272.5181784333748
2026-09-21 19:49:17,1,16,1,1,1,19,78.0,311.66711733721127
2026-09-21 19:49:29,5,8,3,0,0,11,35.0,121.97173274258002
2026-09-21 19:49:42,7,4,8,1,1,14,37.0,137.19785744078177
2026-09-21 19:49:53,5,6,7,0,0,13,31.0,112.81077721807301
2026-09-21 19:50:05,9,9,6,0,0,15,42.0,158.4487263340708
2026-09-21 19:50:19,0,7,0,0,0,7,28.0,86.2243631670354
2026-09-21 19:50:33,1,0,0,0,0,0,0.0,0.0
2026-09-21 19:50:41,1,3,2,0,0,5,14.0,39.08463256919277
2026-09-21 19:50:54,0,6,4,0,0,10,28.0,95.14106763835437
2026-09-21 19:51:06,1,11,0,3,1,15,71.0,267.8537992790245
2026-09-21 19:51:18,0,10,0,0,0,10,40.0,135.91581091193484
2026-09-21 19:51:30,10,11,11,2,2,26,81.0,347.96278614635065
2026-09-21 19:51:42,17,22,9,0,0,31,97.0,433.1763825715735
2026-09-21 19:51:54,10,20,4,0,0,24,84.0,354.3855692889289
2026-09-21 19:52:08,11,20,7,0,0,27,87.0,376.90179238524274
2026-09-21 19:52:21,5,25,3,0,0,28,103.0,449.8314704886069
2026-09-21 19:52:32,6,15,2,0,1,18,68.0,268.2218505833179
2026-09-21 19:52:44,2,19,2,0,0,21,78.0,319.10131136194866
2026-09-21 19:53:00,7,12,4,0,0,16,52.0,199.32709389092324
2026-09-21 19:53:10,3,7,0,1,0,8,35.0,111.90286020676768
2026-09-21 19:53:22,0,2,0,0,0,2,8.0,16.78889830934488
2026-09-21 19:53:39,3,6,3,1,0,10,34.0,115.5284392751446
2026-09-21 19:53:48,4,9,7,1,0,17,50.0,194.51858789480823
2026-09-21 19:54:00,0,9,0,2,0,11,50.0,174.24533248940003
2026-09-21 19:54:12,6,9,4,3,0,16,61.0,233.82601398742918
2026-09-21 19:54:25,6,13,7,0,1,21,65.0,265.91775946829057
2026-09-21 19:54:36,1,17,3,0,0,20,71.0,287.161093078363
2026-09-21 19:54:49,4,17,4,3,4,28,117.0,510.9736121084175
2026-09-21 19:55:02,12,18,9,0,0,27,81.0,350.90856532419156
2026-09-21 19:55:13,2,11,2,0,0,13,46.0,167.3966371623019
2026-09-21 19:55:25,4,8,1,0,1,10,39.0,132.51791563913645
2026-09-21 19:55:37,2,9,1,0,0,10,37.0,125.72212509353972
2026-09-21 19:55:49,3,12,5,0,0,17,53.0,206.18970316849672
2026-09-21 19:56:01,0,3,0,0,0,3,12.0,28.63553233343869
2026-09-21 19:56:13,0,0,0,0,0,0,0.0,0.0
2026-09-21 19:56:26,7,2,1,1,0,4,16.0,41.75100659894561
2026-09-21 19:56:38,0,10,1,4,0,15,69.0,260.3086218345449
2026-09-21 19:56:51,2,7,6,1,0,14,41.0,152.03005824519062
2026-09-21 19:57:05,2,10,2,0,0,12,42.0,149.72787301338454
2026-09-21 19:57:14,6,15,12,1,0,28,79.0,345.0163705689315
2026-09-21 19:57:26,7,17,10,1,1,29,91.0,400.5089617312562
2026-09-21 19:57:43,14,21,9,0,0,30,93.0,412.3608100171186
2026-09-21 19:57:50,9,13,4,0,0,17,56.0,217.8608184421852
2026-09-21 19:58:07,7,10,5,0,1,16,51.0,195.49388054686702
2026-09-21 19:58:15,2,7,4,0,0,11,32.0,111.51701279321601
2026-09-21 19:58:27,1,6,2,0,0,8,26.0,83.12783901074171
2026-09-21 19:58:40,0,8,0,1,2,11,51.0,177.73023913918803
2026-09-21 19:58:51,0,4,0,0,1,5,22.0,61.418708323017206
2026-09-21 19:59:06,0,1,0,0,0,1,4.0,6.772588722239782
2026-09-21 19:59:18,4,2,1,0,0,3,9.0,21.476649250079017
2026-09-21 19:59:29,0,2,1,1,1,5,22.0,61.418708323017206
2026-09-21 19:59:41,2,3,2,0,1,6,20.0,58.91820298110627
2026-09-21 19:59:53,11,4,6,1,0,11,29.0,101.062292843852
2026-09-21 20:00:05,7,16,7,0,0,23,71.0,296.64182195470414
2026-09-21 20:00:18,1,20,4,0,2,26,96.0,412.4003391364156
2026-09-21 20:00:31,0,22,1,0,0,23,89.0,371.8467909009671
2026-09-21 20:00:43,9,19,9,0,0,28,85.0,371.2201455488503
2026-09-21 20:00:59,2,13,5,1,0,19,64.0,255.72686550745541
2026-09-21 20:01:12,1,19,5,0,1,25,87.0,370.4543988078689
2026-09-21 20:01:19,2,9,1,0,0,10,37.0,125.72212509353972
2026-09-21 20:01:31,0,10,1,1,0,12,48.0,171.11756915815377
2026-09-21 20:01:43,0,5,0,1,1,7,33.0,101.62157087543459
2026-09-21 20:01:55,0,9,0,0,0,9,36.0,118.89306334778566
2026-09-21 20:02:07,5,3,1,0,0,4,13.0,33.922692861643306
2026-09-21 20:02:20,8,8,6,0,0,14,38.0,140.90590764188397
2026-09-21 20:02:35,0,13,0,1,0,14,59.0,218.7749618650304
2026-09-21 20:02:49,0,10,0,0,0,10,40.0,135.91581091193484
2026-09-21 20:02:56,6,14,8,0,0,22,64.0,264.6716298194656
2026-09-21 20:03:08,6,16,9,0,0,25,73.0,310.84104727556814
2026-09-21 20:03:22,9,11,10,0,0,21,54.0,220.91629248134907
2026-09-21 20:03:37,3,6,5,0,0,11,29.0,101.062292843852
2026-09-21 20:03:48,4,7,6,0,0,13,34.0,123.72794920691878
2026-09-21 20:03:57,2,13,1,0,0,14,53.0,196.52666065841714
2026-09-21 20:04:10,0,11,2,0,0,13,46.0,167.3966371623019
2026-09-21 20:04:23,0,7,2,0,0,9,30.0,99.07755278982138
2026-09-21 20:04:35,0,11,0,0,0,11,44.0,153.33589259067202
2026-09-21 20:04:50,0,0,0,0,0,0,0.0,0.0
2026-09-21 20:05:02,0,0,1,0,0,1,1.0,1.6931471805599454
2026-09-21 20:05:11,1,2,2,3,0,7,31.0,95.4626877920749
2026-09-21 20:05:25,0,13,1,0,0,14,53.0,196.52666065841714
2026-09-21 20:05:38,1,8,1,1,0,10,40.0,135.91581091193484
2026-09-21 20:05:49,8,13,6,2,2,23,84.0,350.9565217492274
2026-09-21 20:06:02,8,20,3,3,0,26,104.0,446.76703406445023
2026-09-21 20:06:13,6,25,5,0,1,31,111.0,495.6966852107697
2026-09-21 20:06:27,7,24,5,0,0,29,101.0,444.52093554787774
2026-09-21 20:06:39,4,17,0,4,0,21,96.0,392.74007552239834
2026-09-21 20:06:54,10,22,6,0,0,28,94.0,410.52580801872864
2026-09-21 20:07:03,4,8,4,0,1,13,42.0,152.84040784384086
2026-09-21 20:07:17,4,8,6,0,1,15,44.0,165.99390377855036
2026-09-21 20:07:34,1,6,0,0,0,6,24.0,70.70184357732752
2026-09-21 20:07:41,0,4,0,0,0,4,16.0,41.75100659894561
2026-09-21 20:07:54,5,3,3,1,0,7,22.0,67.74771391695639
2026-09-21 20:08:08,4,5,2,0,0,7,22.0,67.74771391695639
2026-09-21 20:08:20,4,4,3,1,0,8,26.0,83.12783901074171
2026-09-21 20:08:31,13,10,9,0,0,19,49.0,195.79088140414555
2026-09-21 20:08:44,5,17,6,0,0,23,74.0,309.17598344574793
2026-09-21 20:08:58,4,24,2,0,0,26,98.0,420.99201286842424
2026-09-21 20:09:10,10,18,5,0,1,24,83.0,350.1666934640607
2026-09-21 20:09:22,4,19,4,0,1,24,86.0,362.8233209386653
2026-09-21 20:09:38,1,10,0,0,1,11,46.0,160.30570589024802
2026-09-21 20:09:50,1,9,4,0,1,14,46.0,170.57030925070165
2026-09-21 20:10:01,2,2,1,1,1,5,22.0,61.418708323017206
2026-09-21 20:10:14,1,7,1,0,0,8,29.0,92.71951274275037
2026-09-21 20:10:26,1,7,0,0,0,7,28.0,86.2243631670354
2026-09-21 20:10:38,1,2,0,0,0,2,8.0,16.78889830934488
2026-09-21 20:10:50,0,6,1,4,0,11,53.0,184.70005243876403
2026-09-21 20:11:02,1,6,2,1,2,11,45.0,156.82079924046002
2026-09-21 20:11:14,3,10,4,1,1,16,57.0,218.49316061120433
2026-09-21 20:11:26,0,11,0,2,0,13,58.0,211.06532511768498
2026-09-21 20:11:38,9,9,16,0,2,27,64.0,277.2610886512131
2026-09-21 20:11:51,6,23,6,0,1,30,104.0,461.1346692664552
2026-09-21 20:12:03,18,14,9,0,0,23,65.0,271.57349897261645
2026-09-21 20:12:15,4,20,8,0,1,29,94.0,413.7125538762427
2026-09-21 20:12:29,2,21,2,0,1,24,92.0,388.13657588787447
2026-09-21 20:12:41,7,21,7,0,3,31,109.0,486.76521340517024
2026-09-21 20:12:53,3,19,5,0,1,25,87.0,370.4543988078689
2026-09-21 20:13:05,8,13,8,0,0,21,60.0,245.46254720149898
2026-09-21 20:13:17,3,10,4,0,0,14,44.0,163.15420884849723
2026-09-21 20:13:29,0,8,0,0,0,8,32.0,102.31118647475903
2026-09-21 20:13:41,0,3,1,0,0,4,13.0,33.922692861643306
2026-09-21 20:13:53,4,1,2,5,0,8,41.0,131.086207670785
2026-09-21 20:14:07,0,10,2,0,1,13,48.0,174.6747518215324
2026-09-21 20:14:19,1,12,3,0,0,15,51.0,192.40202483422883
2026-09-21 20:14:31,6,7,9,1,1,18,50.0,197.221948958322
2026-09-21 20:14:43,2,20,2,0,2,24,94.0,396.5743275376109
2026-09-21 20:14:55,3,22,4,2,0,28,106.0,462.9333579785663
2026-09-21 20:15:08,6,19,7,0,0,26,83.0,356.5544598783593
2026-09-21 20:15:20,3,13,1,2,0,16,67.0,256.8252940517665
2026-09-21 20:15:33,1,14,2,0,5,21,88.0,360.01173589553184
2026-09-21 20:15:45,4,15,3,1,1,20,76.0,307.3837052669801
2026-09-21 20:15:58,7,7,8,0,0,15,36.0,135.8131940006321
2026-09-21 20:16:11,1,4,0,0,2,6,28.0,82.48548417354877
2026-09-21 20:16:23,1,0,0,0,0,0,0.0,0.0
2026-09-21 20:16:35,3,1,1,0,0,2,5.0,10.493061443340551
2026-09-21 20:16:47,2,4,0,1,0,5,23.0,64.21046779224527
2026-09-21 20:16:59,2,5,4,0,0,9,24.0,79.2620422318571
2026-09-21 20:17:11,0,4,0,0,0,4,16.0,41.75100659894561
2026-09-21 20:17:23,3,14,7,1,0,22,70.0,289.48459511504046
2026-09-21 20:17:37,4,21,3,0,0,24,87.0,367.04219676353347
2026-09-21 20:17:49,5,18,8,0,0,26,80.0,343.66694928034633
2026-09-21 20:18:02,8,16,10,1,2,29,93.0,409.3113564945805
2026-09-21 20:18:14,9,22,10,0,1,33,104.0,470.7414945600808
2026-09-21 20:18:26,14,13,7,0,1,21,65.0,265.91775946829057
2026-09-21 20:18:38,9,11,12,0,0,23,56.0,233.97101449948494
2026-09-21 20:18:50,2,11,1,0,0,12,45.0,160.42272108576915
2026-09-21 20:19:02,0,4,3,0,0,7,19.0,58.50938929191688
2026-09-21 20:19:14,0,2,0,0,1,3,14.0,33.40812105567847
2026-09-21 20:19:26,2,0,0,0,0,0,0.0,0.0
2026-09-21 20:19:38,4,6,6,0,0,12,30.0,106.9484807238461
2026-09-21 20:19:51,3,8,4,1,0,13,43.0,156.4794651734561
2026-09-21 20:20:06,0,3,0,1,1,5,25.0,69.79398673070138
2026-09-21 20:20:16,10,8,11,0,0,19,43.0,171.8164877628216
2026-09-21 20:20:28,8,19,4,1,5,29,117.0,514.9400936544722
2026-09-21 20:20:40,3,20,6,1,3,30,111.0,492.17257969785123
2026-09-21 20:20:52,2,25,3,0,3,31,121.0,540.354044238767
2026-09-21 20:21:04,2,12,3,0,1,16,57.0,218.49316061120433
2026-09-21 20:21:16,1,14,1,1,0,16,64.0,245.32565401959783
2026-09-21 20:21:28,2,10,2,0,0,12,42.0,149.72787301338454
2026-09-21 20:21:41,3,3,2,0,4,9,38.0,125.49823353377374
2026-09-21 20:21:53,1,3,0,0,2,5,24.0,67.00222726147332
2026-09-21 20:22:05,0,3,0,0,2,5,24.0,67.00222726147332
2026-09-21 20:22:17,1,1,0,0,0,1,4.0,6.772588722239782
2026-09-21 20:22:29,4,3,2,2,0,7,28.0,86.2243631670354
2026-09-21 20:22:41,2,2,0,2,0,4,22.0,57.40763407355021
2026-09-21 20:22:53,2,8,5,1,0,14,44.0,163.15420884849723
2026-09-21 20:23:05,19,8,14,0,1,23,52.0,217.25879917809317
2026-09-21 20:23:18,11,14,11,0,2,27,79.0,342.2441563038411
2026-09-21 20:23:30,3,11,6,1,1,19,63.0,251.73113323390143
2026-09-21 20:23:42,1,15,0,0,2,17,72.0,280.1067665685238
2026-09-21 20:23:54,0,6,0,0,6,12,60.0,213.8969614476922
2026-09-21 20:24:06,1,14,3,0,2,19,71.0,283.6969914223333
2026-09-21 20:24:18,2,9,3,0,1,13,45.0,163.75757983268662
2026-09-21 20:24:30,5,11,6,0,1,18,56.0,220.88858283332064
2026-09-21 20:24:42,1,7,0,0,0,7,28.0,86.2243631670354
2026-09-21 20:24:55,0,1,0,0,1,2,10.0,20.986122886681102
2026-09-21 20:25:07,2,0,0,0,0,0,0.0,0.0
2026-09-21 20:25:19,2,1,2,2,0,5,20.0,55.8351893845611
2026-09-21 20:25:31,0,3,0,0,0,3,12.0,28.63553233343869
2026-09-21 20:25:43,0,4,3,4,0,11,47.0,163.79061254003602
2026-09-21 20:25:55,12,9,15,1,2,27,70.0,303.2543157122643
2026-09-21 20:26:07,5,21,5,1,3,30,114.0,505.47454131130667
2026-09-21 20:26:19,6,20,4,0,2,26,96.0,412.4003391364156
2026-09-21 20:26:33,3,18,2,0,1,21,80.0,327.2833962686653
2026-09-21 20:26:46,1,20,1,0,4,25,105.0,447.10013649225556
2026-09-21 20:26:58,2,18,2,0,0,20,74.0,299.2946603915333
2026-09-21 20:27:11,2,11,1,0,0,12,45.0,160.42272108576915
2026-09-21 20:27:23,3,3,5,0,0,8,17.0,54.352817814715735
2026-09-21 20:27:35,0,0,3,0,0,3,3.0,7.158883083359672
2026-09-21 20:27:47,0,3,0,0,0,3,12.0,28.63553233343869
2026-09-21 20:27:59,1,0,0,0,0,0,0.0,0.0
2026-09-21 20:28:12,1,10,2,0,0,12,42.0,149.72787301338454
2026-09-21 20:28:24,0,10,2,3,3,18,81.0,319.49955731248167
2026-09-21 20:28:36,2,12,3,0,2,17,63.0,245.09342074745837
2026-09-21 20:28:48,19,6,19,0,1,26,49.0,210.49600643421212
2026-09-21 20:29:00,8,14,6,0,1,21,68.0,278.1908868283655
2026-09-21 20:29:14,2,19,2,2,4,27,116.0,502.5357231803237
2026-09-21 20:29:25,3,20,2,1,2,25,101.0,430.06775034016965
2026-09-21 20:29:37,8,8,3,0,5,16,65.0,249.15886736365405
2026-09-21 20:29:49,1,14,1,0,4,19,81.0,323.6543141578733
2026-09-21 20:30:02,0,3,0,0,0,3,12.0,28.63553233343869
2026-09-21 20:30:13,0,4,2,1,0,7,25.0,76.9860385419959
2026-09-21 20:30:25,0,8,0,1,1,10,45.0,152.90528727592667
2026-09-21 20:30:37,0,0,0,0,0,0,0.0,0.0
2026-09-21 20:30:49,2,0,0,0,0,0,0.0,0.0
2026-09-21 20:31:03,1,5,1,0,0,6,21.0,61.864113130161584
2026-09-21 20:31:15,0,8,0,0,1,9,38.0,125.49823353377374
2026-09-21 20:31:26,0,8,1,2,1,12,53.0,188.94231594546144
2026-09-21 20:31:38,16,11,6,0,0,17,50.0,194.51858789480823
2026-09-21 20:31:50,3,15,3,0,2,20,75.0,303.3391828292567
2026-09-21 20:32:02,7,14,5,1,1,21,74.0,302.7371415485154
2026-09-21 20:32:17,6,14,3,1,2,20,78.0,315.47275014242695
2026-09-21 20:32:29,2,7,1,0,2,10,41.0,139.3137061847332
2026-09-21 20:32:41,1,3,0,0,2,5,24.0,67.00222726147332
2026-09-21 20:32:53,1,1,0,0,0,1,4.0,6.772588722239782
2026-09-21 20:33:05,1,9,0,0,1,10,42.0,142.71160145753157
2026-09-21 20:33:17,1,10,1,1,1,13,54.0,196.50909579922396
2026-09-21 20:33:29,1,7,1,0,0,8,29.0,92.71951274275037
2026-09-21 20:33:41,10,11,11,0,3,25,73.0,310.84104727556814
2026-09-21 20:33:53,7,14,5,1,2,22,80.0,330.839537274332
2026-09-21 20:34:05,1,10,1,0,0,11,41.0,142.881172641308
2026-09-21 20:34:18,3,8,4,0,2,14,48.0,177.98640965290608
2026-09-21 20:34:30,9,6,5,0,0,11,29.0,101.062292843852
2026-09-21 20:34:42,0,6,0,0,0,6,24.0,70.70184357732752
2026-09-21 20:34:54,5,4,2,0,0,6,18.0,53.026382682995646
2026-09-21 20:35:06,2,8,2,1,0,11,41.0,142.881172641308
2026-09-21 20:35:18,1,6,2,0,4,12,50.0,178.24746787307683
2026-09-21 20:35:30,4,11,11,1,0,23,62.0,259.0393374815726
2026-09-21 20:35:43,5,12,7,0,1,20,61.0,246.71586870112878
2026-09-21 20:35:55,5,10,5,0,2,17,57.0,221.75119020008137
2026-09-21 20:36:07,1,12,2,6,2,22,104.0,430.09139845663157
2026-09-21 20:36:19,6,6,6,1,1,14,43.0,159.44615864739504
2026-09-21 20:36:31,0,5,0,0,1,6,26.0,76.59366387543815
2026-09-21 20:36:45,0,7,0,1,0,8,35.0,111.90286020676768
2026-09-21 20:36:57,2,2,0,3,0,5,29.0,80.9610246076136
2026-09-21 20:37:09,0,6,1,2,1,10,45.0,152.90528727592667
2026-09-21 20:37:21,1,8,1,0,0,9,33.0,108.98530806880352
2026-09-21 20:37:33,11,11,10,0,2,23,66.0,275.7515528029644
2026-09-21 20:37:45,8,14,7,0,0,21,63.0,257.7356745615739
2026-09-21 20:37:57,3,17,3,0,2,22,83.0,343.24601992211944
2026-09-21 20:38:09,6,15,3,0,1,19,69.0,275.70552687522536
2026-09-21 20:38:22,2,11,1,2,2,16,71.0,272.15814742799137
2026-09-21 20:38:36,0,8,0,0,0,8,32.0,102.31118647475903
2026-09-21 20:38:46,4,0,0,0,0,0,0.0,0.0
2026-09-21 20:38:58,2,4,5,0,0,9,21.0,69.35428695287496
2026-09-21 20:39:10,4,9,1,0,1,11,43.0,149.85098594088402
2026-09-21 20:39:22,10,9,18,1,0,28,61.0,266.40504562917494
2026-09-21 20:39:35,4,16,4,0,0,20,68.0,275.02752576519276
2026-09-21 20:39:47,5,18,6,0,0,24,78.0,329.0723143397197
2026-09-21 20:39:59,3,14,4,0,2,20,72.0,291.2056155160864
2026-09-21 20:40:11,3,17,6,0,1,24,80.0,337.51006598945605
2026-09-21 20:40:23,1,9,1,0,0,10,37.0,125.72212509353972
2026-09-21 20:40:36,0,4,0,0,1,5,22.0,61.418708323017206
2026-09-21 20:40:47,2,6,1,2,1,10,45.0,152.90528727592667
2026-09-21 20:40:59,6,10,6,2,0,18,60.0,236.6663387499864
2026-09-21 20:41:11,0,4,0,0,1,5,22.0,61.418708323017206
2026-09-21 20:41:24,5,12,4,1,0,17,59.0,229.53193371587372
2026-09-21 20:41:40,5,11,7,0,0,18,51.0,201.16638793748845
2026-09-21 20:41:51,2,19,1,2,1,23,97.0,405.2712215437507
2026-09-21 20:42:03,2,9,2,0,0,11,38.0,132.426452691944
2026-09-21 20:42:15,1,11,2,0,0,13,46.0,167.3966371623019
2026-09-21 20:42:28,0,5,0,0,0,5,20.0,55.8351893845611
2026-09-21 20:42:40,0,0,2,1,0,3,9.0,21.476649250079017
2026-09-21 20:42:52,4,8,4,0,1,13,42.0,152.84040784384086
2026-09-21 20:43:05,1,8,0,2,0,10,46.0,156.30318254872506
2026-09-21 20:43:16,13,7,16,1,0,24,51.0,215.16266706827824
2026-09-21 20:43:29,2,10,3,1,1,15,56.0,211.26496844542774
2026-09-21 20:43:40,4,16,5,2,2,25,95.0,404.51917111204074
2026-09-21 20:43:53,1,18,2,0,4,24,98.0,413.4498308370837
2026-09-21 20:44:04,0,12,0,1,2,15,67.0,252.76344439006533
2026-09-21 20:44:17,0,7,2,0,1,10,36.0,122.32422982074135
2026-09-21 20:44:29,0,9,0,0,1,10,42.0,142.71160145753157
2026-09-21 20:44:41,4,3,1,0,0,4,13.0,33.922692861643306
2026-09-21 20:44:53,0,8,1,0,0,9,33.0,108.98530806880352
2026-09-21 20:45:05,2,10,2,0,1,13,48.0,174.6747518215324
2026-09-21 20:45:17,4,13,8,0,1,22,66.0,272.9426182513239
2026-09-21 20:45:29,2,16,5,0,2,23,81.0,338.4223602581836
2026-09-21 20:45:41,7,13,3,2,1,19,75.0,299.6799205165493
2026-09-21 20:45:54,5,9,0,2,2,13,62.0,225.62155443614603
2026-09-21 20:46:06,7,8,6,0,1,15,44.0,165.99390377855036
2026-09-21 20:46:18,1,3,1,0,1,5,19.0,53.04342991533304
2026-09-21 20:46:32,8,1,2,0,0,3,6.0,14.317766166719345
2026-09-21 20:46:44,2,6,0,4,1,11,58.0,202.124585687704
2026-09-21 20:46:56,0,6,0,1,1,8,37.0,118.29730936144013
2026-09-21 20:47:08,13,14,13,0,1,28,75.0,327.5471872489856
2026-09-21 20:47:20,5,19,4,1,1,25,93.0,396.0029780359978
2026-09-21 20:47:32,5,10,4,2,2,18,70.0,276.1107285416508
2026-09-21 20:47:44,0,15,3,0,0,18,63.0,248.49965568748573
2026-09-21 20:47:57,4,10,3,0,0,13,43.0,156.4794651734561
2026-09-21 20:48:09,2,4,1,0,0,5,17.0,47.459910976876934
2026-09-21 20:48:23,0,4,0,1,0,5,23.0,64.21046779224527
2026-09-21 20:48:35,1,6,1,1,1,9,38.0,125.49823353377374
2026-09-21 20:48:47,0,13,0,1,2,16,71.0,272.15814742799137
2026-09-21 20:48:59,2,12,5,0,2,19,65.0,259.7225977810094
2026-09-21 20:49:11,1,6,0,0,0,6,24.0,70.70184357732752
2026-09-21 20:49:23,1,4,0,0,0,4,16.0,41.75100659894561
2026-09-21 20:49:35,2,3,0,0,0,3,12.0,28.63553233343869
2026-09-21 20:49:49,0,2,0,0,1,3,14.0,33.40812105567847
2026-09-21 20:49:59,1,2,0,0,0,2,8.0,16.78889830934488
2026-09-21 20:50:12,1,1,0,0,0,1,4.0,6.772588722239782
2026-09-21 20:50:24,2,0,0,0,0,0,0.0,0.0
2026-09-21 20:50:37,5,2,2,0,0,4,10.0,26.094379124341003
2026-09-21 20:50:48,2,5,2,0,0,7,22.0,67.74771391695639
2026-09-21 20:51:01,13,4,13,0,0,17,29.0,112.82078097898876
2026-09-21 20:51:13,14,14,18,1,0,33,81.0,366.6352024939091
2026-09-21 20:51:25,8,19,2,1,1,23,91.0,380.202898561663
2026-09-21 20:51:37,6,16,5,0,0,21,69.0,282.2819292817238
2026-09-21 20:51:49,3,21,5,0,1,27,95.0,411.5594284666444
2026-09-21 20:52:03,5,17,4,1,1,23,85.0,355.13457557957537
2026-09-21 20:52:14,0,9,0,0,2,11,48.0,167.27551918982402
2026-09-21 20:52:25,4,1,1,1,1,4,18.0,46.96988242381381
2026-09-21 20:52:38,0,4,0,1,0,5,23.0,64.21046779224527
2026-09-21 20:52:50,1,9,2,2,0,13,52.0,189.23098113999345
2026-09-21 20:53:02,1,18,4,0,2,24,88.0,371.2610725884017
2026-09-21 20:53:14,5,24,3,1,0,28,106.0,462.9333579785663
2026-09-21 20:53:26,3,23,1,1,2,27,112.0,485.2069051396229
2026-09-21 20:53:39,4,18,2,1,1,22,87.0,359.787996785836
2026-09-21 20:53:51,0,12,0,0,0,12,48.0,171.11756915815377
2026-09-21 20:54:03,0,7,0,1,0,8,35.0,111.90286020676768
2026-09-21 20:54:15,2,0,1,0,0,1,1.0,1.6931471805599454
2026-09-21 20:54:27,3,6,4,3,1,14,55.0,203.94276106062156
2026-09-21 20:54:39,0,10,0,0,0,10,40.0,135.91581091193484
2026-09-21 20:54:52,18,4,19,0,0,23,35.0,146.2318840621781
2026-09-21 20:55:05,2,17,2,0,1,20,76.0,307.3837052669801
2026-09-21 20:55:17,2,11,4,0,1,16,54.0,206.99352057903567
2026-09-21 20:55:29,0,7,2,0,1,10,36.0,122.32422982074135
2026-09-21 20:55:41,2,12,2,1,2,17,69.0,268.43565129483534
2026-09-21 20:55:53,3,8,1,0,0,9,33.0,108.98530806880352
2026-09-21 20:56:06,0,0,0,0,0,0,0.0,0.0
2026-09-21 20:56:17,2,3,5,5,0,13,52.0,189.23098113999345
2026-09-21 20:56:29,6,6,2,4,0,12,54.0,192.50726530292297
2026-09-21 20:56:41,9,3,7,3,1,14,46.0,170.57030925070165
2026-09-21 20:56:54,0,20,2,2,0,24,96.0,405.0120791873473
2026-09-21 20:57:06,9,15,6,0,0,21,66.0,270.00880192164885
2026-09-21 20:57:19,3,19,5,0,0,24,81.0,341.7289418143243
2026-09-21 20:57:30,2,12,1,1,1,15,62.0,233.90050077886644
2026-09-21 20:57:42,9,11,10,0,2,23,66.0,275.7515528029644
2026-09-21 20:57:54,0,5,0,0,0,5,20.0,55.8351893845611
2026-09-21 20:58:06,6,3,1,0,0,4,13.0,33.922692861643306
2026-09-21 20:58:19,1,10,4,1,1,16,57.0,218.49316061120433
2026-09-21 20:58:31,1,6,0,0,1,7,30.0,92.38324625039508
2026-09-21 20:58:44,11,16,14,0,2,32,90.0,404.68568053198317
2026-09-21 20:58:55,6,20,6,0,0,26,86.0,369.4419704763723
2026-09-21 20:59:07,4,10,2,0,2,14,54.0,200.23471085951934
2026-09-21 20:59:19,6,7,6,0,2,15,46.0,173.53908122302994
2026-09-21 20:59:31,3,4,0,0,0,4,16.0,41.75100659894561
2026-09-21 20:59:45,0,1,0,0,0,1,4.0,6.772588722239782
2026-09-21 20:59:57,0,5,0,0,0,5,20.0,55.8351893845611
2026-09-21 21:00:09,0,5,2,2,1,10,42.0,142.71160145753157
2026-09-21 21:00:23,1,10,1,0,0,11,41.0,142.881172641308
2026-09-21 21:00:37,6,11,7,1,1,20,64.0,258.84943601429904
2026-09-21 21:00:50,5,9,5,0,0,14,41.0,152.03005824519062
2026-09-21 21:01:01,7,12,6,3,1,22,81.0,334.97503149026113
2026-09-21 21:01:14,9,3,7,0,0,10,19.0,64.56001018316904
2026-09-21 21:01:25,1,12,2,0,0,14,50.0,185.4025100551105
2026-09-21 21:01:39,3,9,0,2,1,12,56.0,199.63716401784606
2026-09-21 21:01:52,4,2,0,0,0,2,8.0,16.78889830934488
2026-09-21 21:02:05,1,7,0,3,0,10,49.0,166.49686836712016
2026-09-21 21:02:17,1,4,1,2,1,8,37.0,118.29730936144013
2026-09-21 21:02:30,12,12,12,1,0,25,67.0,285.2924680474393
2026-09-21 21:02:41,7,16,8,0,0,24,72.0,303.75905939051046
2026-09-21 21:02:54,5,15,1,0,2,18,73.0,287.94404547915013
2026-09-21 21:03:06,2,11,3,0,1,15,53.0,199.9472022787084
2026-09-21 21:03:20,3,12,6,1,1,20,67.0,270.9830033274693
2026-09-21 21:03:32,0,3,0,0,0,3,12.0,28.63553233343869
2026-09-21 21:03:44,0,0,0,0,0,0,0.0,0.0
2026-09-21 21:03:56,4,0,4,2,1,7,24.0,73.90659700031605
2026-09-21 21:04:10,1,5,1,3,1,10,48.0,163.0989730943218
2026-09-21 21:04:22,9,7,15,4,1,27,77.0,333.57974728349075
2026-09-21 21:04:34,5,15,2,2,0,19,76.0,303.6756527901033
2026-09-21 21:04:46,4,20,6,0,1,27,92.0,398.5628149361188
2026-09-21 21:04:58,7,19,11,0,0,30,87.0,385.7568867902077
2026-09-21 21:05:10,6,15,8,0,0,23,68.0,284.1076604636603
2026-09-21 21:05:23,3,1,1,0,0,2,5.0,10.493061443340551
2026-09-21 21:05:34,0,6,0,0,0,6,24.0,70.70184357732752
2026-09-21 21:05:47,3,5,1,2,1,9,41.0,135.40598881275588
2026-09-21 21:05:59,1,7,2,0,0,9,30.0,99.07755278982138
2026-09-21 21:06:11,0,9,3,0,0,12,39.0,139.03302494099992
2026-09-21 21:06:23,4,14,3,0,1,18,65.0,256.3885336458186
2026-09-21 21:06:35,3,5,4,0,2,11,36.0,125.45663939236802
2026-09-21 21:06:47,6,6,4,0,3,13,46.0,167.3966371623019
2026-09-21 21:06:59,1,3,1,0,1,5,19.0,53.04342991533304
2026-09-21 21:07:11,4,8,5,0,0,13,37.0,134.64512119576457
2026-09-21 21:07:24,0,5,0,0,0,5,20.0,55.8351893845611
2026-09-21 21:07:36,2,2,0,0,0,2,8.0,16.78889830934488
2026-09-21 21:07:52,2,6,2,1,1,10,39.0,132.51791563913645
2026-09-21 21:08:00,0,12,1,0,1,14,55.0,203.94276106062156
2026-09-21 21:08:12,12,12,11,1,0,24,66.0,278.4458044413013
2026-09-21 21:08:24,1,15,0,9,1,25,129.0,549.2944534047712
2026-09-21 21:08:38,12,14,11,0,3,28,85.0,371.2201455488503
2026-09-21 21:08:50,0,15,1,2,1,19,81.0,323.6543141578733
2026-09-21 21:09:02,10,7,10,0,0,17,38.0,147.83412680005426
2026-09-21 21:09:14,3,17,3,0,0,20,71.0,287.161093078363
2026-09-21 21:09:26,0,3,0,0,0,3,12.0,28.63553233343869
2026-09-21 21:09:39,6,5,2,0,0,7,22.0,67.74771391695639
2026-09-21 21:09:51,0,5,0,2,0,7,34.0,104.70101241711441
2026-09-21 21:10:03,1,8,3,0,0,11,35.0,121.97173274258002
2026-09-21 21:10:15,6,11,11,1,1,24,68.0,286.8835560910377
2026-09-21 21:10:27,0,18,0,0,5,23,102.0,426.16149069549044
2026-09-21 21:10:39,2,12,5,0,1,18,59.0,232.72189977082
2026-09-21 21:10:51,5,2,3,1,1,7,24.0,73.90659700031605
2026-09-21 21:11:03,1,3,1,0,1,5,19.0,53.04342991533304
2026-09-21 21:11:16,1,3,1,1,1,6,26.0,76.59366387543815
2026-09-21 21:11:28,1,2,2,0,0,4,10.0,26.094379124341003
2026-09-21 21:11:40,4,8,1,2,0,11,47.0,163.79061254003602
2026-09-21 21:11:52,1,16,1,2,0,19,79.0,315.66284961076525
2026-09-21 21:12:04,15,16,7,0,0,23,71.0,296.64182195470414
2026-09-21 21:12:16,2,14,0,0,3,17,74.0,287.88751008431615
2026-09-21 21:12:28,2,15,1,0,3,19,79.0,315.66284961076525
2026-09-21 21:12:40,3,15,3,3,2,23,96.0,401.09316771340275
2026-09-21 21:12:52,3,20,5,0,2,27,97.0,420.2238374869948
2026-09-21 21:13:05,0,5,2,0,1,8,28.0,89.52228816541415
2026-09-21 21:13:17,0,2,0,0,0,2,8.0,16.78889830934488
2026-09-21 21:13:29,0,2,1,1,0,4,16.0,41.75100659894561
2026-09-21 21:13:41,2,2,2,0,0,4,10.0,26.094379124341003
2026-09-21 21:13:53,0,5,0,1,0,6,27.0,79.53957402449346
2026-09-21 21:14:05,10,9,17,1,3,30,78.0,345.8510019498414
2026-09-21 21:14:18,9,14,8,0,2,24,76.0,320.6345626899833
2026-09-21 21:14:31,11,18,8,0,3,29,98.0,431.31734340289125
2026-09-21 21:14:43,4,9,3,0,1,13,45.0,163.75757983268662
2026-09-21 21:14:55,5,5,6,1,0,12,33.0,117.64332879623072
2026-09-21 21:15:07,1,3,1,0,0,4,13.0,33.922692861643306
2026-09-21 21:15:19,0,4,0,0,0,4,16.0,41.75100659894561
2026-09-21 21:15:31,2,4,2,0,0,6,18.0,53.026382682995646
2026-09-21 21:15:43,0,6,5,0,0,11,29.0,101.062292843852
2026-09-21 21:15:56,0,9,0,1,0,10,43.0,146.10949673032994
2026-09-21 21:16:08,6,12,6,0,2,20,66.0,266.9384808897459
2026-09-21 21:16:20,7,13,4,1,3,21,81.0,331.3744387220236
2026-09-21 21:16:33,3,15,6,2,3,26,98.0,420.99201286842424
2026-09-21 21:16:46,4,22,2,0,3,27,108.0,467.87808709892204
2026-09-21 21:16:57,6,13,3,0,5,21,85.0,347.7386085354569
2026-09-21 21:17:10,1,10,0,0,2,12,52.0,185.37736658799992
2026-09-21 21:17:24,1,2,1,0,1,4,15.0,39.141568686511505
2026-09-21 21:17:34,1,6,2,0,0,8,26.0,83.12783901074171
2026-09-21 21:17:46,1,9,0,1,0,10,43.0,146.10949673032994
2026-09-21 21:17:59,7,1,10,2,0,13,28.0,101.89360522922723
2026-09-21 21:18:10,7,12,12,0,2,26,72.0,309.3002543523117
2026-09-21 21:18:22,3,13,2,0,0,15,54.0,203.7197910009482
2026-09-21 21:18:35,3,3,3,0,0,6,15.0,44.1886522358297
2026-09-21 21:18:47,1,9,3,0,2,14,51.0,189.11056025621272
2026-09-21 21:18:59,1,5,0,1,0,6,27.0,79.53957402449346
2026-09-21 21:19:11,0,3,0,0,0,3,12.0,28.63553233343869
2026-09-21 21:19:23,1,10,1,0,1,12,47.0,167.5526198006922
2026-09-21 21:19:35,1,10,1,1,1,13,54.0,196.50909579922396
2026-09-21 21:19:47,0,6,0,2,1,9,44.0,145.31374409173802
2026-09-21 21:20:00,3,9,3,2,9,23,107.0,447.05175984723013
2026-09-21 21:20:12,3,13,4,2,0,19,70.0,279.70125914877934
2026-09-21 21:20:24,2,16,2,4,3,25,112.0,476.9068122584059
2026-09-21 21:20:36,4,11,2,2,4,19,84.0,335.6415109785352
2026-09-21 21:20:48,1,6,3,1,0,10,34.0,115.5284392751446
2026-09-21 21:21:00,0,0,0,0,0,0,0.0,0.0
2026-09-21 21:21:12,0,0,0,0,0,0,0.0,0.0
2026-09-21 21:21:25,0,2,0,0,0,2,8.0,16.78889830934488
2026-09-21 21:21:36,0,5,0,1,1,7,33.0,101.62157087543459
2026-09-21 21:21:48,13,4,15,1,1,21,44.0,180.00586794776592
2026-09-21 21:22:01,3,15,5,1,2,23,84.0,350.9565217492274
2026-09-21 21:22:13,1,13,2,1,2,18,73.0,287.94404547915013
2026-09-21 21:22:26,4,11,3,1,0,15,54.0,203.7197910009482
2026-09-21 21:22:39,1,15,1,1,0,17,68.0,264.5452795369392
2026-09-21 21:22:51,0,14,0,1,1,16,69.0,264.49172073987893
2026-09-21 21:23:03,0,0,0,0,0,0,0.0,0.0
2026-09-21 21:23:17,8,1,2,1,1,5,19.0,53.04342991533304
2026-09-21 21:23:30,4,5,6,3,2,16,59.0,226.15958729931674
2026-09-21 21:23:42,7,7,14,2,2,25,68.0,289.55056458546073
2026-09-21 21:23:54,8,9,3,0,3,15,57.0,215.03755716766753
2026-09-21 21:24:07,2,20,4,0,2,26,96.0,412.4003391364156
2026-09-21 21:24:19,2,14,1,0,3,18,75.0,295.83292343748303
2026-09-21 21:24:31,0,8,1,0,2,11,45.0,156.82079924046002
2026-09-21 21:24:43,1,9,1,1,4,15,68.0,256.5360331123051
2026-09-21 21:24:55,1,9,5,1,2,17,60.0,233.42230547376988
2026-09-21 21:25:08,5,9,5,0,0,14,41.0,152.03005824519062
2026-09-21 21:25:20,2,7,1,4,1,13,63.0,229.26061176576127
2026-09-21 21:25:33,6,6,4,0,2,12,40.0,142.59797429846148
2026-09-21 21:25:45,3,14,3,0,1,18,65.0,256.3885336458186
2026-09-21 21:25:58,1,18,5,0,2,25,89.0,378.9705918839119
2026-09-21 21:26:09,4,17,3,0,0,20,71.0,287.161093078363
2026-09-21 21:26:21,3,16,6,0,0,22,70.0,289.48459511504046
2026-09-21 21:26:33,2,20,5,0,1,26,91.0,390.92115480639393
2026-09-21 21:26:49,1,15,0,0,5,20,90.0,364.00701939510805
2026-09-21 21:27:01,4,5,4,0,0,9,24.0,79.2620422318571
2026-09-21 21:27:13,3,12,2,0,0,14,50.0,185.4025100551105
2026-09-21 21:27:25,1,14,1,0,1,16,63.0,241.49244067554162
2026-09-21 21:27:37,15,11,10,1,0,22,61.0,252.26514717167814
2026-09-21 21:27:49,11,7,14,0,2,23,54.0,225.61490683878904
2026-09-21 21:28:01,2,24,3,0,1,28,105.0,458.5660621485798
2026-09-21 21:28:13,4,8,6,0,0,14,38.0,140.90590764188397
2026-09-21 21:28:26,3,5,3,0,0,8,23.0,73.53616527873305
2026-09-21 21:28:38,0,4,0,0,0,4,16.0,41.75100659894561
2026-09-21 21:28:50,3,6,0,0,0,6,24.0,70.70184357732752
2026-09-21 21:29:02,4,3,4,2,0,9,30.0,99.07755278982138
2026-09-21 21:29:14,6,13,2,0,1,16,60.0,229.99280064337296
2026-09-21 21:29:27,9,7,17,0,0,24,45.0,189.84941211906906
2026-09-21 21:29:38,4,11,9,0,1,21,59.0,241.37150474814064
2026-09-21 21:29:51,3,9,2,1,0,12,45.0,160.42272108576915
2026-09-21 21:30:03,1,17,1,0,1,19,75.0,299.6799205165493
2026-09-21 21:30:16,5,5,4,0,1,10,30.0,101.93685818395112
2026-09-21 21:30:28,1,3,1,0,0,4,13.0,33.922692861643306
2026-09-21 21:30:40,0,1,0,0,0,1,4.0,6.772588722239782
2026-09-21 21:30:52,4,2,1,0,0,3,9.0,21.476649250079017
2026-09-21 21:31:04,1,8,0,0,0,8,32.0,102.31118647475903
2026-09-21 21:31:16,1,3,1,0,0,4,13.0,33.922692861643306
2026-09-21 21:31:28,0,10,4,0,1,15,50.0,188.62943611198907
2026-09-21 21:31:41,0,2,2,0,3,7,28.0,86.2243631670354
2026-09-21 21:31:54,7,13,7,0,0,20,59.0,238.62682382568192
2026-09-21 21:32:07,4,9,7,0,0,16,43.0,164.8281737944173
2026-09-21 21:32:19,0,12,2,0,1,15,56.0,211.26496844542774
2026-09-21 21:32:31,1,0,0,0,0,0,0.0,0.0
2026-09-21 21:32:44,5,1,3,6,0,10,49.0,166.49686836712016
2026-09-21 21:32:55,0,10,0,4,0,14,68.0,252.1474136749503
2026-09-21 21:33:07,1,10,1,0,2,13,53.0,192.8700384696087
2026-09-21 21:33:19,10,6,5,3,1,15,56.0,211.26496844542774
2026-09-21 21:33:31,5,15,1,0,7,23,103.0,430.3395445258384
2026-09-21 21:33:44,3,13,1,2,3,19,85.0,339.6372432520892
2026-09-21 21:33:56,1,13,1,1,2,17,72.0,280.1067665685238
2026-09-21 21:34:08,0,10,1,0,4,15,65.0,245.21826694558578
2026-09-21 21:34:20,0,6,0,0,0,6,24.0,70.70184357732752
2026-09-21 21:34:33,0,3,0,0,0,3,12.0,28.63553233343869
2026-09-21 21:34:45,4,6,4,0,0,10,28.0,95.14106763835437
2026-09-21 21:34:57,0,7,0,2,0,9,42.0,138.70857390574992
2026-09-21 21:35:09,8,11,5,0,0,16,49.0,187.82745385875458
2026-09-21 21:35:21,7,19,3,1,0,23,86.0,359.3126294099233
2026-09-21 21:35:33,7,19,2,1,2,24,97.0,409.2309550122155
2026-09-21 21:35:46,10,14,4,1,2,21,79.0,323.19235381530694
2026-09-21 21:35:58,1,6,2,0,0,8,26.0,83.12783901074171
2026-09-21 21:36:10,1,9,1,1,0,11,44.0,153.33589259067202
2026-09-21 21:36:22,1,3,0,0,0,3,12.0,28.63553233343869
2026-09-21 21:36:34,4,1,3,0,0,4,7.0,18.266065387038704
2026-09-21 21:36:46,0,7,2,0,0,9,30.0,99.07755278982138
2026-09-21 21:36:58,0,14,0,3,2,19,89.0,355.6201723463052
2026-09-21 21:37:12,2,12,3,0,1,16,57.0,218.49316061120433
2026-09-21 21:37:24,6,15,9,1,0,25,76.0,323.6153368896326
2026-09-21 21:37:36,3,6,7,0,0,13,31.0,112.81077721807301
2026-09-21 21:37:48,3,7,4,1,1,13,45.0,163.75757983268662
2026-09-21 21:38:01,3,14,3,0,0,17,59.0,229.53193371587372
2026-09-21 21:38:13,0,7,0,0,0,7,28.0,86.2243631670354
2026-09-21 21:38:25,2,1,2,0,0,3,6.0,14.317766166719345
2026-09-21 21:38:37,1,4,0,0,0,4,16.0,41.75100659894561
2026-09-21 21:38:50,3,5,2,0,0,7,22.0,67.74771391695639
2026-09-21 21:39:02,16,13,12,2,1,28,84.0,366.85284971886387
2026-09-21 21:39:14,3,18,0,1,0,19,79.0,315.66284961076525
2026-09-21 21:39:27,2,14,2,1,1,18,71.0,280.05516752081724
2026-09-21 21:39:40,2,10,0,0,0,10,40.0,135.91581091193484
2026-09-21 21:39:52,0,11,1,0,1,13,51.0,185.59192381037818
2026-09-21 21:40:04,3,11,1,0,0,12,45.0,160.42272108576915
2026-09-21 21:40:16,0,7,1,0,0,8,29.0,92.71951274275037
2026-09-21 21:40:29,1,5,2,2,0,9,36.0,118.89306334778566
2026-09-21 21:40:41,0,8,0,2,0,10,46.0,156.30318254872506
2026-09-21 21:40:53,0,8,0,1,2,11,51.0,177.73023913918803
2026-09-21 21:41:05,10,10,6,0,0,16,46.0,176.32781382658595
2026-09-21 21:41:19,1,16,1,0,1,18,71.0,280.05516752081724
2026-09-21 21:41:31,3,12,2,0,0,14,50.0,185.4025100551105
2026-09-21 21:41:44,3,15,3,0,0,18,63.0,248.49965568748573
2026-09-21 21:41:56,1,12,1,0,2,15,61.0,230.12791205662666
2026-09-21 21:42:07,0,1,0,0,0,1,4.0,6.772588722239782
2026-09-21 21:42:20,0,1,0,0,0,1,4.0,6.772588722239782
2026-09-21 21:42:31,2,11,5,0,1,17,55.0,213.97044668428904
2026-09-21 21:42:44,0,5,0,0,2,7,32.0,98.54212933375474
2026-09-21 21:42:56,5,12,4,0,2,18,64.0,252.44409466665218
2026-09-21 21:43:08,2,11,2,0,0,13,46.0,167.3966371623019
2026-09-21 21:43:20,5,15,2,1,1,19,75.0,299.6799205165493
2026-09-21 21:43:32,0,8,0,0,0,8,32.0,102.31118647475903
2026-09-21 21:43:45,0,5,0,3,0,8,41.0,131.086207670785
2026-09-21 21:43:56,0,0,0,0,0,0,0.0,0.0
2026-09-21 21:44:08,0,0,0,0,0,0,0.0,0.0
2026-09-21 21:44:21,0,6,0,4,1,11,58.0,202.124585687704
2026-09-21 21:44:33,0,7,0,0,1,8,34.0,108.70563562943147
2026-09-21 21:44:45,18,6,17,1,0,24,48.0,202.50603959367365
2026-09-21 21:44:57,4,18,2,0,0,20,74.0,299.2946603915333
2026-09-21 21:45:09,3,15,3,0,0,18,63.0,248.49965568748573
2026-09-21 21:45:22,1,5,1,0,0,6,21.0,61.864113130161584
2026-09-21 21:45:33,1,11,2,0,0,13,46.0,167.3966371623019
2026-09-21 21:45:45,1,8,5,0,0,13,37.0,134.64512119576457
2026-09-21 21:45:58,0,8,0,0,0,8,32.0,102.31118647475903
2026-09-21 21:46:10,1,4,3,1,1,9,32.0,105.68272297580947
2026-09-21 21:46:23,0,7,1,0,0,8,29.0,92.71951274275037
2026-09-21 21:46:36,2,4,1,1,0,6,24.0,70.70184357732752
2026-09-21 21:46:49,6,11,4,0,0,15,48.0,181.0842586675095
2026-09-21 21:47:01,5,14,10,0,0,24,66.0,278.4458044413013
2026-09-21 21:47:13,7,16,10,1,1,28,87.0,379.9547372088233
2026-09-21 21:47:26,1,8,1,0,0,9,33.0,108.98530806880352
2026-09-21 21:47:38,0,6,2,0,2,10,38.0,129.12002036633808
2026-09-21 21:47:50,1,3,0,0,0,3,12.0,28.63553233343869
2026-09-21 21:48:02,2,3,0,0,0,3,12.0,28.63553233343869
2026-09-21 21:48:14,3,9,1,0,0,10,37.0,125.72212509353972
2026-09-21 21:48:26,0,11,0,0,0,11,44.0,153.33589259067202
2026-09-21 21:48:38,8,11,9,1,1,22,66.0,272.9426182513239
2026-09-21 21:48:50,4,24,4,0,4,32,124.0,557.5669376218435
2026-09-21 21:49:03,7,7,6,0,1,14,40.0,148.3220080440884
2026-09-21 21:49:15,1,9,2,0,0,11,38.0,132.426452691944
2026-09-21 21:49:27,4,6,3,0,2,11,39.0,135.911359341732
2026-09-21 21:49:39,1,4,1,0,1,6,23.0,67.75593342827221
2026-09-21 21:49:51,3,4,0,0,0,4,16.0,41.75100659894561
2026-09-21 21:50:03,0,8,0,2,0,10,46.0,156.30318254872506
2026-09-21 21:50:15,2,8,1,2,1,12,53.0,188.94231594546144
2026-09-21 21:50:27,8,10,5,1,0,16,52.0,199.32709389092324
2026-09-21 21:50:40,6,8,11,0,1,20,49.0,198.1815994484477
2026-09-21 21:50:52,3,11,1,2,1,15,65.0,245.21826694558578
2026-09-21 21:51:04,2,3,2,0,0,5,14.0,39.08463256919277
2026-09-21 21:51:26,4,2,4,0,0,6,12.0,35.35092178866376
2026-09-21 21:51:30,0,6,0,1,4,11,55.0,191.66986573834
2026-09-21 21:51:40,1,0,0,0,0,0,0.0,0.0
2026-09-21 21:51:52,6,0,3,0,0,3,3.0,7.158883083359672
2026-09-21 21:52:04,2,3,4,0,0,7,16.0,49.27106466687737
2026-09-21 21:52:17,1,6,0,0,0,6,24.0,70.70184357732752
2026-09-21 21:52:29,7,9,6,0,2,17,54.0,210.08007492639288
2026-09-21 21:52:41,2,14,7,0,0,21,63.0,257.7356745615739
2026-09-21 21:52:53,1,23,1,0,0,24,93.0,392.3554517127427
2026-09-21 21:53:05,1,18,3,1,2,24,94.0,396.5743275376109
2026-09-21 21:53:17,1,19,3,0,1,23,85.0,355.13457557957537
2026-09-21 21:53:29,0,6,0,0,1,7,30.0,92.38324625039508
2026-09-21 21:53:41,1,2,0,0,0,2,8.0,16.78889830934488
2026-09-21 21:53:53,8,6,6,0,0,12,30.0,106.9484807238461
2026-09-21 21:54:06,1,7,0,1,1,9,41.0,135.40598881275588
2026-09-21 21:54:18,10,8,15,0,0,23,47.0,196.36853002635343
2026-09-21 21:54:30,6,8,4,0,0,12,36.0,128.33817686861534
2026-09-21 21:54:42,1,11,0,0,1,12,50.0,178.24746787307683
2026-09-21 21:54:54,3,8,3,1,0,12,42.0,149.72787301338454
2026-09-21 21:55:08,2,13,3,0,2,18,67.0,264.2774116041515
2026-09-21 21:55:20,2,7,2,0,0,9,30.0,99.07755278982138
2026-09-21 21:55:32,0,4,0,0,0,4,16.0,41.75100659894561
2026-09-21 21:55:44,3,8,0,0,0,8,32.0,102.31118647475903
2026-09-21 21:55:56,2,8,0,2,1,11,52.0,181.21514578897603
2026-09-21 21:56:08,2,6,0,1,0,7,31.0,95.4626877920749
2026-09-21 21:56:21,4,11,2,0,0,13,46.0,167.3966371623019
2026-09-21 21:56:33,1,15,2,1,2,20,81.0,327.6063174555972
2026-09-21 21:56:45,4,12,0,1,1,14,61.0,226.19106226723483
2026-09-21 21:56:57,3,6,2,0,0,8,26.0,83.12783901074171
2026-09-21 21:57:09,2,4,3,1,1,9,32.0,105.68272297580947
2026-09-21 21:57:21,1,5,0,0,0,5,20.0,55.8351893845611
2026-09-21 21:57:33,4,2,1,0,0,3,9.0,21.476649250079017
2026-09-21 21:57:45,0,9,0,1,0,10,43.0,146.10949673032994
2026-09-21 21:57:57,0,10,1,0,1,12,47.0,167.5526198006922
2026-09-21 21:58:09,11,5,10,0,0,15,30.0,113.17766166719343
2026-09-21 21:58:22,11,13,13,1,0,27,72.0,311.9187247326147
2026-09-21 21:58:34,0,12,2,1,1,16,63.0,241.49244067554162
2026-09-21 21:58:47,1,5,1,0,2,8,33.0,105.50841105209524
2026-09-21 21:58:59,1,2,1,0,0,3,9.0,21.476649250079017
2026-09-21 21:59:12,1,5,0,1,0,6,27.0,79.53957402449346
2026-09-21 21:59:24,1,3,0,0,0,3,12.0,28.63553233343869
2026-09-21 21:59:36,2,10,2,0,0,12,42.0,149.72787301338454
2026-09-21 21:59:49,1,8,0,0,0,8,32.0,102.31118647475903
2026-09-21 22:00:01,3,4,1,0,0,5,17.0,47.459910976876934
2026-09-21 22:00:12,2,13,1,0,1,15,59.0,222.58273461214708
2026-09-21 22:00:25,0,11,2,0,0,13,46.0,167.3966371623019
2026-09-21 22:00:37,0,8,1,0,0,9,33.0,108.98530806880352
2026-09-21 22:00:49,0,4,0,0,3,7,34.0,104.70101241711441
2026-09-21 22:01:03,0,7,1,0,0,8,29.0,92.71951274275037
2026-09-21 22:01:13,6,1,0,0,0,1,4.0,6.772588722239782
2026-09-21 22:01:25,6,2,3,0,0,5,11.0,30.709354161508603
2026-09-21 22:01:38,0,5,0,0,3,8,38.0,121.49453393877634
2026-09-21 22:01:50,0,11,0,0,2,13,56.0,203.78721045845447
2026-09-21 22:02:03,6,6,19,0,0,25,43.0,183.0981511349237
2026-09-21 22:02:15,0,11,0,0,3,14,62.0,229.89911246833702
2026-09-21 22:02:28,3,9,1,1,4,15,68.0,256.5360331123051
2026-09-21 22:02:40,2,6,2,1,2,11,45.0,156.82079924046002
2026-09-21 22:02:52,3,9,1,0,1,11,43.0,149.85098594088402
2026-09-21 22:03:04,3,12,2,0,0,14,50.0,185.4025100551105
2026-09-21 22:03:16,1,6,0,0,0,6,24.0,70.70184357732752
2026-09-21 22:03:28,12,3,5,0,0,8,17.0,54.352817814715735
2026-09-21 22:03:43,2,11,0,7,0,18,93.0,366.83282506247895
2026-09-21 22:03:53,1,7,3,3,0,13,52.0,189.23098113999345
2026-09-21 22:04:05,8,5,4,2,0,11,38.0,132.426452691944
2026-09-21 22:04:18,2,14,7,0,0,21,63.0,257.7356745615739
2026-09-21 22:04:30,3,4,4,0,0,8,20.0,63.94449154672439
2026-09-21 22:04:43,0,10,0,0,3,13,58.0,211.06532511768498
2026-09-21 22:04:55,3,7,6,0,2,15,46.0,173.53908122302994
2026-09-21 22:05:07,0,4,0,1,4,9,47.0,155.22149937072015
2026-09-21 22:05:19,3,3,0,0,0,3,12.0,28.63553233343869
2026-09-21 22:05:31,2,3,1,0,0,4,13.0,33.922692861643306
2026-09-21 22:05:43,4,4,3,0,0,7,19.0,58.50938929191688
2026-09-21 22:05:55,0,2,0,3,2,7,41.0,126.25710320887326
2026-09-21 22:06:08,4,3,13,1,0,17,32.0,124.49189625267726
2026-09-21 22:06:20,2,12,2,0,0,14,50.0,185.4025100551105
2026-09-21 22:06:32,2,16,0,1,1,18,77.0,303.7218013958159
2026-09-21 22:06:44,6,9,6,0,0,15,42.0,158.4487263340708
2026-09-21 22:06:56,6,5,5,0,3,13,43.0,156.4794651734561
2026-09-21 22:07:08,2,6,3,0,0,9,27.0,89.16979751083925
2026-09-21 22:07:21,1,5,0,0,2,7,32.0,98.54212933375474
2026-09-21 22:07:32,0,2,0,0,0,2,8.0,16.78889830934488
2026-09-21 22:07:46,12,4,9,0,0,13,25.0,90.97643324038145
2026-09-21 22:07:58,5,7,0,0,3,10,46.0,156.30318254872506
2026-09-21 22:08:10,0,9,0,1,1,11,49.0,170.76042583961203
2026-09-21 22:08:24,4,10,4,4,3,21,90.0,368.19382080224847
2026-09-21 22:08:38,1,10,2,2,7,21,98.0,400.92216042911497
2026-09-21 22:08:47,7,9,3,0,0,12,39.0,139.03302494099992
2026-09-21 22:08:59,0,9,1,0,0,10,37.0,125.72212509353972
2026-09-21 22:09:11,2,6,3,0,1,10,33.0,112.13054400234623
2026-09-21 22:09:26,0,11,0,1,0,12,51.0,181.8124172305384
2026-09-21 22:09:37,1,2,0,0,1,3,14.0,33.40812105567847
2026-09-21 22:09:47,4,4,4,0,0,8,20.0,63.94449154672439
2026-09-21 22:09:59,7,4,2,4,1,11,52.0,181.21514578897603
2026-09-21 22:10:12,0,4,0,0,2,6,28.0,82.48548417354877
2026-09-21 22:10:25,4,12,5,1,0,18,60.0,236.6663387499864
2026-09-21 22:10:37,1,14,1,1,3,19,82.0,327.65004643142726
2026-09-21 22:10:53,0,8,0,1,4,13,63.0,229.26061176576127
2026-09-21 22:11:01,0,11,3,0,1,15,53.0,199.9472022787084
2026-09-21 22:11:15,0,5,2,0,1,8,28.0,89.52228816541415
2026-09-21 22:11:27,1,5,1,0,0,6,21.0,61.864113130161584
2026-09-21 22:11:39,1,1,0,0,0,1,4.0,6.772588722239782
2026-09-21 22:11:51,6,8,7,0,0,15,39.0,147.13096016735147
2026-09-21 22:12:03,6,2,1,5,2,10,56.0,190.28213527670874
2026-09-21 22:12:15,1,9,0,2,1,12,56.0,199.63716401784606
2026-09-21 22:12:28,12,9,12,0,1,22,54.0,223.31668766017407
2026-09-21 22:12:40,4,17,9,0,0,26,77.0,330.77943868233336
2026-09-21 22:12:52,2,14,0,0,4,18,80.0,315.55511833331525
2026-09-21 22:13:04,0,8,0,0,2,10,44.0,149.5073920031283
2026-09-21 22:13:16,0,8,0,0,1,9,38.0,125.49823353377374
2026-09-21 22:13:28,0,7,0,0,1,8,34.0,108.70563562943147
2026-09-21 22:13:40,0,8,1,0,1,10,39.0,132.51791563913645
2026-09-21 22:13:56,4,4,3,0,0,7,19.0,58.50938929191688
2026-09-21 22:14:07,1,4,3,1,1,9,32.0,105.68272297580947
2026-09-21 22:14:17,2,9,0,0,2,11,48.0,167.27551918982402
2026-09-21 22:14:29,9,6,10,0,1,17,40.0,155.6148703158466
2026-09-21 22:14:41,0,7,0,0,3,10,46.0,156.30318254872506
2026-09-21 22:14:53,3,15,2,0,4,21,86.0,351.82965098881516
2026-09-21 22:15:05,4,12,2,0,1,15,56.0,211.26496844542774
2026-09-21 22:15:17,0,5,0,0,2,7,32.0,98.54212933375474
2026-09-21 22:15:29,0,8,4,0,0,12,36.0,128.33817686861534
2026-09-21 22:15:41,0,2,0,0,0,2,8.0,16.78889830934488
2026-09-21 22:15:53,2,3,1,1,1,6,26.0,76.59366387543815
2026-09-21 22:16:06,1,5,0,1,2,8,39.0,124.69175851611256
2026-09-21 22:16:18,0,2,0,1,0,3,15.0,35.79441541679836
2026-09-21 22:16:30,18,4,5,3,0,12,42.0,149.72787301338454
2026-09-21 22:16:42,0,5,0,0,4,9,44.0,145.31374409173802
2026-09-21 22:16:54,0,10,0,2,4,16,78.0,298.99064083638484
2026-09-21 22:17:06,4,7,5,0,4,16,57.0,218.49316061120433
2026-09-21 22:17:21,2,7,0,2,5,14,72.0,266.9796144793591
2026-09-21 22:17:30,3,6,1,3,7,17,88.0,342.35271469486247
2026-09-21 22:17:43,0,2,0,0,1,3,14.0,33.40812105567847
2026-09-21 22:17:55,0,3,0,1,1,5,25.0,69.79398673070138
2026-09-21 22:18:07,2,7,0,2,1,10,48.0,163.0989730943218
2026-09-21 22:18:19,1,7,1,0,0,8,29.0,92.71951274275037
2026-09-21 22:18:37,14,1,7,0,0,8,11.0,35.16947035069842
2026-09-21 22:18:43,1,14,0,0,0,14,56.0,207.65081126172376
2026-09-21 22:18:56,0,7,1,0,6,14,65.0,241.02326307164364
2026-09-21 22:19:08,0,4,0,3,4,11,61.0,212.57930563706802
2026-09-21 22:19:26,0,4,0,0,3,7,34.0,104.70101241711441
2026-09-21 22:19:32,2,12,3,0,2,17,63.0,245.09342074745837
2026-09-21 22:19:44,0,6,0,1,0,7,31.0,95.4626877920749
2026-09-21 22:19:56,2,1,0,0,0,1,4.0,6.772588722239782
2026-09-21 22:20:08,0,5,4,0,0,9,24.0,79.2620422318571
2026-09-21 22:20:20,0,9,0,2,0,11,50.0,174.24533248940003
2026-09-21 22:20:32,1,4,0,0,0,4,16.0,41.75100659894561
2026-09-21 22:20:44,2,12,1,1,0,14,56.0,207.65081126172376
2026-09-21 22:20:58,0,15,2,3,1,21,89.0,364.1027783488901
2026-09-21 22:21:10,1,13,1,0,2,16,65.0,249.15886736365405
2026-09-21 22:21:22,0,5,0,2,3,10,52.0,176.69055418551528
2026-09-21 22:21:35,0,4,0,1,5,10,53.0,180.08844945831365
2026-09-21 22:21:46,1,4,1,1,1,7,30.0,92.38324625039508
2026-09-21 22:21:58,0,1,0,0,0,1,4.0,6.772588722239782
2026-09-21 22:22:10,7,4,2,0,0,6,18.0,53.026382682995646
2026-09-21 22:22:23,1,13,1,0,1,15,59.0,222.58273461214708
2026-09-21 22:22:35,1,10,2,0,0,12,42.0,149.72787301338454
2026-09-21 22:22:47,5,6,4,0,4,14,52.0,192.81861045731492
2026-09-21 22:22:59,1,11,2,2,2,17,72.0,280.1067665685238
2026-09-21 22:23:11,3,12,0,1,2,15,67.0,252.76344439006533
2026-09-21 22:23:23,2,19,2,1,0,22,85.0,351.5170083539777
2026-09-21 22:23:38,3,13,1,0,0,14,53.0,196.52666065841714
2026-09-21 22:23:48,0,10,4,0,0,14,44.0,163.15420884849723
2026-09-21 22:24:00,0,5,0,1,1,7,33.0,101.62157087543459
2026-09-21 22:24:14,3,4,1,0,0,5,17.0,47.459910976876934
2026-09-21 22:24:25,2,4,4,1,1,10,33.0,112.13054400234623
2026-09-21 22:24:38,2,4,1,0,0,5,17.0,47.459910976876934
2026-09-21 22:24:50,5,9,6,1,0,16,49.0,187.82745385875458
2026-09-21 22:25:02,1,3,2,0,4,9,38.0,125.49823353377374
2026-09-21 22:25:14,5,8,4,0,3,15,54.0,203.7197910009482
2026-09-21 22:25:26,0,9,0,4,7,20,106.0,428.7193783986828
2026-09-21 22:25:38,0,11,0,0,7,18,86.0,339.2217522083139
2026-09-21 22:25:50,0,5,0,3,5,13,71.0,258.37307040268337
2026-09-21 22:26:03,1,11,0,0,3,14,62.0,229.89911246833702
2026-09-21 22:26:15,2,2,0,0,0,2,8.0,16.78889830934488
2026-09-21 22:26:27,1,7,0,1,1,9,41.0,135.40598881275588
2026-09-21 22:26:39,1,8,0,0,4,12,56.0,199.63716401784606
2026-09-21 22:26:54,11,8,13,1,1,23,58.0,242.32712216018083
2026-09-21 22:27:03,1,7,0,1,5,13,65.0,236.5387264249918
2026-09-21 22:27:15,4,9,2,0,4,15,62.0,233.90050077886644
2026-09-21 22:27:27,4,4,1,1,3,9,42.0,138.70857390574992
2026-09-21 22:27:39,0,3,1,0,1,5,19.0,53.04342991533304
2026-09-21 22:27:52,0,2,1,0,3,6,27.0,79.53957402449346
2026-09-21 22:28:04,0,1,0,0,0,1,4.0,6.772588722239782
2026-09-21 22:28:16,4,3,0,0,0,3,12.0,28.63553233343869
2026-09-21 22:28:28,2,6,0,0,0,6,24.0,70.70184357732752
2026-09-21 22:28:40,0,5,1,2,0,8,35.0,111.90286020676768
2026-09-21 22:28:52,10,10,8,1,1,20,61.0,246.71586870112878
2026-09-21 22:29:04,2,13,0,1,1,15,65.0,245.21826694558578
2026-09-21 22:29:17,1,8,2,0,6,16,70.0,268.32493408393515
2026-09-21 22:29:29,2,13,2,0,2,17,66.0,256.76453602114685
2026-09-21 22:29:41,0,17,0,1,4,22,99.0,409.41392737698584
2026-09-21 22:29:53,0,16,3,0,1,20,73.0,295.2501379538098
2026-09-21 22:30:05,0,9,0,0,0,9,36.0,118.89306334778566
2026-09-21 22:30:18,0,4,0,0,0,4,16.0,41.75100659894561
2026-09-21 22:30:29,3,6,0,0,0,6,24.0,70.70184357732752
2026-09-21 22:30:42,0,9,0,0,0,9,36.0,118.89306334778566
2026-09-21 22:30:53,4,9,9,0,1,19,51.0,203.78234595125355
2026-09-21 22:31:06,0,10,2,0,1,13,48.0,174.6747518215324
2026-09-21 22:31:18,4,10,5,2,1,18,65.0,256.3885336458186
2026-09-21 22:31:30,1,12,2,2,0,16,64.0,245.32565401959783
2026-09-21 22:31:43,0,6,1,0,3,10,43.0,146.10949673032994
2026-09-21 22:31:54,0,5,1,0,3,9,39.0,128.80081862676778
2026-09-21 22:32:06,0,6,0,0,1,7,30.0,92.38324625039508
2026-09-21 22:32:18,1,1,0,0,0,1,4.0,6.772588722239782
2026-09-21 22:32:30,3,2,4,0,0,6,12.0,35.35092178866376
2026-09-21 22:32:43,0,7,4,0,0,11,32.0,111.51701279321601
2026-09-21 22:32:55,0,11,0,0,2,13,56.0,203.78721045845447
2026-09-21 22:33:07,2,7,0,0,3,10,46.0,156.30318254872506
2026-09-21 22:33:19,1,14,1,2,3,20,89.0,359.9624969573846
2026-09-21 22:33:31,1,6,1,0,4,11,49.0,170.76042583961203
2026-09-21 22:33:45,3,6,10,0,2,18,46.0,181.44419304165626
2026-09-21 22:33:57,0,2,0,0,1,3,14.0,33.40812105567847
2026-09-21 22:34:09,0,9,0,0,0,9,36.0,118.89306334778566
2026-09-21 22:34:23,0,1,0,0,0,1,4.0,6.772588722239782
2026-09-21 22:34:35,4,4,2,0,0,6,18.0,53.026382682995646
2026-09-21 22:34:47,1,7,0,1,1,9,41.0,135.40598881275588
2026-09-21 22:34:59,0,6,0,0,3,9,42.0,138.70857390574992
2026-09-21 22:35:11,3,7,7,0,1,15,41.0,154.67613761183102
2026-09-21 22:35:23,0,8,0,1,4,13,63.0,229.26061176576127
2026-09-21 22:35:36,0,14,0,2,6,22,106.0,438.3623868884899
2026-09-21 22:35:48,4,8,0,0,3,11,50.0,174.24533248940003
2026-09-21 22:36:00,2,11,0,0,4,15,68.0,256.5360331123051
2026-09-21 22:36:12,1,2,0,0,1,3,14.0,33.40812105567847
2026-09-21 22:36:24,1,3,0,0,0,3,12.0,28.63553233343869
2026-09-21 22:36:39,2,6,4,0,0,10,28.0,95.14106763835437
2026-09-21 22:36:53,1,11,1,0,0,12,45.0,160.42272108576915
2026-09-21 22:37:00,0,6,0,0,0,6,24.0,70.70184357732752
2026-09-21 22:37:13,3,4,6,0,1,11,28.0,97.577386194064
2026-09-21 22:37:25,0,5,1,0,4,10,45.0,152.90528727592667
2026-09-21 22:37:37,1,10,1,0,4,15,65.0,245.21826694558578
2026-09-21 22:37:51,0,3,0,2,6,11,62.0,216.06421228685602
2026-09-21 22:38:01,1,11,1,1,0,13,52.0,189.23098113999345
2026-09-21 22:38:14,2,3,1,1,3,8,38.0,121.49453393877634
2026-09-21 22:38:25,1,4,1,0,2,7,29.0,89.30380470871523
2026-09-21 22:38:37,0,4,0,0,0,4,16.0,41.75100659894561
2026-09-21 22:38:49,2,5,1,0,0,6,21.0,61.864113130161584
2026-09-21 22:39:01,0,4,0,0,0,4,16.0,41.75100659894561
2026-09-21 22:39:14,9,3,10,0,0,13,22.0,80.05926125153569
2026-09-21 22:39:26,1,9,2,3,4,18,83.0,327.38843527081457
2026-09-21 22:39:41,3,7,3,0,2,12,43.0,153.29282237084607
2026-09-21 22:39:50,2,2,1,0,4,7,33.0,101.62157087543459
2026-09-21 22:40:02,1,6,0,1,8,15,79.0,298.03450905694274
2026-09-21 22:40:14,2,6,1,0,2,9,37.0,122.19564844077969
2026-09-21 22:40:26,0,2,0,0,0,2,8.0,16.78889830934488
2026-09-21 22:40:38,0,2,0,0,0,2,8.0,16.78889830934488
2026-09-21 22:40:52,0,8,0,0,0,8,32.0,102.31118647475903
2026-09-21 22:41:04,0,11,1,0,0,12,45.0,160.42272108576915
2026-09-21 22:41:16,15,10,13,1,1,25,66.0,281.0343715094178
2026-09-21 22:41:28,2,17,2,0,0,19,70.0,279.70125914877934
2026-09-21 22:41:41,1,6,0,5,5,16,89.0,341.15598762100325
2026-09-21 22:41:53,0,15,1,0,4,20,85.0,343.7844072064909
2026-09-21 22:42:06,2,8,2,1,5,16,71.0,272.15814742799137
2026-09-21 22:42:19,1,5,1,0,3,9,39.0,128.80081862676778
2026-09-21 22:42:31,0,2,0,0,1,3,14.0,33.40812105567847
2026-09-21 22:42:43,0,3,0,0,0,3,12.0,28.63553233343869
2026-09-21 22:42:56,3,7,1,0,0,8,29.0,92.71951274275037
2026-09-21 22:43:10,0,6,0,0,0,6,24.0,70.70184357732752
2026-09-21 22:43:23,8,11,6,0,2,19,62.0,247.73540096034742
2026-09-21 22:43:35,2,17,1,0,3,21,87.0,355.9206934421735
2026-09-21 22:43:47,0,14,0,0,5,19,86.0,343.6329755256432
2026-09-21 22:43:59,0,10,0,0,6,16,76.0,291.3242141482724
2026-09-21 22:44:11,0,7,0,4,4,15,80.0,301.80709777918247
2026-09-21 22:44:24,1,8,0,1,4,13,63.0,229.26061176576127
2026-09-21 22:44:37,0,4,0,1,1,6,29.0,85.43139432260409
2026-09-21 22:44:49,1,0,0,0,0,0,0.0,0.0
2026-09-21 22:45:01,0,1,1,1,0,3,12.0,28.63553233343869
2026-09-21 22:45:13,0,5,0,0,0,5,20.0,55.8351893845611
2026-09-21 22:45:25,6,7,0,1,2,10,47.0,159.70107782152343
2026-09-21 22:45:37,1,8,0,0,3,11,50.0,174.24533248940003
2026-09-21 22:45:52,4,6,0,1,2,9,43.0,142.01115899874398
2026-09-21 22:46:05,1,4,0,1,1,6,29.0,85.43139432260409
2026-09-21 22:46:14,0,8,0,0,1,9,38.0,125.49823353377374
2026-09-21 22:46:26,0,8,0,1,1,10,45.0,152.90528727592667
2026-09-21 22:46:38,0,2,0,0,0,2,8.0,16.78889830934488
2026-09-21 22:46:50,1,1,1,0,0,2,5.0,10.493061443340551
2026-09-21 22:47:02,1,11,2,0,0,13,46.0,167.3966371623019
2026-09-21 22:47:14,0,13,0,0,0,13,52.0,189.23098113999345
2026-09-21 22:47:26,6,10,4,0,1,15,50.0,188.62943611198907
2026-09-21 22:47:38,2,15,3,1,0,19,70.0,279.70125914877934
2026-09-21 22:47:51,0,8,0,0,5,13,62.0,225.62155443614603
2026-09-21 22:48:03,2,9,2,0,3,14,56.0,207.65081126172376
2026-09-21 22:48:15,0,5,0,0,4,9,44.0,145.31374409173802
2026-09-21 22:48:28,3,5,0,4,1,10,54.0,183.486344731112
2026-09-21 22:48:39,0,3,0,0,0,3,12.0,28.63553233343869
2026-09-21 22:48:51,0,1,0,0,0,1,4.0,6.772588722239782
2026-09-21 22:49:03,3,4,0,1,1,6,29.0,85.43139432260409
2026-09-21 22:49:15,0,10,0,0,0,10,40.0,135.91581091193484
2026-09-21 22:49:28,11,3,8,0,1,12,26.0,92.68868329399996
2026-09-21 22:49:40,1,11,0,1,0,12,51.0,181.8124172305384
2026-09-21 22:49:52,2,8,0,1,4,13,63.0,229.26061176576127
2026-09-21 22:50:04,0,5,0,0,9,14,74.0,274.39571488156355
2026-09-21 22:50:16,0,10,0,0,6,16,76.0,291.3242141482724
2026-09-21 22:50:28,2,7,0,0,6,13,64.0,232.89966909537654
2026-09-21 22:50:41,0,6,0,0,2,8,36.0,115.1000847841039
2026-09-21 22:50:53,1,2,0,0,0,2,8.0,16.78889830934488
2026-09-21 22:51:05,1,6,2,0,0,8,26.0,83.12783901074171
2026-09-21 22:51:18,0,11,0,0,0,11,44.0,153.33589259067202
2026-09-21 22:51:30,0,3,0,0,2,5,24.0,67.00222726147332
2026-09-21 22:51:43,2,12,1,1,5,19,86.0,343.6329755256432
2026-09-21 22:51:55,2,17,0,3,0,20,89.0,359.9624969573846
2026-09-21 22:52:07,2,16,0,1,2,19,83.0,331.64577870498124
2026-09-21 22:52:19,1,8,0,0,5,13,62.0,225.62155443614603
2026-09-21 22:52:36,1,6,1,0,3,10,43.0,146.10949673032994
2026-09-21 22:52:45,0,2,0,0,4,6,32.0,94.26912476977003
2026-09-21 22:52:57,1,5,0,2,1,8,40.0,127.88898309344879
2026-09-21 22:53:10,0,9,0,0,0,9,36.0,118.89306334778566
2026-09-21 22:53:22,1,7,1,0,3,11,47.0,163.79061254003602
2026-09-21 22:53:33,0,6,0,0,0,6,24.0,70.70184357732752
2026-09-21 22:53:45,4,3,1,0,2,6,25.0,73.64775372638283
2026-09-21 22:54:00,0,12,0,0,4,16,72.0,275.9913607720476
2026-09-21 22:54:10,3,13,5,0,4,22,81.0,334.97503149026113
2026-09-21 22:54:22,8,4,2,0,4,10,42.0,142.71160145753157
2026-09-21 22:54:34,0,7,0,0,0,7,28.0,86.2243631670354
2026-09-21 22:54:49,0,1,0,0,1,2,10.0,20.986122886681102
2026-09-21 22:55:00,2,5,0,0,0,5,20.0,55.8351893845611
2026-09-21 22:55:12,8,9,4,0,0,13,40.0,145.56229318461033
2026-09-21 22:55:24,1,8,2,0,1,11,40.0,139.39626599152
2026-09-21 22:55:40,0,6,0,0,3,9,42.0,138.70857390574992
2026-09-21 22:55:48,4,6,2,2,3,13,58.0,211.06532511768498
2026-09-21 22:56:01,0,8,0,0,5,13,62.0,225.62155443614603
2026-09-21 22:56:13,0,3,1,0,6,10,49.0,166.49686836712016
2026-09-21 22:56:25,1,2,1,1,5,9,46.0,151.91891427772612
2026-09-21 22:56:37,3,9,1,0,2,12,49.0,174.6825185156153
2026-09-21 22:56:49,1,11,1,0,0,12,45.0,160.42272108576915
2026-09-21 22:57:01,0,4,0,0,0,4,16.0,41.75100659894561
2026-09-21 22:57:13,2,2,0,0,1,3,14.0,33.40812105567847
2026-09-21 22:57:25,0,7,0,1,3,11,53.0,184.70005243876403
2026-09-21 22:57:38,0,7,0,0,0,7,28.0,86.2243631670354
2026-09-21 22:57:55,1,9,2,0,1,12,44.0,156.85777172830763
2026-09-21 22:58:06,1,7,0,0,2,9,40.0,132.10340371976184
2026-09-21 22:58:20,0,8,0,0,3,11,50.0,174.24533248940003
2026-09-21 22:58:30,0,2,0,0,4,6,32.0,94.26912476977003
2026-09-21 22:58:43,1,9,1,0,2,12,49.0,174.6825185156153
2026-09-21 22:58:56,0,3,0,0,2,5,24.0,67.00222726147332
2026-09-21 22:59:06,0,2,0,0,0,2,8.0,16.78889830934488
2026-09-21 22:59:18,2,5,2,0,0,7,22.0,67.74771391695639
2026-09-21 22:59:31,2,8,1,0,1,10,39.0,132.51791563913645
2026-09-21 22:59:44,0,11,0,0,1,12,50.0,178.24746787307683
2026-09-21 22:59:56,4,16,4,0,1,21,74.0,302.7371415485154
2026-09-21 23:00:06,0,8,0,0,3,11,50.0,174.24533248940003
2026-09-21 23:00:18,0,3,0,0,2,5,24.0,67.00222726147332
2026-09-21 23:00:31,1,9,0,1,0,10,43.0,146.10949673032994
2026-09-21 23:00:43,0,5,0,0,4,9,44.0,145.31374409173802
2026-09-21 23:00:55,1,6,0,1,0,7,31.0,95.4626877920749
2026-09-21 23:01:07,0,1,0,0,0,1,4.0,6.772588722239782
2026-09-21 23:01:21,2,3,0,0,0,3,12.0,28.63553233343869
2026-09-21 23:01:33,0,4,0,0,2,6,28.0,82.48548417354877
2026-09-21 23:01:45,0,6,0,0,2,8,36.0,115.1000847841039
2026-09-21 23:01:57,3,6,1,1,5,13,62.0,225.62155443614603
2026-09-21 23:02:12,0,9,0,0,2,11,48.0,167.27551918982402
2026-09-21 23:02:27,2,12,0,0,2,14,60.0,222.4830120661326
2026-09-21 23:02:37,2,6,0,1,1,8,37.0,118.29730936144013
2026-09-21 23:02:49,1,9,1,1,2,13,56.0,203.78721045845447
2026-09-21 23:03:01,0,1,0,0,2,3,16.0,38.18070977791825
2026-09-21 23:03:13,0,1,0,0,0,1,4.0,6.772588722239782
2026-09-21 23:03:25,0,7,1,0,0,8,29.0,92.71951274275037
2026-09-21 23:03:37,0,9,1,0,1,11,43.0,149.85098594088402
2026-09-21 23:03:49,0,6,0,0,1,7,30.0,92.38324625039508
2026-09-21 23:04:01,0,14,0,0,0,14,56.0,207.65081126172376
2026-09-21 23:04:13,0,9,0,0,4,13,60.0,218.34343977691552
2026-09-21 23:04:28,0,10,0,1,10,21,107.0,437.7415425093398
2026-09-21 23:04:38,3,9,2,3,3,17,77.0,299.5586253580047
2026-09-21 23:04:50,0,5,0,0,0,5,20.0,55.8351893845611
2026-09-21 23:05:02,2,7,1,0,3,11,47.0,163.79061254003602
2026-09-21 23:05:16,0,3,0,0,0,3,12.0,28.63553233343869
2026-09-21 23:05:26,0,2,0,0,0,2,8.0,16.78889830934488
2026-09-21 23:05:41,0,8,0,0,4,12,56.0,199.63716401784606
2026-09-21 23:05:50,0,3,0,0,0,3,12.0,28.63553233343869
2026-09-21 23:06:03,8,4,14,0,0,18,30.0,118.3331693749932
2026-09-21 23:06:16,2,7,1,2,0,10,43.0,146.10949673032994
2026-09-21 23:06:29,0,11,0,0,4,15,68.0,256.5360331123051
2026-09-21 23:06:42,0,6,0,0,3,9,42.0,138.70857390574992
2026-09-21 23:06:53,0,3,1,1,0,5,20.0,55.8351893845611
2026-09-21 23:07:06,0,5,0,0,1,6,26.0,76.59366387543815
2026-09-21 23:07:20,0,1,0,0,0,1,4.0,6.772588722239782
2026-09-21 23:07:31,2,2,1,0,0,3,9.0,21.476649250079017
2026-09-21 23:07:41,1,4,1,0,2,7,29.0,89.30380470871523
2026-09-21 23:07:57,0,2,0,0,1,3,14.0,33.40812105567847
2026-09-21 23:08:06,10,7,12,0,0,19,40.0,159.82929094215964
2026-09-21 23:08:18,3,15,3,0,1,19,69.0,275.70552687522536
2026-09-21 23:08:30,0,13,0,0,4,17,76.0,295.6682536001085
2026-09-21 23:08:44,0,8,0,0,4,12,56.0,199.63716401784606
2026-09-21 23:08:54,0,11,1,0,0,12,45.0,160.42272108576915
2026-09-21 23:09:11,0,6,0,0,3,9,42.0,138.70857390574992
2026-09-21 23:09:18,0,3,0,0,0,3,12.0,28.63553233343869
2026-09-21 23:09:31,0,2,0,0,0,2,8.0,16.78889830934488
2026-09-21 23:09:43,1,10,0,1,0,11,47.0,163.79061254003602
2026-09-21 23:09:55,0,9,1,1,1,12,50.0,178.24746787307683
2026-09-21 23:10:08,5,3,4,0,0,7,16.0,49.27106466687737
2026-09-21 23:10:21,0,7,0,1,5,13,65.0,236.5387264249918
2026-09-21 23:10:36,0,13,0,1,6,20,95.0,384.22963158372517
2026-09-21 23:10:49,1,8,3,0,3,14,53.0,196.52666065841714
2026-09-21 23:10:57,0,16,1,0,3,20,83.0,335.69536233104407
2026-09-21 23:11:13,0,6,0,2,5,13,68.0,247.45589841383756
2026-09-21 23:11:21,1,2,0,0,0,2,8.0,16.78889830934488
2026-09-21 23:11:33,0,2,0,0,0,2,8.0,16.78889830934488
2026-09-21 23:11:49,1,2,0,0,1,3,14.0,33.40812105567847
2026-09-21 23:12:01,0,11,0,0,2,13,56.0,203.78721045845447
2026-09-21 23:12:13,8,4,3,0,2,9,31.0,102.38013788281542
2026-09-21 23:12:25,4,3,2,0,6,11,50.0,174.24533248940003
2026-09-21 23:12:37,1,8,0,2,5,15,76.0,286.7167428902234
2026-09-21 23:12:53,3,4,2,0,4,10,42.0,142.71160145753157
2026-09-21 23:13:01,0,7,1,2,1,11,49.0,170.76042583961203
2026-09-21 23:13:13,0,12,1,0,0,13,49.0,178.31380915114767
2026-09-21 23:13:26,0,4,0,0,0,4,16.0,41.75100659894561
2026-09-21 23:13:38,0,2,1,0,0,3,9.0,21.476649250079017
2026-09-21 23:13:50,2,5,0,0,0,5,20.0,55.8351893845611
2026-09-21 23:14:02,0,8,0,0,0,8,32.0,102.31118647475903
2026-09-21 23:14:14,5,2,3,1,1,7,24.0,73.90659700031605
2026-09-21 23:14:27,0,5,0,3,6,14,77.0,285.5198654848702
2026-09-21 23:14:38,3,9,2,1,5,17,75.0,291.77788184221237
2026-09-21 23:14:53,7,5,5,0,1,11,31.0,108.03210614342801
2026-09-21 23:15:02,0,6,0,0,2,8,36.0,115.1000847841039
2026-09-21 23:15:15,3,3,1,1,1,6,26.0,76.59366387543815
2026-09-21 23:15:29,0,3,0,0,0,3,12.0,28.63553233343869
2026-09-21 23:15:39,0,2,0,0,0,2,8.0,16.78889830934488
2026-09-21 23:15:51,0,1,0,0,0,1,4.0,6.772588722239782
2026-09-21 23:16:03,0,7,0,0,1,8,34.0,108.70563562943147
2026-09-21 23:16:19,3,2,1,0,0,3,9.0,21.476649250079017
2026-09-21 23:16:28,0,5,0,1,4,10,51.0,173.29265891271692
2026-09-21 23:16:40,0,4,0,4,8,16,92.0,352.6556276531719
2026-09-21 23:16:51,0,9,0,0,7,16,78.0,298.99064083638484
2026-09-21 23:17:04,2,3,5,0,5,13,47.0,171.03569449191716
2026-09-21 23:17:16,0,3,0,0,2,5,24.0,67.00222726147332
2026-09-21 23:17:28,1,1,0,1,0,2,11.0,23.08473517534921
2026-09-21 23:17:41,0,2,0,0,0,2,8.0,16.78889830934488
2026-09-21 23:17:55,2,4,4,0,0,8,20.0,63.94449154672439
2026-09-21 23:18:08,1,7,0,0,2,9,40.0,132.10340371976184
2026-09-21 23:18:18,0,8,0,0,1,9,38.0,125.49823353377374
2026-09-21 23:18:28,10,7,5,3,4,19,78.0,311.66711733721127
2026-09-21 23:18:40,2,8,0,4,1,13,66.0,240.17778375460705
2026-09-21 23:18:54,1,12,0,1,3,16,73.0,279.8245741161038
2026-09-21 23:19:06,2,5,4,0,0,9,24.0,79.2620422318571
2026-09-21 23:19:18,1,4,1,0,0,5,17.0,47.459910976876934
2026-09-21 23:19:33,0,4,0,0,0,4,16.0,41.75100659894561
2026-09-21 23:19:49,0,3,0,0,1,4,18.0,46.96988242381381
2026-09-21 23:19:57,7,2,2,0,0,4,10.0,26.094379124341003
2026-09-21 23:20:09,1,12,0,0,0,12,48.0,171.11756915815377
2026-09-21 23:20:27,1,5,0,0,1,6,26.0,76.59366387543815
2026-09-21 23:20:33,1,9,0,1,0,10,43.0,146.10949673032994
2026-09-21 23:20:45,2,11,4,1,2,18,67.0,264.2774116041515
2026-09-21 23:20:58,1,9,2,0,2,13,50.0,181.9528664807629
2026-09-21 23:21:13,1,6,1,1,0,8,32.0,102.31118647475903
2026-09-21 23:21:22,0,4,0,0,1,5,22.0,61.418708323017206
2026-09-21 23:21:34,0,4,0,0,0,4,16.0,41.75100659894561
2026-09-21 23:21:46,0,3,0,0,0,3,12.0,28.63553233343869
2026-09-21 23:21:58,4,2,3,0,0,5,11.0,30.709354161508603
2026-09-21 23:22:11,0,7,0,1,2,10,47.0,159.70107782152343
2026-09-21 23:22:24,0,2,0,0,0,2,8.0,16.78889830934488
2026-09-21 23:22:39,0,11,1,0,3,15,63.0,237.6730895011062
2026-09-21 23:22:47,0,9,0,0,5,14,66.0,244.73131327274587
2026-09-21 23:22:59,0,1,0,1,3,5,29.0,80.9610246076136
2026-09-21 23:23:13,0,5,0,0,5,10,50.0,169.89476363991852
2026-09-21 23:23:25,0,3,0,1,2,6,31.0,91.32321462071472
2026-09-21 23:23:38,0,3,0,0,0,3,12.0,28.63553233343869
2026-09-21 23:23:51,1,5,0,0,0,5,20.0,55.8351893845611
2026-09-21 23:24:03,1,3,3,0,0,6,15.0,44.1886522358297
2026-09-21 23:24:16,0,13,0,0,1,14,58.0,215.06691166392818
2026-09-21 23:24:28,0,7,0,0,0,7,28.0,86.2243631670354
2026-09-21 23:24:40,1,12,1,2,1,16,69.0,264.49172073987893
2026-09-21 23:24:52,1,3,0,1,3,7,37.0,113.93933704215392
2026-09-21 23:25:04,0,4,1,0,3,8,35.0,111.90286020676768
2026-09-21 23:25:16,0,8,0,0,2,10,44.0,149.5073920031283
2026-09-21 23:25:28,3,2,2,0,0,4,10.0,26.094379124341003
2026-09-21 23:25:41,0,3,0,0,1,4,18.0,46.96988242381381
2026-09-21 23:25:52,0,2,0,0,0,2,8.0,16.78889830934488
2026-09-21 23:26:06,2,4,0,0,2,6,28.0,82.48548417354877
2026-09-21 23:26:18,1,5,0,0,0,5,20.0,55.8351893845611
2026-09-21 23:26:31,0,3,0,0,1,4,18.0,46.96988242381381
2026-09-21 23:26:45,3,8,2,0,2,12,46.0,163.98767044323068
2026-09-21 23:26:57,1,0,1,3,10,14,82.0,304.06011649038123
2026-09-21 23:27:09,5,4,2,0,4,10,42.0,142.71160145753157
2026-09-21 23:27:21,2,8,1,0,3,12,51.0,181.8124172305384
2026-09-21 23:27:33,1,11,4,0,0,15,48.0,181.0842586675095
2026-09-21 23:27:45,1,6,1,0,0,7,25.0,76.9860385419959
2026-09-21 23:27:57,0,2,0,0,0,2,8.0,16.78889830934488
2026-09-21 23:28:09,2,1,2,0,0,3,6.0,14.317766166719345
2026-09-21 23:28:21,1,8,0,0,1,9,38.0,125.49823353377374
2026-09-21 23:28:35,0,5,0,0,1,6,26.0,76.59366387543815
2026-09-21 23:28:48,1,4,0,1,2,7,35.0,107.78045395879425
2026-09-21 23:28:59,5,11,4,0,7,22,90.0,372.1944794336235
2026-09-21 23:29:12,0,2,0,0,9,11,62.0,216.06421228685602
2026-09-21 23:29:25,0,9,0,0,2,11,48.0,167.27551918982402
2026-09-21 23:29:37,0,16,0,0,2,18,76.0,299.77736241664945
2026-09-21 23:29:49,5,6,3,0,1,10,33.0,112.13054400234623
2026-09-21 23:30:02,1,7,0,0,1,8,34.0,108.70563562943147
2026-09-21 23:30:14,0,7,1,0,1,9,35.0,115.5904782547916
2026-09-21 23:30:26,0,13,0,0,1,14,58.0,215.06691166392818
2026-09-21 23:30:38,0,8,0,0,0,8,32.0,102.31118647475903
2026-09-21 23:30:51,2,8,3,0,0,11,35.0,121.97173274258002
2026-09-21 23:31:03,1,11,0,1,2,14,63.0,233.60716266943925
2026-09-21 23:31:19,3,4,1,2,4,11,55.0,191.66986573834
2026-09-21 23:31:27,0,8,1,0,5,14,63.0,233.60716266943925
2026-09-21 23:31:39,4,2,2,0,2,6,22.0,64.81002327921689
2026-09-21 23:31:51,2,14,1,0,0,15,57.0,215.03755716766753
2026-09-21 23:32:03,0,5,0,0,0,5,20.0,55.8351893845611
2026-09-21 23:32:15,0,7,0,0,0,7,28.0,86.2243631670354
2026-09-21 23:32:27,1,6,0,2,2,10,50.0,169.89476363991852
2026-09-21 23:32:40,1,12,0,0,1,13,54.0,196.50909579922396
2026-09-21 23:32:52,0,3,1,0,1,5,19.0,53.04342991533304
2026-09-21 23:33:05,1,5,0,0,5,10,50.0,169.89476363991852
2026-09-21 23:33:16,2,5,1,0,3,9,39.0,128.80081862676778
2026-09-21 23:33:28,3,6,3,0,1,10,33.0,112.13054400234623
2026-09-21 23:33:40,1,4,0,1,2,7,35.0,107.78045395879425
2026-09-21 23:33:53,0,9,0,0,5,14,66.0,244.73131327274587
2026-09-21 23:34:05,0,2,0,0,0,2,8.0,16.78889830934488
2026-09-21 23:34:17,0,3,2,0,0,5,14.0,39.08463256919277
2026-09-21 23:34:29,1,8,2,0,0,10,34.0,115.5284392751446
2026-09-21 23:34:41,0,7,0,0,0,7,28.0,86.2243631670354
2026-09-21 23:34:53,8,4,4,0,1,9,26.0,85.8672124178452
2026-09-21 23:35:05,2,16,2,0,2,20,78.0,315.47275014242695
2026-09-21 23:35:17,0,10,0,2,4,16,78.0,298.99064083638484
2026-09-21 23:35:31,1,6,0,0,3,9,42.0,138.70857390574992
2026-09-21 23:35:43,1,4,1,1,2,8,36.0,115.1000847841039
2026-09-21 23:35:55,0,6,0,1,4,11,55.0,191.66986573834
2026-09-21 23:36:07,0,6,0,0,3,9,42.0,138.70857390574992
2026-09-21 23:36:19,1,5,0,0,0,5,20.0,55.8351893845611
2026-09-21 23:36:32,1,7,0,0,0,7,28.0,86.2243631670354
2026-09-21 23:36:44,1,7,1,0,0,8,29.0,92.71951274275037
2026-09-21 23:36:56,6,1,4,1,0,6,15.0,44.1886522358297
2026-09-21 23:37:08,0,14,0,0,3,17,74.0,287.88751008431615
2026-09-21 23:37:20,1,9,0,1,2,12,55.0,196.07221466038453
2026-09-21 23:37:32,6,7,3,0,3,13,49.0,178.31380915114767
2026-09-21 23:37:46,1,12,2,0,6,20,86.0,347.8289296442143
2026-09-21 23:37:58,1,2,1,0,5,8,39.0,124.69175851611256
2026-09-21 23:38:10,3,2,0,0,2,4,20.0,52.18875824868201
2026-09-21 23:38:22,0,2,0,0,0,2,8.0,16.78889830934488
2026-09-21 23:38:34,1,4,2,1,1,8,31.0,99.11396189742281
2026-09-21 23:38:46,0,10,1,0,0,11,41.0,142.881172641308
2026-09-21 23:38:59,4,6,4,0,0,10,28.0,95.14106763835437
2026-09-21 23:39:12,1,7,2,0,2,11,42.0,146.366079291096
2026-09-21 23:39:24,0,9,0,0,6,15,72.0,271.6263880012642
2026-09-21 23:39:36,0,5,1,1,1,8,34.0,108.70563562943147
2026-09-21 23:39:48,0,7,0,0,0,7,28.0,86.2243631670354
2026-09-21 23:40:01,1,7,0,0,0,7,28.0,86.2243631670354
2026-09-21 23:40:12,0,5,0,0,0,5,20.0,55.8351893845611
2026-09-21 23:40:24,0,2,0,0,0,2,8.0,16.78889830934488
2026-09-21 23:40:36,1,7,2,0,1,10,36.0,122.32422982074135
2026-09-21 23:40:48,1,3,0,0,1,4,18.0,46.96988242381381
2026-09-21 23:41:01,1,2,0,0,0,2,8.0,16.78889830934488
2026-09-21 23:41:13,0,15,1,2,2,20,87.0,351.8734520819378
2026-09-21 23:41:25,0,4,0,0,2,6,28.0,82.48548417354877
2026-09-21 23:41:37,1,1,0,0,6,7,40.0,123.17766166719343
2026-09-21 23:41:52,3,1,0,0,3,4,22.0,57.40763407355021
2026-09-21 23:42:04,0,10,0,0,0,10,40.0,135.91581091193484
2026-09-21 23:42:16,0,5,0,0,0,5,20.0,55.8351893845611
2026-09-21 23:42:28,0,1,0,0,0,1,4.0,6.772588722239782
2026-09-21 23:42:40,2,1,0,0,0,1,4.0,6.772588722239782
2026-09-21 23:42:52,0,3,0,0,0,3,12.0,28.63553233343869
2026-09-21 23:43:04,0,1,0,0,0,1,4.0,6.772588722239782
2026-09-21 23:43:17,2,10,1,0,4,15,65.0,245.21826694558578
2026-09-21 23:43:29,0,8,0,0,3,11,50.0,174.24533248940003
2026-09-21 23:43:41,2,6,0,0,0,6,24.0,70.70184357732752
2026-09-21 23:43:53,0,5,1,0,2,8,33.0,105.50841105209524
2026-09-21 23:44:05,0,10,0,0,0,10,40.0,135.91581091193484
2026-09-21 23:44:19,0,7,0,0,0,7,28.0,86.2243631670354
2026-09-21 23:44:31,0,1,0,0,0,1,4.0,6.772588722239782
2026-09-21 23:44:43,0,6,2,2,1,11,46.0,160.30570589024802
2026-09-21 23:44:55,2,3,2,0,2,7,26.0,80.06548008367572
2026-09-21 23:45:07,0,6,0,0,0,6,24.0,70.70184357732752
2026-09-21 23:45:21,1,10,1,0,2,13,53.0,192.8700384696087
2026-09-21 23:45:35,0,10,0,1,8,19,95.0,379.59456598762915
2026-09-21 23:45:47,1,5,1,3,2,11,54.0,188.184959088552
2026-09-21 23:45:59,1,1,3,0,4,8,31.0,99.11396189742281
2026-09-21 23:46:11,0,7,1,0,3,11,47.0,163.79061254003602
2026-09-21 23:46:24,0,9,0,1,1,11,49.0,170.76042583961203
2026-09-21 23:46:36,0,4,0,0,0,4,16.0,41.75100659894561
2026-09-21 23:46:48,1,7,4,0,0,11,32.0,111.51701279321601
2026-09-21 23:47:00,1,5,1,0,0,6,21.0,61.864113130161584
2026-09-21 23:47:12,1,1,0,0,0,1,4.0,6.772588722239782
2026-09-21 23:47:24,1,8,0,0,3,11,50.0,174.24533248940003
2026-09-21 23:47:36,1,14,0,0,1,15,62.0,233.90050077886644
2026-09-21 23:47:48,0,9,0,0,2,11,48.0,167.27551918982402
2026-09-21 23:48:00,1,3,0,0,3,6,30.0,88.3773044716594
2026-09-21 23:48:13,0,4,1,0,4,9,41.0,135.40598881275588
2026-09-21 23:48:25,0,3,0,0,0,3,12.0,28.63553233343869
2026-09-21 23:48:37,0,6,0,0,0,6,24.0,70.70184357732752
2026-09-21 23:48:50,2,1,0,0,0,1,4.0,6.772588722239782
2026-09-21 23:49:01,0,7,0,0,1,8,34.0,108.70563562943147
2026-09-21 23:49:13,0,7,0,0,0,7,28.0,86.2243631670354
2026-09-21 23:49:25,1,8,5,0,0,13,37.0,134.64512119576457
2026-09-21 23:49:37,0,6,0,1,2,9,43.0,142.01115899874398
2026-09-21 23:49:50,0,7,0,0,4,11,52.0,181.21514578897603
2026-09-21 23:50:03,0,10,0,0,5,15,70.0,264.0812105567847
2026-09-21 23:50:14,0,7,0,0,0,7,28.0,86.2243631670354
2026-09-21 23:50:26,1,8,0,0,1,9,38.0,125.49823353377374
2026-09-21 23:50:38,0,1,0,0,0,1,4.0,6.772588722239782
2026-09-21 23:50:50,3,2,1,1,0,4,16.0,41.75100659894561
2026-09-21 23:51:02,0,8,0,1,1,10,45.0,152.90528727592667
2026-09-21 23:51:14,0,2,0,0,1,3,14.0,33.40812105567847
2026-09-21 23:51:27,7,10,8,0,0,18,48.0,189.33307099998913
2026-09-21 23:51:39,1,11,1,1,4,17,76.0,295.6682536001085
2026-09-21 23:51:51,0,4,0,0,3,7,34.0,104.70101241711441
2026-09-21 23:52:05,1,4,0,0,1,5,22.0,61.418708323017206
2026-09-21 23:52:17,1,9,0,0,0,9,36.0,118.89306334778566
2026-09-21 23:52:29,0,9,0,0,0,9,36.0,118.89306334778566
2026-09-21 23:52:41,0,3,0,0,0,3,12.0,28.63553233343869
2026-09-21 23:52:53,1,2,4,0,0,6,12.0,35.35092178866376
2026-09-21 23:53:05,0,3,0,0,1,4,18.0,46.96988242381381
2026-09-21 23:53:17,0,1,0,0,2,3,16.0,38.18070977791825
2026-09-21 23:53:30,7,2,4,0,0,6,12.0,35.35092178866376
2026-09-21 23:53:42,0,7,0,0,0,7,28.0,86.2243631670354
2026-09-21 23:53:55,1,3,1,0,2,6,25.0,73.64775372638283
2026-09-21 23:54:06,1,3,0,0,0,3,12.0,28.63553233343869
2026-09-21 23:54:18,0,5,0,0,0,5,20.0,55.8351893845611
2026-09-21 23:54:31,0,6,0,0,0,6,24.0,70.70184357732752
2026-09-21 23:54:43,1,1,0,0,0,1,4.0,6.772588722239782
2026-09-21 23:54:56,2,1,1,0,0,2,5.0,10.493061443340551
2026-09-21 23:55:08,1,7,0,0,1,8,34.0,108.70563562943147
2026-09-21 23:55:20,0,5,0,0,0,5,20.0,55.8351893845611
2026-09-21 23:55:33,5,1,2,0,0,3,6.0,14.317766166719345
2026-09-21 23:55:45,3,17,2,1,1,21,83.0,339.55652362874025
2026-09-21 23:55:57,0,6,0,0,5,11,54.0,188.184959088552
2026-09-21 23:56:09,0,4,0,0,0,4,16.0,41.75100659894561
2026-09-21 23:56:21,0,3,0,0,0,3,12.0,28.63553233343869
2026-09-21 23:56:33,0,1,0,0,1,2,10.0,20.986122886681102
2026-09-21 23:56:45,0,2,0,0,0,2,8.0,16.78889830934488
2026-09-21 23:56:57,1,1,0,0,0,1,4.0,6.772588722239782
2026-09-21 23:57:11,0,7,1,0,0,8,29.0,92.71951274275037
2026-09-21 23:57:23,0,9,0,0,2,11,48.0,167.27551918982402
2026-09-21 23:57:35,0,3,0,1,3,7,37.0,113.93933704215392
2026-09-21 23:57:47,0,14,0,1,1,16,69.0,264.49172073987893
2026-09-21 23:57:59,1,11,2,1,5,19,83.0,331.64577870498124
2026-09-21 23:58:11,0,1,0,0,2,3,16.0,38.18070977791825
2026-09-21 23:58:24,1,1,0,0,1,2,10.0,20.986122886681102
2026-09-21 23:58:36,0,2,0,0,1,3,14.0,33.40812105567847
2026-09-21 23:58:48,0,3,0,0,0,3,12.0,28.63553233343869
2026-09-21 23:59:00,1,2,1,0,0,3,9.0,21.476649250079017
2026-09-21 23:59:12,1,6,0,0,1,7,30.0,92.38324625039508
2026-09-21 23:59:24,1,3,0,0,0,3,12.0,28.63553233343869
2026-09-21 23:59:37,0,1,0,0,0,1,4.0,6.772588722239782
2026-09-21 23:59:49,0,10,0,0,4,14,64.0,237.31521287054144
2026-09-22 00:00:01,0,10,1,0,5,16,71.0,272.15814742799137
2026-09-22 00:00:14,2,2,0,0,2,4,20.0,52.18875824868201
2026-09-22 00:00:26,0,6,0,0,0,6,24.0,70.70184357732752
2026-09-22 00:00:38,0,1,0,0,3,4,22.0,57.40763407355021
2026-09-22 00:00:50,0,1,0,0,0,1,4.0,6.772588722239782
2026-09-22 00:01:02,0,1,0,0,0,1,4.0,6.772588722239782
2026-09-22 00:01:14,2,5,0,0,0,5,20.0,55.8351893845611
2026-09-22 00:01:26,0,9,0,0,1,10,42.0,142.71160145753157
2026-09-22 00:01:38,0,2,0,0,1,3,14.0,33.40812105567847
2026-09-22 00:01:50,2,10,1,0,1,12,47.0,167.5526198006922
2026-09-22 00:02:03,1,5,1,0,0,6,21.0,61.864113130161584
2026-09-22 00:02:15,0,1,0,0,0,1,4.0,6.772588722239782
2026-09-22 00:02:28,2,6,0,0,0,6,24.0,70.70184357732752
2026-09-22 00:02:40,0,4,0,0,0,4,16.0,41.75100659894561
2026-09-22 00:02:53,0,2,0,0,0,2,8.0,16.78889830934488
2026-09-22 00:03:05,2,10,3,0,3,16,61.0,233.82601398742918
2026-09-22 00:03:17,0,5,0,2,2,9,46.0,151.91891427772612
2026-09-22 00:03:29,1,1,0,1,2,4,23.0,60.01707198598431
2026-09-22 00:03:41,0,9,2,0,1,12,44.0,156.85777172830763
2026-09-22 00:03:53,0,6,0,0,1,7,30.0,92.38324625039508
2026-09-22 00:04:05,6,1,5,0,0,6,9.0,26.513191341497823
2026-09-22 00:04:17,0,8,0,0,2,10,44.0,149.5073920031283
2026-09-22 00:04:29,0,3,0,0,2,5,24.0,67.00222726147332
2026-09-22 00:04:42,0,5,0,0,0,5,20.0,55.8351893845611
2026-09-22 00:04:54,1,4,2,0,1,7,24.0,73.90659700031605
2026-09-22 00:05:06,1,6,0,0,0,6,24.0,70.70184357732752
2026-09-22 00:05:18,6,4,3,0,1,8,25.0,79.9306144334055
2026-09-22 00:05:30,0,9,0,1,0,10,43.0,146.10949673032994
2026-09-22 00:05:42,1,2,0,0,0,2,8.0,16.78889830934488
2026-09-22 00:05:54,0,1,0,0,0,1,4.0,6.772588722239782
2026-09-22 00:06:07,0,7,0,0,2,9,40.0,132.10340371976184
2026-09-22 00:06:18,2,4,1,0,0,5,17.0,47.459910976876934
2026-09-22 00:06:31,8,3,8,0,0,11,20.0,69.69813299576
2026-09-22 00:06:43,1,10,1,0,6,17,77.0,299.5586253580047
2026-09-22 00:06:55,0,15,0,1,3,19,85.0,339.6372432520892
2026-09-22 00:07:07,0,5,0,0,0,5,20.0,55.8351893845611
2026-09-22 00:07:19,0,2,0,0,0,2,8.0,16.78889830934488
2026-09-22 00:07:31,0,4,0,1,3,8,41.0,131.086207670785
2026-09-22 00:07:43,0,2,1,0,0,3,9.0,21.476649250079017
2026-09-22 00:07:56,0,4,0,0,1,5,22.0,61.418708323017206
2026-09-22 00:08:08,1,2,0,0,0,2,8.0,16.78889830934488
2026-09-22 00:08:20,0,2,0,0,0,2,8.0,16.78889830934488
2026-09-22 00:08:32,0,4,0,0,0,4,16.0,41.75100659894561
2026-09-22 00:08:44,0,1,0,0,1,2,10.0,20.986122886681102
2026-09-22 00:08:56,1,2,3,1,3,9,36.0,118.89306334778566
2026-09-22 00:09:08,0,7,1,0,6,14,65.0,241.02326307164364
2026-09-22 00:09:20,1,2,0,0,0,2,8.0,16.78889830934488
2026-09-22 00:09:32,0,1,1,1,1,4,18.0,46.96988242381381
2026-09-22 00:09:45,2,5,0,0,0,5,20.0,55.8351893845611
2026-09-22 00:09:57,1,1,0,0,0,1,4.0,6.772588722239782
2026-09-22 00:10:09,1,4,1,0,1,6,23.0,67.75593342827221
2026-09-22 00:10:21,0,5,0,0,8,13,68.0,247.45589841383756
2026-09-22 00:10:33,1,1,0,0,0,1,4.0,6.772588722239782
2026-09-22 00:10:45,0,3,0,0,0,3,12.0,28.63553233343869
2026-09-22 00:10:57,0,3,0,0,0,3,12.0,28.63553233343869
2026-09-22 00:11:10,0,2,0,0,0,2,8.0,16.78889830934488
2026-09-22 00:11:22,0,10,0,2,4,16,78.0,298.99064083638484
2026-09-22 00:11:35,0,2,0,0,3,5,26.0,72.58574619992943
2026-09-22 00:11:47,0,1,0,0,0,1,4.0,6.772588722239782
2026-09-22 00:11:59,0,6,0,0,0,6,24.0,70.70184357732752
2026-09-22 00:12:11,0,7,0,0,0,7,28.0,86.2243631670354
2026-09-22 00:12:23,7,1,6,0,0,7,10.0,30.79441541679836
2026-09-22 00:12:35,2,9,1,1,4,15,68.0,256.5360331123051
2026-09-22 00:12:47,2,5,0,1,1,7,33.0,101.62157087543459
2026-09-22 00:12:59,0,1,0,0,1,2,10.0,20.986122886681102
2026-09-22 00:13:12,0,4,1,0,2,7,29.0,89.30380470871523
2026-09-22 00:13:24,0,6,0,0,0,6,24.0,70.70184357732752
2026-09-22 00:13:36,0,2,0,0,1,3,14.0,33.40812105567847
2026-09-22 00:13:48,0,5,0,0,4,9,44.0,145.31374409173802
2026-09-22 00:14:00,0,4,0,0,4,8,40.0,127.88898309344879
2026-09-22 00:14:12,0,2,0,0,0,2,8.0,16.78889830934488
2026-09-22 00:14:24,0,5,0,1,1,7,33.0,101.62157087543459
2026-09-22 00:14:40,0,6,0,1,1,8,37.0,118.29730936144013
2026-09-22 00:14:49,3,4,5,0,1,10,27.0,91.743172365556
2026-09-22 00:15:01,1,15,0,0,5,20,90.0,364.00701939510805
2026-09-22 00:15:13,0,11,1,1,3,16,70.0,268.32493408393515
2026-09-22 00:15:25,1,3,0,0,0,3,12.0,28.63553233343869
2026-09-22 00:15:37,0,5,0,0,0,5,20.0,55.8351893845611
2026-09-22 00:15:49,0,2,0,2,0,4,22.0,57.40763407355021
2026-09-22 00:16:01,3,5,0,2,0,7,34.0,104.70101241711441
2026-09-22 00:16:13,1,14,0,0,3,17,74.0,287.88751008431615
2026-09-22 00:16:28,2,6,0,0,0,6,24.0,70.70184357732752
2026-09-22 00:16:38,0,3,0,0,0,3,12.0,28.63553233343869
2026-09-22 00:16:50,0,5,0,0,0,5,20.0,55.8351893845611
2026-09-22 00:17:02,0,4,0,0,0,4,16.0,41.75100659894561
2026-09-22 00:17:14,3,5,3,0,1,9,29.0,95.77496769682733
2026-09-22 00:17:26,0,7,0,0,3,10,46.0,156.30318254872506
2026-09-22 00:17:38,0,3,0,0,0,3,12.0,28.63553233343869
2026-09-22 00:17:50,0,1,0,0,0,1,4.0,6.772588722239782
2026-09-22 00:18:02,0,4,1,1,1,7,30.0,92.38324625039508
2026-09-22 00:18:15,1,2,0,0,0,2,8.0,16.78889830934488
2026-09-22 00:18:27,3,7,2,0,0,9,30.0,99.07755278982138
2026-09-22 00:18:39,2,7,1,0,4,12,53.0,188.94231594546144
2026-09-22 00:18:51,0,7,0,0,1,8,34.0,108.70563562943147
2026-09-22 00:19:03,2,3,1,0,0,4,13.0,33.922692861643306
2026-09-22 00:19:15,0,6,0,0,2,8,36.0,115.1000847841039
2026-09-22 00:19:27,0,2,0,0,0,2,8.0,16.78889830934488
2026-09-22 00:19:40,0,7,0,2,3,12,60.0,213.8969614476922
2026-09-22 00:19:52,2,4,2,0,4,10,42.0,142.71160145753157
2026-09-22 00:20:04,1,1,0,0,0,1,4.0,6.772588722239782
2026-09-22 00:20:18,0,5,0,0,0,5,20.0,55.8351893845611
2026-09-22 00:20:28,0,1,0,0,0,1,4.0,6.772588722239782
2026-09-22 00:20:40,0,2,0,0,0,2,8.0,16.78889830934488
2026-09-22 00:20:52,0,8,0,0,6,14,68.0,252.1474136749503
2026-09-22 00:21:05,0,7,0,0,2,9,40.0,132.10340371976184
2026-09-22 00:21:18,0,2,0,0,0,2,8.0,16.78889830934488
2026-09-22 00:21:30,1,5,1,0,0,6,21.0,61.864113130161584
2026-09-22 00:21:43,0,3,0,0,0,3,12.0,28.63553233343869
2026-09-22 00:21:55,2,4,2,0,0,6,18.0,53.026382682995646
2026-09-22 00:22:07,2,12,1,0,4,17,73.0,283.99713832642
2026-09-22 00:22:19,0,3,0,0,2,5,24.0,67.00222726147332
2026-09-22 00:22:31,2,2,0,0,0,2,8.0,16.78889830934488
2026-09-22 00:22:43,1,8,0,0,0,8,32.0,102.31118647475903
2026-09-22 00:22:56,0,8,0,0,0,8,32.0,102.31118647475903
2026-09-22 00:23:07,0,10,1,0,2,13,53.0,192.8700384696087
2026-09-22 00:23:20,0,6,0,0,3,9,42.0,138.70857390574992
2026-09-22 00:23:32,0,6,0,0,1,7,30.0,92.38324625039508
2026-09-22 00:23:44,0,3,0,0,0,3,12.0,28.63553233343869
2026-09-22 00:23:56,1,5,0,0,0,5,20.0,55.8351893845611
2026-09-22 00:24:08,0,2,0,0,2,4,20.0,52.18875824868201
2026-09-22 00:24:20,6,1,6,0,1,8,16.0,51.15559323737951
2026-09-22 00:24:32,0,6,0,2,4,12,62.0,221.02686016261526
2026-09-22 00:24:45,0,4,0,0,0,4,16.0,41.75100659894561
2026-09-22 00:24:57,1,4,0,0,0,4,16.0,41.75100659894561
2026-09-22 00:25:09,0,2,0,0,0,2,8.0,16.78889830934488
2026-09-22 00:25:21,0,2,0,0,0,2,8.0,16.78889830934488
2026-09-22 00:25:33,2,5,1,0,0,6,21.0,61.864113130161584
2026-09-22 00:25:45,0,5,0,0,5,10,50.0,169.89476363991852
2026-09-22 00:25:58,0,3,0,0,0,3,12.0,28.63553233343869
2026-09-22 00:26:10,0,1,0,0,0,1,4.0,6.772588722239782
2026-09-22 00:26:23,0,3,0,0,0,3,12.0,28.63553233343869
2026-09-22 00:26:35,0,1,0,0,0,1,4.0,6.772588722239782
2026-09-22 00:26:47,1,11,3,0,0,14,47.0,174.27835945180388
2026-09-22 00:26:59,0,8,0,0,4,12,56.0,199.63716401784606
2026-09-22 00:27:11,0,3,0,0,0,3,12.0,28.63553233343869
2026-09-22 00:27:23,0,3,1,1,0,5,20.0,55.8351893845611
2026-09-22 00:27:35,0,5,0,0,1,6,26.0,76.59366387543815
2026-09-22 00:27:47,0,1,0,0,0,1,4.0,6.772588722239782
2026-09-22 00:28:00,1,12,1,0,2,15,61.0,230.12791205662666
2026-09-22 00:28:12,0,12,0,1,1,14,61.0,226.19106226723483
2026-09-22 00:28:24,0,5,0,0,0,5,20.0,55.8351893845611
2026-09-22 00:28:36,1,3,0,0,0,3,12.0,28.63553233343869
2026-09-22 00:28:48,0,6,1,0,0,7,25.0,76.9860385419959
2026-09-22 00:29:00,1,1,0,0,0,1,4.0,6.772588722239782
2026-09-22 00:29:12,0,10,0,0,0,10,40.0,135.91581091193484
2026-09-22 00:29:24,0,2,0,1,2,5,27.0,75.37750566915749
2026-09-22 00:29:36,0,1,0,0,0,1,4.0,6.772588722239782
2026-09-22 00:29:49,0,2,0,0,0,2,8.0,16.78889830934488
2026-09-22 00:30:03,0,3,0,0,0,3,12.0,28.63553233343869
2026-09-22 00:30:15,5,2,2,0,1,5,16.0,44.66815150764888
2026-09-22 00:30:27,0,9,1,1,4,15,68.0,256.5360331123051
2026-09-22 00:30:39,1,5,0,1,1,7,33.0,101.62157087543459
2026-09-22 00:30:52,0,3,0,0,1,4,18.0,46.96988242381381
2026-09-22 00:31:03,0,1,0,0,0,1,4.0,6.772588722239782
2026-09-22 00:31:15,0,1,0,0,0,1,4.0,6.772588722239782
2026-09-22 00:31:29,1,3,3,0,1,7,21.0,64.66827237527654
2026-09-22 00:31:41,0,8,1,1,8,18,88.0,347.11063016664673
2026-09-22 00:31:53,0,5,0,1,1,7,33.0,101.62157087543459
2026-09-22 00:32:05,0,2,0,0,0,2,8.0,16.78889830934488
2026-09-22 00:32:17,1,5,0,1,1,7,33.0,101.62157087543459
2026-09-22 00:32:29,1,2,0,0,0,2,8.0,16.78889830934488
2026-09-22 00:32:41,6,13,5,0,2,20,69.0,279.07204820291616
2026-09-22 00:32:55,0,13,0,0,3,16,70.0,268.32493408393515
2026-09-22 00:33:07,1,7,0,0,1,8,34.0,108.70563562943147
2026-09-22 00:33:19,0,4,0,1,2,7,35.0,107.78045395879425
2026-09-22 00:33:31,0,3,1,0,0,4,13.0,33.922692861643306
2026-09-22 00:33:43,0,1,0,0,0,1,4.0,6.772588722239782
2026-09-22 00:33:55,0,9,0,0,3,12,54.0,192.50726530292297
2026-09-22 00:34:07,1,6,1,0,4,11,49.0,170.76042583961203
2026-09-22 00:34:19,1,4,0,0,0,4,16.0,41.75100659894561
2026-09-22 00:34:31,0,1,0,0,1,2,10.0,20.986122886681102
2026-09-22 00:34:44,0,3,0,0,0,3,12.0,28.63553233343869
2026-09-22 00:34:56,2,2,2,0,0,4,10.0,26.094379124341003
2026-09-22 00:35:08,0,7,0,0,5,12,58.0,206.76706273276912
2026-09-22 00:35:20,0,5,0,0,1,6,26.0,76.59366387543815
2026-09-22 00:35:32,0,2,0,0,0,2,8.0,16.78889830934488
2026-09-22 00:35:44,0,3,1,0,1,5,19.0,53.04342991533304
2026-09-22 00:35:56,0,4,0,0,0,4,16.0,41.75100659894561
2026-09-22 00:36:09,0,1,0,0,1,2,10.0,20.986122886681102
2026-09-22 00:36:21,0,5,0,0,4,9,44.0,145.31374409173802
2026-09-22 00:36:33,0,3,0,0,3,6,30.0,88.3773044716594
2026-09-22 00:36:45,0,1,0,0,0,1,4.0,6.772588722239782
2026-09-22 00:36:57,0,1,0,0,0,1,4.0,6.772588722239782
2026-09-22 00:37:09,1,0,0,1,1,2,13.0,27.28195975268543
2026-09-22 00:37:21,10,1,5,0,0,6,9.0,26.513191341497823
2026-09-22 00:37:33,0,17,0,0,7,24,110.0,464.07634073550213
2026-09-22 00:37:46,0,7,0,0,5,12,58.0,206.76706273276912
2026-09-22 00:37:58,0,2,0,0,2,4,20.0,52.18875824868201
2026-09-22 00:38:10,1,3,0,0,0,3,12.0,28.63553233343869
2026-09-22 00:38:22,0,6,0,0,0,6,24.0,70.70184357732752
2026-09-22 00:38:34,1,3,0,0,1,4,18.0,46.96988242381381
2026-09-22 00:38:46,0,5,0,0,1,6,26.0,76.59366387543815
2026-09-22 00:38:58,0,3,0,0,0,3,12.0,28.63553233343869
2026-09-22 00:39:10,0,4,0,0,0,4,16.0,41.75100659894561
2026-09-22 00:39:23,0,7,0,0,0,7,28.0,86.2243631670354
2026-09-22 00:39:35,0,2,0,0,0,2,8.0,16.78889830934488
2026-09-22 00:39:47,0,9,0,0,9,18,90.0,354.9995081249796
2026-09-22 00:39:59,0,8,0,0,3,11,50.0,174.24533248940003
2026-09-22 00:40:11,0,3,0,0,3,6,30.0,88.3773044716594
2026-09-22 00:40:23,0,6,0,0,1,7,30.0,92.38324625039508
2026-09-22 00:40:35,0,4,0,0,0,4,16.0,41.75100659894561
2026-09-22 00:40:47,0,2,0,0,0,2,8.0,16.78889830934488
2026-09-22 00:41:00,2,6,1,0,6,13,61.0,221.98249710653076
2026-09-22 00:41:12,0,3,0,0,5,8,42.0,134.28343224812122
2026-09-22 00:41:24,0,1,0,0,2,3,16.0,38.18070977791825
2026-09-22 00:41:36,0,2,0,0,1,3,14.0,33.40812105567847
2026-09-22 00:41:48,0,3,0,3,4,10,57.0,193.68003054950714
2026-09-22 00:42:00,1,2,0,0,2,4,20.0,52.18875824868201
2026-09-22 00:42:12,2,13,5,0,3,21,75.0,306.8281840018737
2026-09-22 00:42:24,1,8,1,1,1,11,46.0,160.30570589024802
2026-09-22 00:42:37,0,4,0,1,1,6,29.0,85.43139432260409
2026-09-22 00:42:49,0,1,0,0,0,1,4.0,6.772588722239782
2026-09-22 00:43:01,0,2,0,0,1,3,14.0,33.40812105567847
2026-09-22 00:43:13,5,1,5,0,0,6,9.0,26.513191341497823
2026-09-22 00:43:25,0,7,0,0,2,9,40.0,132.10340371976184
2026-09-22 00:43:37,4,4,1,0,1,6,23.0,67.75593342827221
2026-09-22 00:43:49,0,1,0,0,0,1,4.0,6.772588722239782
2026-09-22 00:44:03,1,1,0,0,1,2,10.0,20.986122886681102
2026-09-22 00:44:15,0,2,0,0,0,2,8.0,16.78889830934488
2026-09-22 00:44:27,0,5,1,0,0,6,21.0,61.864113130161584
2026-09-22 00:44:40,0,5,0,0,4,9,44.0,145.31374409173802
2026-09-22 00:44:52,0,4,0,0,0,4,16.0,41.75100659894561
2026-09-22 00:45:04,0,3,2,0,0,5,14.0,39.08463256919277
2026-09-22 00:45:17,0,3,0,0,1,4,18.0,46.96988242381381
2026-09-22 00:45:28,0,2,0,0,2,4,20.0,52.18875824868201
2026-09-22 00:45:40,1,6,0,0,4,10,48.0,163.0989730943218
2026-09-22 00:45:54,1,17,1,0,3,21,87.0,355.9206934421735
2026-09-22 00:46:06,1,3,0,0,0,3,12.0,28.63553233343869
2026-09-22 00:46:18,0,1,0,0,0,1,4.0,6.772588722239782
2026-09-22 00:46:30,0,2,0,0,0,2,8.0,16.78889830934488
2026-09-22 00:46:42,0,1,0,0,0,1,4.0,6.772588722239782
2026-09-22 00:46:54,0,12,1,0,2,15,61.0,230.12791205662666
2026-09-22 00:47:06,0,11,0,2,8,21,106.0,433.6505000559815
2026-09-22 00:47:19,0,1,0,0,1,2,10.0,20.986122886681102
2026-09-22 00:47:31,0,4,0,1,1,6,29.0,85.43139432260409
2026-09-22 00:47:43,2,3,0,0,0,3,12.0,28.63553233343869
2026-09-22 00:47:55,3,1,5,0,0,6,9.0,26.513191341497823
2026-09-22 00:48:07,1,13,0,1,0,14,59.0,218.7749618650304
2026-09-22 00:48:19,0,4,0,0,3,7,34.0,104.70101241711441
2026-09-22 00:48:31,0,1,0,0,0,1,4.0,6.772588722239782
2026-09-22 00:48:43,0,2,0,0,0,2,8.0,16.78889830934488
2026-09-22 00:48:56,1,3,0,0,0,3,12.0,28.63553233343869
2026-09-22 00:49:09,0,2,3,0,0,5,11.0,30.709354161508603
2026-09-22 00:49:21,0,4,0,0,5,9,46.0,151.91891427772612
2026-09-22 00:49:33,0,1,0,1,0,2,11.0,23.08473517534921
2026-09-22 00:49:45,0,1,0,0,0,1,4.0,6.772588722239782
2026-09-22 00:49:58,1,1,0,0,0,1,4.0,6.772588722239782
2026-09-22 00:50:10,1,1,1,0,0,2,5.0,10.493061443340551
2026-09-22 00:50:23,2,6,3,0,0,9,27.0,89.16979751083925
2026-09-22 00:50:34,1,5,1,1,5,12,58.0,206.76706273276912
2026-09-22 00:50:46,0,3,0,0,1,4,18.0,46.96988242381381
2026-09-22 00:51:00,0,5,0,0,1,6,26.0,76.59366387543815
2026-09-22 00:51:12,0,5,1,0,1,7,27.0,83.14492162535556
2026-09-22 00:51:24,1,3,0,0,0,3,12.0,28.63553233343869
2026-09-22 00:51:38,0,7,0,0,2,9,40.0,132.10340371976184
2026-09-22 00:51:48,0,4,0,2,5,11,60.0,209.09439898728002
2026-09-22 00:52:00,1,4,0,0,3,7,34.0,104.70101241711441
2026-09-22 00:52:13,1,3,1,1,2,7,32.0,98.54212933375474
2026-09-22 00:52:25,0,6,0,0,0,6,24.0,70.70184357732752
2026-09-22 00:52:37,1,0,0,0,1,1,6.0,10.158883083359672
2026-09-22 00:52:49,0,11,1,1,0,13,52.0,189.23098113999345
2026-09-22 00:53:01,1,4,0,0,3,7,34.0,104.70101241711441
2026-09-22 00:53:13,0,2,0,0,0,2,8.0,16.78889830934488
2026-09-22 00:53:25,1,4,2,0,0,6,18.0,53.026382682995646
2026-09-22 00:53:37,0,6,0,0,2,8,36.0,115.1000847841039
2026-09-22 00:53:50,1,2,0,0,2,4,20.0,52.18875824868201
2026-09-22 00:54:02,1,3,0,0,8,11,60.0,209.09439898728002
2026-09-22 00:54:14,0,6,1,0,0,7,25.0,76.9860385419959
2026-09-22 00:54:26,1,1,0,0,0,1,4.0,6.772588722239782
2026-09-22 00:54:40,0,3,0,0,0,3,12.0,28.63553233343869
2026-09-22 00:54:52,0,4,0,0,3,7,34.0,104.70101241711441
2026-09-22 00:55:04,6,3,4,0,2,9,28.0,92.47238260383328
2026-09-22 00:55:16,0,5,0,0,0,5,20.0,55.8351893845611
2026-09-22 00:55:28,1,4,0,0,0,4,16.0,41.75100659894561
2026-09-22 00:55:40,0,1,0,0,0,1,4.0,6.772588722239782
2026-09-22 00:55:52,2,1,0,0,0,1,4.0,6.772588722239782
2026-09-22 00:56:04,0,1,0,0,0,1,4.0,6.772588722239782
2026-09-22 00:56:17,1,5,1,0,1,7,27.0,83.14492162535556
2026-09-22 00:56:29,1,10,2,0,4,16,66.0,252.99208070771027
2026-09-22 00:56:41,0,4,0,0,0,4,16.0,41.75100659894561
2026-09-22 00:56:53,0,2,0,0,0,2,8.0,16.78889830934488
2026-09-22 00:57:05,0,4,0,0,0,4,16.0,41.75100659894561
2026-09-22 00:57:19,1,1,0,0,0,1,4.0,6.772588722239782
2026-09-22 00:57:33,1,6,0,0,1,7,30.0,92.38324625039508
2026-09-22 00:57:47,0,6,0,0,2,8,36.0,115.1000847841039
2026-09-22 00:57:55,0,1,0,0,0,1,4.0,6.772588722239782
2026-09-22 00:58:08,0,1,1,0,0,2,5.0,10.493061443340551
2026-09-22 00:58:20,0,2,0,0,2,4,20.0,52.18875824868201
2026-09-22 00:58:32,0,2,0,0,0,2,8.0,16.78889830934488
2026-09-22 00:58:44,0,5,0,0,4,9,44.0,145.31374409173802
2026-09-22 00:58:56,0,4,0,0,6,10,52.0,176.69055418551528
2026-09-22 00:59:08,2,6,0,0,1,7,30.0,92.38324625039508
2026-09-22 00:59:20,2,5,0,0,2,7,32.0,98.54212933375474
2026-09-22 00:59:32,0,1,0,0,0,1,4.0,6.772588722239782
2026-09-22 00:59:45,0,3,0,0,0,3,12.0,28.63553233343869
2026-09-22 00:59:57,0,3,0,0,1,4,18.0,46.96988242381381
2026-09-22 01:00:10,0,3,0,0,0,3,12.0,28.63553233343869
2026-09-22 01:00:22,1,1,0,0,0,1,4.0,6.772588722239782
2026-09-22 01:00:35,0,2,0,0,0,2,8.0,16.78889830934488
2026-09-22 01:00:47,0,1,0,0,1,2,10.0,20.986122886681102
2026-09-22 01:00:59,4,3,4,0,0,7,16.0,49.27106466687737
2026-09-22 01:01:11,0,9,0,1,3,13,61.0,221.98249710653076
2026-09-22 01:01:23,0,2,0,1,0,3,15.0,35.79441541679836
2026-09-22 01:01:35,0,1,0,0,0,1,4.0,6.772588722239782
2026-09-22 01:01:47,0,4,0,0,1,5,22.0,61.418708323017206
2026-09-22 01:01:59,0,2,0,0,1,3,14.0,33.40812105567847
2026-09-22 01:02:12,4,6,2,0,0,8,26.0,83.12783901074171
2026-09-22 01:02:24,0,4,0,1,1,6,29.0,85.43139432260409
2026-09-22 01:02:36,0,1,0,0,0,1,4.0,6.772588722239782
2026-09-22 01:02:48,1,2,1,1,0,4,16.0,41.75100659894561
2026-09-22 01:03:00,0,2,0,0,2,4,20.0,52.18875824868201
2026-09-22 01:03:12,0,1,0,0,1,2,10.0,20.986122886681102
2026-09-22 01:03:24,1,7,0,1,2,10,47.0,159.70107782152343
2026-09-22 01:03:36,0,3,0,0,4,7,36.0,110.85989550047408
2026-09-22 01:03:48,0,4,0,0,1,5,22.0,61.418708323017206
2026-09-22 01:04:01,0,4,1,0,0,5,17.0,47.459910976876934
2026-09-22 01:04:13,1,2,0,0,3,5,26.0,72.58574619992943
2026-09-22 01:04:25,0,1,0,0,0,1,4.0,6.772588722239782
2026-09-22 01:04:37,0,1,0,1,4,6,35.0,103.10685521693597
2026-09-22 01:04:49,0,5,0,0,1,6,26.0,76.59366387543815
2026-09-22 01:05:01,0,3,0,0,1,4,18.0,46.96988242381381
2026-09-22 01:05:13,0,4,0,0,0,4,16.0,41.75100659894561
2026-09-22 01:05:25,0,2,0,0,1,3,14.0,33.40812105567847
2026-09-22 01:05:38,1,1,1,0,0,2,5.0,10.493061443340551
2026-09-22 01:05:50,1,9,0,0,0,9,36.0,118.89306334778566
2026-09-22 01:06:02,0,4,0,0,1,5,22.0,61.418708323017206
2026-09-22 01:06:14,0,1,0,0,0,1,4.0,6.772588722239782
2026-09-22 01:06:26,0,3,1,0,0,4,13.0,33.922692861643306
2026-09-22 01:06:38,0,3,0,0,0,3,12.0,28.63553233343869
2026-09-22 01:06:50,5,1,3,0,0,4,7.0,18.266065387038704
2026-09-22 01:07:03,0,9,0,0,1,10,42.0,142.71160145753157
2026-09-22 01:07:15,0,3,0,0,0,3,12.0,28.63553233343869
2026-09-22 01:07:27,1,1,0,0,0,1,4.0,6.772588722239782
2026-09-22 01:07:39,1,6,0,0,0,6,24.0,70.70184357732752
2026-09-22 01:07:51,0,3,0,0,1,4,18.0,46.96988242381381
2026-09-22 01:08:03,0,5,2,0,0,7,22.0,67.74771391695639
2026-09-22 01:08:15,0,3,0,1,2,6,31.0,91.32321462071472
2026-09-22 01:08:27,0,2,0,0,0,2,8.0,16.78889830934488
2026-09-22 01:08:39,1,1,0,0,0,1,4.0,6.772588722239782
2026-09-22 01:08:51,2,5,1,0,0,6,21.0,61.864113130161584
2026-09-22 01:09:04,0,2,0,0,0,2,8.0,16.78889830934488
2026-09-22 01:09:17,4,6,8,0,2,16,44.0,168.66138713847351
2026-09-22 01:09:29,1,4,0,0,1,5,22.0,61.418708323017206
2026-09-22 01:09:42,0,1,0,0,0,1,4.0,6.772588722239782
2026-09-22 01:09:54,1,3,2,0,0,5,14.0,39.08463256919277
2026-09-22 01:10:06,1,2,1,1,0,4,16.0,41.75100659894561
2026-09-22 01:10:18,0,1,0,0,0,1,4.0,6.772588722239782
2026-09-22 01:10:30,0,7,0,0,3,10,46.0,156.30318254872506
2026-09-22 01:10:42,0,2,0,0,0,2,8.0,16.78889830934488
2026-09-22 01:10:54,0,1,0,0,1,2,10.0,20.986122886681102
2026-09-22 01:11:07,0,5,0,0,1,6,26.0,76.59366387543815
2026-09-22 01:11:19,0,2,0,1,2,5,27.0,75.37750566915749
2026-09-22 01:11:31,0,2,0,0,0,2,8.0,16.78889830934488
2026-09-22 01:11:43,0,12,0,0,3,15,66.0,248.99085566782554
2026-09-22 01:11:55,0,8,0,0,0,8,32.0,102.31118647475903
2026-09-22 01:12:07,0,6,0,3,1,10,51.0,173.29265891271692
2026-09-22 01:12:19,0,1,0,0,0,1,4.0,6.772588722239782
2026-09-22 01:12:31,0,4,0,0,0,4,16.0,41.75100659894561
2026-09-22 01:12:44,0,2,0,0,2,4,20.0,52.18875824868201
2026-09-22 01:12:56,3,2,2,0,0,4,10.0,26.094379124341003
2026-09-22 01:13:08,2,7,1,0,1,9,35.0,115.5904782547916
2026-09-22 01:13:20,0,2,1,0,1,4,15.0,39.141568686511505
2026-09-22 01:13:32,0,1,0,0,0,1,4.0,6.772588722239782
2026-09-22 01:13:44,0,2,0,0,1,3,14.0,33.40812105567847
2026-09-22 01:13:56,0,2,0,0,0,2,8.0,16.78889830934488
2026-09-22 01:14:08,2,6,1,0,0,7,25.0,76.9860385419959
2026-09-22 01:14:20,0,5,0,0,2,7,32.0,98.54212933375474
2026-09-22 01:14:32,0,1,0,0,0,1,4.0,6.772588722239782
2026-09-22 01:14:45,0,1,0,0,0,1,4.0,6.772588722239782
2026-09-22 01:14:57,0,3,0,0,1,4,18.0,46.96988242381381
2026-09-22 01:15:09,0,3,0,0,1,4,18.0,46.96988242381381
2026-09-22 01:15:22,3,5,1,0,2,8,33.0,105.50841105209524
2026-09-22 01:15:34,0,3,1,0,4,8,37.0,118.29730936144013
2026-09-22 01:15:45,0,2,0,0,0,2,8.0,16.78889830934488
2026-09-22 01:15:57,0,1,5,0,0,6,9.0,26.513191341497823
2026-09-22 01:16:11,0,2,0,0,0,2,8.0,16.78889830934488
2026-09-22 01:16:23,0,1,0,0,0,1,4.0,6.772588722239782
2026-09-22 01:16:37,1,11,0,0,5,16,74.0,283.65778746016
2026-09-22 01:16:49,1,4,0,0,1,5,22.0,61.418708323017206
2026-09-22 01:17:01,0,1,0,0,0,1,4.0,6.772588722239782
2026-09-22 01:17:13,0,5,1,0,2,8,33.0,105.50841105209524
2026-09-22 01:17:25,0,3,0,0,0,3,12.0,28.63553233343869
2026-09-22 01:17:38,0,4,1,0,0,5,17.0,47.459910976876934
2026-09-22 01:17:50,0,11,1,0,5,17,75.0,291.77788184221237
2026-09-22 01:18:02,0,7,0,0,2,9,40.0,132.10340371976184
2026-09-22 01:18:14,0,1,0,0,0,1,4.0,6.772588722239782
2026-09-22 01:18:26,0,3,0,0,1,4,18.0,46.96988242381381
2026-09-22 01:18:38,0,3,0,0,0,3,12.0,28.63553233343869
2026-09-22 01:18:54,0,2,3,0,3,8,29.0,92.71951274275037
2026-09-22 01:19:06,1,1,0,0,3,4,22.0,57.40763407355021
2026-09-22 01:19:19,0,2,0,0,0,2,8.0,16.78889830934488
2026-09-22 01:19:32,0,3,1,0,0,4,13.0,33.922692861643306
2026-09-22 01:19:44,1,2,0,0,0,2,8.0,16.78889830934488
2026-09-22 01:19:56,0,1,0,0,0,1,4.0,6.772588722239782
2026-09-22 01:20:08,1,12,0,0,2,14,60.0,222.4830120661326
2026-09-22 01:20:20,1,2,0,0,0,2,8.0,16.78889830934488
2026-09-22 01:20:34,0,1,0,0,0,1,4.0,6.772588722239782
2026-09-22 01:20:46,0,5,0,0,0,5,20.0,55.8351893845611
2026-09-22 01:20:58,0,3,0,0,1,4,18.0,46.96988242381381
2026-09-22 01:21:11,1,1,1,0,0,2,5.0,10.493061443340551
2026-09-22 01:21:22,1,11,0,2,2,15,70.0,264.0812105567847
2026-09-22 01:21:34,0,4,0,0,0,4,16.0,41.75100659894561
2026-09-22 01:21:47,0,2,0,0,0,2,8.0,16.78889830934488
2026-09-22 01:21:59,1,3,2,0,0,5,14.0,39.08463256919277
2026-09-22 01:22:11,1,1,0,0,0,1,4.0,6.772588722239782
2026-09-22 01:22:23,4,2,3,0,2,7,23.0,70.82715545863623
2026-09-22 01:22:35,1,5,0,2,6,13,70.0,254.7340130730681
2026-09-22 01:22:49,0,2,0,0,2,4,20.0,52.18875824868201
2026-09-22 01:23:01,0,1,0,0,1,2,10.0,20.986122886681102
2026-09-22 01:23:13,0,3,0,0,1,4,18.0,46.96988242381381
2026-09-22 01:23:25,0,2,0,0,0,2,8.0,16.78889830934488
2026-09-22 01:23:37,0,4,0,0,3,7,34.0,104.70101241711441
2026-09-22 01:23:49,0,5,0,0,3,8,38.0,121.49453393877634
2026-09-22 01:24:02,0,1,0,1,2,4,23.0,60.01707198598431
2026-09-22 01:24:14,1,1,0,0,0,1,4.0,6.772588722239782
2026-09-22 01:24:26,0,8,1,0,0,9,33.0,108.98530806880352
2026-09-22 01:24:38,1,1,0,0,2,3,16.0,38.18070977791825
2026-09-22 01:24:50,0,3,2,0,1,6,20.0,58.91820298110627
2026-09-22 01:25:02,0,6,0,0,5,11,54.0,188.184959088552
2026-09-22 01:25:14,0,1,0,0,0,1,4.0,6.772588722239782
2026-09-22 01:25:26,2,3,1,0,0,4,13.0,33.922692861643306
2026-09-22 01:25:39,0,2,0,0,2,4,20.0,52.18875824868201
2026-09-22 01:25:51,0,1,0,0,2,3,16.0,38.18070977791825
2026-09-22 01:26:03,5,6,9,0,0,15,33.0,124.49542783391277
2026-09-22 01:26:17,1,2,0,0,4,6,32.0,94.26912476977003
2026-09-22 01:26:29,0,0,0,0,1,1,6.0,10.158883083359672
2026-09-22 01:26:41,1,3,0,0,0,3,12.0,28.63553233343869
2026-09-22 01:26:53,0,0,0,0,0,0,0.0,0.0
2026-09-22 01:27:05,0,0,0,0,0,0,0.0,0.0
2026-09-22 01:27:17,0,6,0,0,5,11,54.0,188.184959088552
2026-09-22 01:27:29,0,2,0,0,4,6,32.0,94.26912476977003
2026-09-22 01:27:42,0,0,0,0,0,0,0.0,0.0
2026-09-22 01:27:54,0,3,0,2,0,5,26.0,72.58574619992943
2026-09-22 01:28:07,0,0,0,1,5,6,37.0,108.9986755150466
2026-09-22 01:28:19,6,0,3,0,0,3,3.0,7.158883083359672
2026-09-22 01:28:31,0,3,0,0,3,6,30.0,88.3773044716594
2026-09-22 01:28:43,0,1,0,0,2,3,16.0,38.18070977791825
2026-09-22 01:28:56,0,0,0,0,0,0,0.0,0.0
2026-09-22 01:29:08,0,1,0,0,0,1,4.0,6.772588722239782
2026-09-22 01:29:20,0,3,0,0,1,4,18.0,46.96988242381381
2026-09-22 01:29:32,2,5,4,0,1,10,30.0,101.93685818395112
2026-09-22 01:29:44,1,3,0,1,4,8,43.0,137.48065682545743
2026-09-22 01:29:56,0,3,0,0,1,4,18.0,46.96988242381381
2026-09-22 01:30:08,0,0,0,0,0,0,0.0,0.0
2026-09-22 01:30:20,1,1,0,0,0,1,4.0,6.772588722239782
2026-09-22 01:30:32,0,2,0,0,1,3,14.0,33.40812105567847
2026-09-22 01:30:45,0,1,0,0,2,3,16.0,38.18070977791825
2026-09-22 01:30:58,0,0,0,0,2,2,12.0,25.18334746401732
2026-09-22 01:31:10,0,0,0,0,0,0,0.0,0.0
2026-09-22 01:31:22,0,0,0,0,0,0,0.0,0.0
2026-09-22 01:31:35,0,2,0,1,0,3,15.0,35.79441541679836
2026-09-22 01:31:47,0,0,0,0,0,0,0.0,0.0
2026-09-22 01:31:59,1,3,0,0,2,5,24.0,67.00222726147332
2026-09-22 01:32:13,0,3,0,0,0,3,12.0,28.63553233343869
2026-09-22 01:32:25,0,0,0,0,0,0,0.0,0.0
2026-09-22 01:32:37,0,4,1,0,0,5,17.0,47.459910976876934
2026-09-22 01:32:49,1,0,0,0,0,0,0.0,0.0
2026-09-22 01:33:01,6,2,7,0,0,9,15.0,49.53877639491069
2026-09-22 01:33:13,0,4,0,0,0,4,16.0,41.75100659894561
2026-09-22 01:33:25,0,1,1,0,0,2,5.0,10.493061443340551
2026-09-22 01:33:37,0,0,0,0,0,0,0.0,0.0
2026-09-22 01:33:50,1,2,0,0,0,2,8.0,16.78889830934488
2026-09-22 01:34:02,0,1,0,0,1,2,10.0,20.986122886681102
2026-09-22 01:34:15,5,2,4,0,2,8,24.0,76.73338985606927
2026-09-22 01:34:28,0,1,0,0,1,2,10.0,20.986122886681102
2026-09-22 01:34:40,0,0,0,0,0,0,0.0,0.0
2026-09-22 01:34:52,1,1,1,0,1,3,11.0,26.2492379723188
2026-09-22 01:35:04,0,3,0,0,3,6,30.0,88.3773044716594
2026-09-22 01:35:16,1,3,1,0,1,5,19.0,53.04342991533304
2026-09-22 01:35:28,2,6,3,0,0,9,27.0,89.16979751083925
2026-09-22 01:35:42,2,7,1,0,3,11,47.0,163.79061254003602
2026-09-22 01:35:54,0,0,0,0,0,0,0.0,0.0
2026-09-22 01:36:06,0,4,0,0,0,4,16.0,41.75100659894561
2026-09-22 01:36:18,0,2,0,0,1,3,14.0,33.40812105567847
2026-09-22 01:36:32,0,0,0,0,0,0,0.0,0.0
2026-09-22 01:36:46,0,4,1,0,0,5,17.0,47.459910976876934
2026-09-22 01:36:58,0,1,0,1,1,3,17.0,40.56700413903815
2026-09-22 01:37:11,0,0,0,0,0,0,0.0,0.0
2026-09-22 01:37:24,0,1,0,0,0,1,4.0,6.772588722239782
2026-09-22 01:37:36,0,3,0,0,0,3,12.0,28.63553233343869
2026-09-22 01:37:48,0,7,0,0,0,7,28.0,86.2243631670354
2026-09-22 01:38:00,0,1,0,0,7,8,46.0,147.0723305574661
2026-09-22 01:38:12,0,0,0,0,2,2,12.0,25.18334746401732
2026-09-22 01:38:24,0,0,0,0,0,0,0.0,0.0
2026-09-22 01:38:36,0,2,0,0,0,2,8.0,16.78889830934488
2026-09-22 01:38:48,0,0,0,0,1,1,6.0,10.158883083359672
2026-09-22 01:39:01,0,4,0,1,3,8,41.0,131.086207670785
2026-09-22 01:39:13,2,4,1,0,2,7,29.0,89.30380470871523
2026-09-22 01:39:25,0,0,0,0,0,0,0.0,0.0
2026-09-22 01:39:37,1,1,0,0,0,1,4.0,6.772588722239782
2026-09-22 01:39:49,0,6,0,1,2,9,43.0,142.01115899874398
2026-09-22 01:40:01,0,0,0,0,1,1,6.0,10.158883083359672
2026-09-22 01:40:13,0,5,0,0,1,6,26.0,76.59366387543815
2026-09-22 01:40:25,0,0,0,0,3,3,18.0,42.953298500158034
2026-09-22 01:40:37,0,0,0,0,0,0,0.0,0.0
2026-09-22 01:40:51,0,3,0,0,0,3,12.0,28.63553233343869
2026-09-22 01:41:03,0,0,0,0,2,2,12.0,25.18334746401732
2026-09-22 01:41:15,2,0,1,0,3,4,19.0,49.57932033624791
2026-09-22 01:41:28,0,0,0,0,4,4,24.0,62.62650989841841
2026-09-22 01:41:41,1,0,0,1,1,2,13.0,27.28195975268543
2026-09-22 01:41:54,0,0,0,0,0,0,0.0,0.0
2026-09-22 01:42:06,0,4,0,0,0,4,16.0,41.75100659894561
2026-09-22 01:42:18,0,2,0,0,0,2,8.0,16.78889830934488
2026-09-22 01:42:30,0,3,0,0,2,5,24.0,67.00222726147332
2026-09-22 01:42:42,0,4,2,0,1,7,24.0,73.90659700031605
2026-09-22 01:42:54,0,3,0,0,0,3,12.0,28.63553233343869
2026-09-22 01:43:07,1,0,0,0,0,0,0.0,0.0
2026-09-22 01:43:19,1,1,0,0,0,1,4.0,6.772588722239782
2026-09-22 01:43:31,0,0,0,0,0,0,0.0,0.0
2026-09-22 01:43:43,4,10,3,0,0,13,43.0,156.4794651734561
2026-09-22 01:43:55,0,6,0,0,0,6,24.0,70.70184357732752
2026-09-22 01:44:08,0,1,0,0,0,1,4.0,6.772588722239782
2026-09-22 01:44:20,0,0,0,0,0,0,0.0,0.0
2026-09-22 01:44:32,0,0,0,0,1,1,6.0,10.158883083359672
2026-09-22 01:44:44,0,0,0,0,0,0,0.0,0.0
2026-09-22 01:44:56,1,4,0,0,2,6,28.0,82.48548417354877
2026-09-22 01:45:08,0,0,0,0,0,0,0.0,0.0
2026-09-22 01:45:20,0,0,0,0,0,0,0.0,0.0
2026-09-22 01:45:33,0,0,1,0,0,1,1.0,1.6931471805599454
2026-09-22 01:45:45,1,6,0,0,1,7,30.0,92.38324625039508
2026-09-22 01:45:57,0,0,0,0,1,1,6.0,10.158883083359672
2026-09-22 01:46:09,0,8,0,0,2,10,44.0,149.5073920031283
2026-09-22 01:46:21,0,6,2,0,0,8,26.0,83.12783901074171
2026-09-22 01:46:35,0,0,0,0,0,0,0.0,0.0
2026-09-22 01:46:48,1,0,0,0,0,0,0.0,0.0
2026-09-22 01:46:59,1,2,0,0,0,2,8.0,16.78889830934488
2026-09-22 01:47:11,0,0,0,0,0,0,0.0,0.0
2026-09-22 01:47:23,1,5,1,0,0,6,21.0,61.864113130161584
2026-09-22 01:47:35,0,1,0,0,1,2,10.0,20.986122886681102
2026-09-22 01:47:48,0,0,0,0,0,0,0.0,0.0
2026-09-22 01:48:00,0,2,0,0,1,3,14.0,33.40812105567847
2026-09-22 01:48:13,0,0,0,0,2,2,12.0,25.18334746401732
2026-09-22 01:48:26,0,3,0,0,0,3,12.0,28.63553233343869
2026-09-22 01:48:38,1,8,0,0,2,10,44.0,149.5073920031283
2026-09-22 01:48:50,0,0,0,0,0,0,0.0,0.0
2026-09-22 01:49:02,0,0,0,0,0,0,0.0,0.0
2026-09-22 01:49:14,0,0,0,0,2,2,12.0,25.18334746401732
2026-09-22 01:49:26,0,0,0,0,2,2,12.0,25.18334746401732
2026-09-22 01:49:39,1,3,0,0,7,10,54.0,183.486344731112
2026-09-22 01:49:50,5,10,3,0,2,15,55.0,207.49237972318795
2026-09-22 01:50:03,0,1,0,0,0,1,4.0,6.772588722239782
2026-09-22 01:50:15,0,0,1,1,1,3,14.0,33.40812105567847
2026-09-22 01:50:27,0,2,0,0,1,3,14.0,33.40812105567847
2026-09-22 01:50:40,0,2,0,0,0,2,8.0,16.78889830934488
2026-09-22 01:50:52,1,4,1,1,0,6,24.0,70.70184357732752
2026-09-22 01:51:03,0,3,0,0,0,3,12.0,28.63553233343869
2026-09-22 01:51:15,0,0,0,0,0,0,0.0,0.0
2026-09-22 01:51:28,1,2,1,0,0,3,9.0,21.476649250079017
2026-09-22 01:51:40,0,4,0,0,1,5,22.0,61.418708323017206
2026-09-22 01:51:52,2,0,0,0,0,0,0.0,0.0
2026-09-22 01:52:04,0,5,1,0,3,9,39.0,128.80081862676778
2026-09-22 01:52:16,0,2,0,0,1,3,14.0,33.40812105567847
2026-09-22 01:52:28,0,0,0,0,0,0,0.0,0.0
2026-09-22 01:52:40,0,3,0,0,0,3,12.0,28.63553233343869
2026-09-22 01:52:54,0,0,0,0,0,0,0.0,0.0
2026-09-22 01:53:06,2,1,2,0,1,4,12.0,31.313254949209206
2026-09-22 01:53:18,1,1,0,0,1,2,10.0,20.986122886681102
2026-09-22 01:53:30,0,0,0,0,0,0,0.0,0.0
2026-09-22 01:53:42,0,0,0,0,0,0,0.0,0.0
2026-09-22 01:53:54,0,0,0,0,0,0,0.0,0.0
2026-09-22 01:54:06,0,0,0,0,0,0,0.0,0.0
2026-09-22 01:54:19,3,2,2,0,2,6,22.0,64.81002327921689
2026-09-22 01:54:31,0,4,0,1,4,9,47.0,155.22149937072015
2026-09-22 01:54:43,0,0,0,0,0,0,0.0,0.0
2026-09-22 01:54:55,0,0,0,0,0,0,0.0,0.0
2026-09-22 01:55:07,0,1,0,0,0,1,4.0,6.772588722239782
2026-09-22 01:55:19,0,3,0,0,1,4,18.0,46.96988242381381
2026-09-22 01:55:31,2,4,0,2,0,6,30.0,88.3773044716594
2026-09-22 01:55:43,0,3,0,0,11,14,78.0,289.2279156859724
2026-09-22 01:55:56,0,0,0,0,1,1,6.0,10.158883083359672
2026-09-22 01:56:08,0,2,0,0,0,2,8.0,16.78889830934488
2026-09-22 01:56:20,0,5,0,0,0,5,20.0,55.8351893845611
2026-09-22 01:56:34,0,0,0,0,0,0,0.0,0.0
2026-09-22 01:56:46,0,7,0,0,3,10,46.0,156.30318254872506
2026-09-22 01:56:58,0,5,0,1,0,6,27.0,79.53957402449346
2026-09-22 01:57:10,0,2,0,0,0,2,8.0,16.78889830934488
2026-09-22 01:57:22,0,5,0,0,1,6,26.0,76.59366387543815
2026-09-22 01:57:34,0,0,0,0,0,0,0.0,0.0
2026-09-22 01:57:46,0,0,0,0,0,0,0.0,0.0
2026-09-22 01:57:58,0,8,0,0,2,10,44.0,149.5073920031283
2026-09-22 01:58:11,0,6,0,0,5,11,54.0,188.184959088552
2026-09-22 01:58:24,0,0,0,0,0,0,0.0,0.0
2026-09-22 01:58:37,0,1,0,0,1,2,10.0,20.986122886681102
2026-09-22 01:58:49,1,0,0,0,0,0,0.0,0.0
2026-09-22 01:59:03,1,2,1,0,0,3,9.0,21.476649250079017
2026-09-22 01:59:15,0,0,0,0,3,3,18.0,42.953298500158034
2026-09-22 01:59:28,0,1,0,0,2,3,16.0,38.18070977791825
2026-09-22 01:59:40,0,2,0,0,0,2,8.0,16.78889830934488
2026-09-22 01:59:53,0,0,0,0,0,0,0.0,0.0
2026-09-22 02:00:05,0,0,0,0,0,0,0.0,0.0
2026-09-22 02:00:18,1,2,0,1,2,5,27.0,75.37750566915749
2026-09-22 02:00:29,0,0,0,0,2,2,12.0,25.18334746401732
2026-09-22 02:00:41,0,0,0,0,0,0,0.0,0.0
2026-09-22 02:00:53,0,0,2,0,0,2,2.0,4.19722457733622
2026-09-22 02:01:07,0,2,0,0,0,2,8.0,16.78889830934488
2026-09-22 02:01:19,2,1,1,0,0,2,5.0,10.493061443340551
2026-09-22 02:01:31,0,0,0,0,3,3,18.0,42.953298500158034
2026-09-22 02:01:43,0,0,0,0,0,0,0.0,0.0
2026-09-22 02:01:55,0,0,0,0,2,2,12.0,25.18334746401732
2026-09-22 02:02:07,0,3,0,0,0,3,12.0,28.63553233343869
2026-09-22 02:02:20,1,4,1,0,0,5,17.0,47.459910976876934
2026-09-22 02:02:32,1,0,0,0,0,0,0.0,0.0
2026-09-22 02:02:44,1,6,0,0,5,11,54.0,188.184959088552
2026-09-22 02:02:56,3,2,1,0,3,6,27.0,79.53957402449346
2026-09-22 02:03:09,0,0,0,0,0,0,0.0,0.0
2026-09-22 02:03:20,0,1,0,1,1,3,17.0,40.56700413903815
2026-09-22 02:03:32,0,2,0,0,1,3,14.0,33.40812105567847
2026-09-22 02:03:44,0,3,0,2,2,7,38.0,117.01877858383376
2026-09-22 02:03:57,1,1,2,2,1,6,26.0,76.59366387543815
2026-09-22 02:04:09,0,1,0,0,0,1,4.0,6.772588722239782
2026-09-22 02:04:21,0,0,0,0,0,0,0.0,0.0
2026-09-22 02:04:33,2,3,0,0,0,3,12.0,28.63553233343869
2026-09-22 02:04:45,0,4,0,0,0,4,16.0,41.75100659894561
2026-09-22 02:04:57,1,7,1,0,1,9,35.0,115.5904782547916
2026-09-22 02:05:09,0,3,0,0,0,3,12.0,28.63553233343869
2026-09-22 02:05:21,0,0,0,0,0,0,0.0,0.0
2026-09-22 02:05:34,0,0,0,0,0,0,0.0,0.0
2026-09-22 02:05:46,0,3,0,0,1,4,18.0,46.96988242381381
2026-09-22 02:05:58,0,0,0,0,1,1,6.0,10.158883083359672
2026-09-22 02:06:10,0,1,0,1,5,7,41.0,126.25710320887326
2026-09-22 02:06:22,0,0,0,1,0,1,7.0,11.852030263919618
2026-09-22 02:06:35,0,0,0,0,0,0,0.0,0.0
2026-09-22 02:06:48,0,0,0,0,1,1,6.0,10.158883083359672
2026-09-22 02:07:00,0,0,0,0,0,0,0.0,0.0
2026-09-22 02:07:12,0,0,0,0,0,0,0.0,0.0
2026-09-22 02:07:24,1,7,0,0,3,10,46.0,156.30318254872506
2026-09-22 02:07:36,0,0,0,0,0,0,0.0,0.0
2026-09-22 02:07:48,0,0,0,0,0,0,0.0,0.0
2026-09-22 02:08:00,0,2,0,0,1,3,14.0,33.40812105567847
2026-09-22 02:08:13,0,3,0,0,3,6,30.0,88.3773044716594
2026-09-22 02:08:26,0,1,0,0,0,1,4.0,6.772588722239782
2026-09-22 02:08:39,0,1,0,1,3,5,29.0,80.9610246076136
2026-09-22 02:08:51,0,1,0,0,2,3,16.0,38.18070977791825
2026-09-22 02:09:08,0,0,0,0,0,0,0.0,0.0
2026-09-22 02:09:15,0,1,0,0,1,2,10.0,20.986122886681102
2026-09-22 02:09:27,0,0,0,0,0,0,0.0,0.0
2026-09-22 02:09:39,1,0,0,3,2,5,33.0,92.12806248452581
2026-09-22 02:09:51,2,1,1,0,4,6,29.0,85.43139432260409
2026-09-22 02:10:03,0,0,0,0,1,1,6.0,10.158883083359672
2026-09-22 02:10:15,0,0,0,0,0,0,0.0,0.0
2026-09-22 02:10:28,0,0,0,0,1,1,6.0,10.158883083359672
2026-09-22 02:10:40,0,0,0,0,0,0,0.0,0.0
2026-09-22 02:10:52,0,6,0,1,1,8,37.0,118.29730936144013
2026-09-22 02:11:04,1,3,1,0,7,11,55.0,191.66986573834
2026-09-22 02:11:16,0,0,0,0,0,0,0.0,0.0
2026-09-22 02:11:28,0,0,0,0,0,0,0.0,0.0
2026-09-22 02:11:40,1,2,0,1,1,4,21.0,54.79819616111611
2026-09-22 02:11:54,0,0,0,0,3,3,18.0,42.953298500158034
2026-09-22 02:12:08,0,3,0,1,3,7,37.0,113.93933704215392
2026-09-22 02:12:20,1,1,0,0,0,1,4.0,6.772588722239782
2026-09-22 02:12:33,0,1,0,0,0,1,4.0,6.772588722239782
2026-09-22 02:12:46,1,0,1,0,0,1,1.0,1.6931471805599454
2026-09-22 02:12:58,0,0,0,1,0,1,7.0,11.852030263919618
2026-09-22 02:13:10,5,0,1,0,0,1,1.0,1.6931471805599454
2026-09-22 02:13:22,0,4,0,1,4,9,47.0,155.22149937072015
2026-09-22 02:13:34,0,0,0,0,1,1,6.0,10.158883083359672
2026-09-22 02:13:46,1,0,0,0,0,0,0.0,0.0
2026-09-22 02:13:58,0,2,0,0,1,3,14.0,33.40812105567847
2026-09-22 02:14:11,0,1,0,0,0,1,4.0,6.772588722239782
2026-09-22 02:14:23,3,2,0,0,0,2,8.0,16.78889830934488
2026-09-22 02:14:35,3,0,3,0,2,5,15.0,41.876392038420825
2026-09-22 02:14:47,0,1,0,0,0,1,4.0,6.772588722239782
2026-09-22 02:14:59,0,1,0,0,0,1,4.0,6.772588722239782
2026-09-22 02:15:11,0,1,0,0,0,1,4.0,6.772588722239782
2026-09-22 02:15:23,0,0,0,0,0,0,0.0,0.0
2026-09-22 02:15:36,4,5,1,0,2,8,33.0,105.50841105209524
2026-09-22 02:15:49,0,8,0,0,3,11,50.0,174.24533248940003
2026-09-22 02:16:01,0,0,0,0,2,2,12.0,25.18334746401732
2026-09-22 02:16:14,1,1,0,0,0,1,4.0,6.772588722239782
2026-09-22 02:16:27,1,1,0,0,0,1,4.0,6.772588722239782
2026-09-22 02:16:39,0,0,0,0,0,0,0.0,0.0
2026-09-22 02:16:51,4,4,0,0,5,9,46.0,151.91891427772612
2026-09-22 02:17:03,0,5,0,0,3,8,38.0,121.49453393877634
2026-09-22 02:17:15,0,2,0,0,1,3,14.0,33.40812105567847
2026-09-22 02:17:27,0,2,0,0,0,2,8.0,16.78889830934488
2026-09-22 02:17:39,0,4,0,0,1,5,22.0,61.418708323017206
2026-09-22 02:17:51,0,2,0,0,0,2,8.0,16.78889830934488
2026-09-22 02:18:03,1,1,0,0,0,1,4.0,6.772588722239782
2026-09-22 02:18:16,0,0,0,0,0,0,0.0,0.0
2026-09-22 02:18:28,0,0,0,0,0,0,0.0,0.0
2026-09-22 02:18:40,0,1,0,0,0,1,4.0,6.772588722239782
2026-09-22 02:18:52,0,3,0,0,0,3,12.0,28.63553233343869
2026-09-22 02:19:04,0,1,0,0,1,2,10.0,20.986122886681102
2026-09-22 02:19:21,0,5,0,0,2,7,32.0,98.54212933375474
2026-09-22 02:19:28,0,2,0,0,5,7,38.0,117.01877858383376
2026-09-22 02:19:40,0,0,0,0,0,0,0.0,0.0
2026-09-22 02:19:53,2,0,2,0,0,2,2.0,4.19722457733622
2026-09-22 02:20:05,0,2,0,0,1,3,14.0,33.40812105567847
2026-09-22 02:20:17,0,1,0,0,0,1,4.0,6.772588722239782
2026-09-22 02:20:29,3,3,0,0,3,6,30.0,88.3773044716594
2026-09-22 02:20:41,0,3,0,0,0,3,12.0,28.63553233343869
2026-09-22 02:20:54,0,0,0,0,0,0,0.0,0.0
2026-09-22 02:21:05,0,3,0,1,1,5,25.0,69.79398673070138
2026-09-22 02:21:17,0,0,1,1,2,4,20.0,52.18875824868201
2026-09-22 02:21:29,0,2,0,0,0,2,8.0,16.78889830934488
2026-09-22 02:21:42,0,3,0,1,4,8,43.0,137.48065682545743
2026-09-22 02:21:54,0,1,0,0,3,4,22.0,57.40763407355021
2026-09-22 02:22:06,0,0,0,0,0,0,0.0,0.0
2026-09-22 02:22:18,0,4,0,0,0,4,16.0,41.75100659894561
2026-09-22 02:22:30,1,2,0,0,0,2,8.0,16.78889830934488
2026-09-22 02:22:42,1,2,0,1,0,3,15.0,35.79441541679836
2026-09-22 02:22:54,0,4,0,0,5,9,46.0,151.91891427772612
2026-09-22 02:23:07,0,3,0,0,5,8,42.0,134.28343224812122
2026-09-22 02:23:20,0,2,0,0,0,2,8.0,16.78889830934488
2026-09-22 02:23:33,1,0,0,0,0,0,0.0,0.0
2026-09-22 02:23:44,0,1,0,0,0,1,4.0,6.772588722239782
2026-09-22 02:23:56,1,1,0,0,4,5,28.0,78.16926513838554
2026-09-22 02:24:08,0,4,0,0,1,5,22.0,61.418708323017206
2026-09-22 02:24:20,0,4,0,0,0,4,16.0,41.75100659894561
2026-09-22 02:24:32,1,0,0,0,0,0,0.0,0.0
2026-09-22 02:24:44,0,0,0,0,0,0,0.0,0.0
2026-09-22 02:24:57,0,1,0,0,0,1,4.0,6.772588722239782
2026-09-22 02:25:09,0,4,4,0,0,8,20.0,63.94449154672439
2026-09-22 02:25:21,0,7,2,1,1,11,43.0,149.85098594088402
2026-09-22 02:25:33,0,2,0,0,0,2,8.0,16.78889830934488
2026-09-22 02:25:45,0,0,0,0,0,0,0.0,0.0
2026-09-22 02:25:57,0,2,0,0,0,2,8.0,16.78889830934488
2026-09-22 02:26:09,0,1,0,0,0,1,4.0,6.772588722239782
2026-09-22 02:26:21,0,2,0,0,2,4,20.0,52.18875824868201
2026-09-22 02:26:34,1,0,0,0,0,0,0.0,0.0
2026-09-22 02:26:46,0,0,0,0,0,0,0.0,0.0
2026-09-22 02:26:58,0,1,1,0,2,4,17.0,44.36044451137971
2026-09-22 02:27:11,0,3,0,0,2,5,24.0,67.00222726147332
2026-09-22 02:27:22,0,0,0,0,0,0,0.0,0.0
2026-09-22 02:27:38,0,2,0,1,7,10,57.0,193.68003054950714
2026-09-22 02:27:46,0,1,0,0,0,1,4.0,6.772588722239782
2026-09-22 02:27:58,0,1,0,0,0,1,4.0,6.772588722239782
2026-09-22 02:28:11,0,2,0,0,0,2,8.0,16.78889830934488
2026-09-22 02:28:23,0,1,0,0,1,2,10.0,20.986122886681102
2026-09-22 02:28:35,0,1,0,0,0,1,4.0,6.772588722239782
2026-09-22 02:28:48,0,4,1,1,0,6,24.0,70.70184357732752
2026-09-22 02:28:59,0,0,0,0,1,1,6.0,10.158883083359672
2026-09-22 02:29:11,0,0,0,0,0,0,0.0,0.0
2026-09-22 02:29:23,0,1,0,0,0,1,4.0,6.772588722239782
2026-09-22 02:29:35,0,1,0,0,0,1,4.0,6.772588722239782
2026-09-22 02:29:48,0,0,0,0,0,0,0.0,0.0
2026-09-22 02:30:00,1,3,0,0,3,6,30.0,88.3773044716594
2026-09-22 02:30:12,0,3,0,0,0,3,12.0,28.63553233343869
2026-09-22 02:30:24,0,1,0,1,1,3,17.0,40.56700413903815
2026-09-22 02:30:36,1,6,0,0,2,8,36.0,115.1000847841039
2026-09-22 02:30:50,0,0,0,0,0,0,0.0,0.0
2026-09-22 02:31:02,2,1,1,0,0,2,5.0,10.493061443340551
2026-09-22 02:31:14,0,1,0,0,1,2,10.0,20.986122886681102
2026-09-22 02:31:26,0,1,0,0,0,1,4.0,6.772588722239782
2026-09-22 02:31:38,0,1,0,0,0,1,4.0,6.772588722239782
2026-09-22 02:31:50,0,1,0,0,0,1,4.0,6.772588722239782
2026-09-22 02:32:02,1,1,0,0,0,1,4.0,6.772588722239782
2026-09-22 02:32:15,0,5,0,0,8,13,68.0,247.45589841383756
2026-09-22 02:32:27,0,1,0,1,2,4,23.0,60.01707198598431
2026-09-22 02:32:39,0,0,0,0,0,0,0.0,0.0
2026-09-22 02:32:51,1,0,0,0,0,0,0.0,0.0
2026-09-22 02:33:03,0,0,0,1,1,2,13.0,27.28195975268543
2026-09-22 02:33:15,0,0,0,0,0,0,0.0,0.0
2026-09-22 02:33:28,2,2,0,0,0,2,8.0,16.78889830934488
2026-09-22 02:33:41,0,0,0,0,1,1,6.0,10.158883083359672
2026-09-22 02:33:53,0,0,0,0,0,0,0.0,0.0
2026-09-22 02:34:05,0,1,0,0,0,1,4.0,6.772588722239782
2026-09-22 02:34:17,0,1,0,0,0,1,4.0,6.772588722239782
2026-09-22 02:34:29,0,1,1,0,2,4,17.0,44.36044451137971
2026-09-22 02:34:41,0,0,0,1,5,6,37.0,108.9986755150466
2026-09-22 02:34:54,0,0,0,0,1,1,6.0,10.158883083359672
2026-09-22 02:35:05,0,1,0,0,0,1,4.0,6.772588722239782
2026-09-22 02:35:18,0,1,0,0,1,2,10.0,20.986122886681102
2026-09-22 02:35:30,0,1,0,0,1,2,10.0,20.986122886681102
2026-09-22 02:35:42,1,1,0,0,1,2,10.0,20.986122886681102
2026-09-22 02:35:56,0,2,0,2,6,10,58.0,197.0779258223055
2026-09-22 02:36:08,0,0,0,0,0,0,0.0,0.0
2026-09-22 02:36:20,0,0,0,0,0,0,0.0,0.0
2026-09-22 02:36:32,0,1,0,0,0,1,4.0,6.772588722239782
2026-09-22 02:36:44,0,1,0,0,0,1,4.0,6.772588722239782
2026-09-22 02:36:56,1,0,1,0,0,1,1.0,1.6931471805599454
2026-09-22 02:37:08,1,2,0,0,3,5,26.0,72.58574619992943
2026-09-22 02:37:20,0,2,0,0,0,2,8.0,16.78889830934488
2026-09-22 02:37:33,0,0,0,1,0,1,7.0,11.852030263919618
2026-09-22 02:37:44,0,0,0,0,0,0,0.0,0.0
2026-09-22 02:37:57,0,0,0,0,2,2,12.0,25.18334746401732
2026-09-22 02:38:09,0,6,1,0,0,7,25.0,76.9860385419959
2026-09-22 02:38:21,2,4,0,0,5,9,46.0,151.91891427772612
2026-09-22 02:38:33,0,1,0,0,2,3,16.0,38.18070977791825
2026-09-22 02:38:45,0,0,0,0,0,0,0.0,0.0
2026-09-22 02:38:57,0,1,0,0,0,1,4.0,6.772588722239782
2026-09-22 02:39:09,2,2,0,0,0,2,8.0,16.78889830934488
2026-09-22 02:39:22,1,4,2,0,1,7,24.0,73.90659700031605
2026-09-22 02:39:34,0,0,1,0,0,1,1.0,1.6931471805599454
2026-09-22 02:39:46,0,1,0,0,0,1,4.0,6.772588722239782
2026-09-22 02:39:58,0,0,0,0,1,1,6.0,10.158883083359672
2026-09-22 02:40:10,0,2,0,0,1,3,14.0,33.40812105567847
2026-09-22 02:40:22,1,2,0,0,0,2,8.0,16.78889830934488
2026-09-22 02:40:34,0,5,0,0,1,6,26.0,76.59366387543815
2026-09-22 02:40:46,0,0,0,0,4,4,24.0,62.62650989841841
2026-09-22 02:40:59,1,0,0,0,0,0,0.0,0.0
2026-09-22 02:41:11,0,1,0,0,0,1,4.0,6.772588722239782
2026-09-22 02:41:23,0,0,0,0,0,0,0.0,0.0
2026-09-22 02:41:35,2,0,1,0,0,1,1.0,1.6931471805599454
2026-09-22 02:41:47,1,4,0,0,1,5,22.0,61.418708323017206
2026-09-22 02:41:59,0,1,0,0,0,1,4.0,6.772588722239782
2026-09-22 02:42:11,0,0,0,0,0,0,0.0,0.0
2026-09-22 02:42:23,2,1,0,0,0,1,4.0,6.772588722239782
2026-09-22 02:42:35,0,0,0,0,0,0,0.0,0.0
2026-09-22 02:42:47,2,1,2,0,0,3,6.0,14.317766166719345
2026-09-22 02:43:00,0,4,0,1,0,5,23.0,64.21046779224527
2026-09-22 02:43:12,0,8,0,0,1,9,38.0,125.49823353377374
2026-09-22 02:43:24,0,0,0,0,0,0,0.0,0.0
2026-09-22 02:43:36,0,1,0,0,1,2,10.0,20.986122886681102
2026-09-22 02:43:48,0,0,0,0,0,0,0.0,0.0
2026-09-22 02:44:00,0,1,0,0,0,1,4.0,6.772588722239782
2026-09-22 02:44:12,0,2,0,0,1,3,14.0,33.40812105567847
2026-09-22 02:44:25,0,0,0,0,1,1,6.0,10.158883083359672
2026-09-22 02:44:37,0,1,0,0,0,1,4.0,6.772588722239782
2026-09-22 02:44:49,1,0,0,0,0,0,0.0,0.0
2026-09-22 02:45:01,0,2,0,0,1,3,14.0,33.40812105567847
2026-09-22 02:45:13,1,4,0,1,1,6,29.0,85.43139432260409
2026-09-22 02:45:25,0,4,0,1,0,5,23.0,64.21046779224527
2026-09-22 02:45:37,0,1,0,0,0,1,4.0,6.772588722239782
2026-09-22 02:45:51,0,4,0,0,1,5,22.0,61.418708323017206
2026-09-22 02:46:03,1,1,0,0,1,2,10.0,20.986122886681102
2026-09-22 02:46:15,0,1,0,0,0,1,4.0,6.772588722239782
2026-09-22 02:46:27,0,10,0,0,1,11,46.0,160.30570589024802
2026-09-22 02:46:39,1,0,0,0,2,2,12.0,25.18334746401732
2026-09-22 02:46:51,0,1,0,0,0,1,4.0,6.772588722239782
2026-09-22 02:47:05,2,1,2,0,0,3,6.0,14.317766166719345
2026-09-22 02:47:17,0,0,0,0,0,0,0.0,0.0
2026-09-22 02:47:30,1,1,0,0,0,1,4.0,6.772588722239782
2026-09-22 02:47:42,0,7,0,0,1,8,34.0,108.70563562943147
2026-09-22 02:47:54,0,0,0,0,0,0,0.0,0.0
2026-09-22 02:48:06,0,1,0,0,0,1,4.0,6.772588722239782
2026-09-22 02:48:18,2,3,0,0,1,4,18.0,46.96988242381381
2026-09-22 02:48:30,0,0,0,2,3,5,32.0,89.33630301529776
2026-09-22 02:48:42,1,2,1,0,0,3,9.0,21.476649250079017
2026-09-22 02:48:55,0,6,0,0,4,10,48.0,163.0989730943218
2026-09-22 02:49:07,0,1,0,1,0,2,11.0,23.08473517534921
2026-09-22 02:49:19,0,1,1,0,0,2,5.0,10.493061443340551
2026-09-22 02:49:31,0,2,0,0,0,2,8.0,16.78889830934488
2026-09-22 02:49:43,0,0,0,0,1,1,6.0,10.158883083359672
2026-09-22 02:49:58,3,0,3,0,1,4,9.0,23.484941211906904
2026-09-22 02:50:10,1,3,0,0,1,4,18.0,46.96988242381381
2026-09-22 02:50:22,0,1,0,1,0,2,11.0,23.08473517534921
2026-09-22 02:50:35,2,0,0,0,0,0,0.0,0.0
2026-09-22 02:50:48,0,2,0,0,0,2,8.0,16.78889830934488
2026-09-22 02:50:59,0,0,0,0,0,0,0.0,0.0
2026-09-22 02:51:11,0,2,0,0,2,4,20.0,52.18875824868201
2026-09-22 02:51:23,1,2,0,0,0,2,8.0,16.78889830934488
2026-09-22 02:51:35,0,0,0,0,0,0,0.0,0.0
2026-09-22 02:51:48,0,1,0,0,1,2,10.0,20.986122886681102
2026-09-22 02:52:00,0,1,0,1,2,4,23.0,60.01707198598431
2026-09-22 02:52:12,0,0,0,0,0,0,0.0,0.0
2026-09-22 02:52:25,0,2,0,0,2,4,20.0,52.18875824868201
2026-09-22 02:52:36,0,2,0,0,0,2,8.0,16.78889830934488
2026-09-22 02:52:48,0,0,0,1,0,1,7.0,11.852030263919618
2026-09-22 02:53:00,0,0,0,0,0,0,0.0,0.0
2026-09-22 02:53:12,0,0,0,0,0,0,0.0,0.0
2026-09-22 02:53:25,0,0,0,0,0,0,0.0,0.0
2026-09-22 02:53:37,1,1,0,0,0,1,4.0,6.772588722239782
2026-09-22 02:53:50,1,1,0,0,1,2,10.0,20.986122886681102
2026-09-22 02:54:01,0,0,0,1,0,1,7.0,11.852030263919618
2026-09-22 02:54:13,0,0,0,0,0,0,0.0,0.0
2026-09-22 02:54:25,0,0,0,0,2,2,12.0,25.18334746401732
2026-09-22 02:54:37,0,0,3,0,0,3,3.0,7.158883083359672
2026-09-22 02:54:49,1,5,1,0,0,6,21.0,61.864113130161584
2026-09-22 02:55:02,1,0,0,0,0,0,0.0,0.0
2026-09-22 02:55:14,0,0,0,0,0,0,0.0,0.0
2026-09-22 02:55:26,0,0,0,0,0,0,0.0,0.0
2026-09-22 02:55:38,1,1,0,1,2,4,23.0,60.01707198598431
2026-09-22 02:55:50,1,2,1,0,0,3,9.0,21.476649250079017
2026-09-22 02:56:02,0,2,0,0,4,6,32.0,94.26912476977003
2026-09-22 02:56:14,0,2,0,0,1,3,14.0,33.40812105567847
2026-09-22 02:56:27,0,1,0,0,0,1,4.0,6.772588722239782
2026-09-22 02:56:38,0,2,0,0,0,2,8.0,16.78889830934488
2026-09-22 02:56:51,0,2,0,0,1,3,14.0,33.40812105567847
2026-09-22 02:57:03,0,1,0,0,3,4,22.0,57.40763407355021
2026-09-22 02:57:15,1,6,0,2,8,16,86.0,329.6563475888346
2026-09-22 02:57:27,0,1,0,0,0,1,4.0,6.772588722239782
2026-09-22 02:57:39,0,0,0,0,0,0,0.0,0.0
2026-09-22 02:57:51,0,1,0,0,3,4,22.0,57.40763407355021
2026-09-22 02:58:03,0,0,0,0,0,0,0.0,0.0
2026-09-22 02:58:15,0,2,0,0,3,5,26.0,72.58574619992943
2026-09-22 02:58:28,0,3,0,0,4,7,36.0,110.85989550047408
2026-09-22 02:58:40,0,2,0,0,0,2,8.0,16.78889830934488
2026-09-22 02:58:52,0,0,0,1,0,1,7.0,11.852030263919618
2026-09-22 02:59:04,0,2,0,1,0,3,15.0,35.79441541679836
2026-09-22 02:59:16,0,0,0,0,0,0,0.0,0.0
2026-09-22 02:59:28,0,2,0,0,4,6,32.0,94.26912476977003
2026-09-22 02:59:42,0,2,0,0,1,3,14.0,33.40812105567847
2026-09-22 02:59:55,1,0,0,0,0,0,0.0,0.0
2026-09-22 03:00:06,1,2,0,0,1,3,14.0,33.40812105567847
2026-09-22 03:00:19,0,0,0,0,0,0,0.0,0.0
2026-09-22 03:00:32,3,3,3,0,0,6,15.0,44.1886522358297
2026-09-22 03:00:44,0,0,0,0,4,4,24.0,62.62650989841841
2026-09-22 03:00:56,1,0,0,0,0,0,0.0,0.0
2026-09-22 03:01:08,0,0,0,0,0,0,0.0,0.0
2026-09-22 03:01:21,0,0,0,0,0,0,0.0,0.0
2026-09-22 03:01:32,0,0,0,0,2,2,12.0,25.18334746401732
2026-09-22 03:01:45,0,3,0,0,2,5,24.0,67.00222726147332
2026-09-22 03:01:57,0,4,0,0,3,7,34.0,104.70101241711441
2026-09-22 03:02:09,0,3,0,0,0,3,12.0,28.63553233343869
2026-09-22 03:02:21,1,0,0,0,0,0,0.0,0.0
2026-09-22 03:02:33,0,3,0,0,0,3,12.0,28.63553233343869
2026-09-22 03:02:45,0,0,0,0,1,1,6.0,10.158883083359672
2026-09-22 03:02:57,0,3,0,0,0,3,12.0,28.63553233343869
2026-09-22 03:03:09,0,0,0,2,3,5,32.0,89.33630301529776
2026-09-22 03:03:22,0,0,0,0,1,1,6.0,10.158883083359672
2026-09-22 03:03:34,0,4,0,0,0,4,16.0,41.75100659894561
2026-09-22 03:03:46,0,2,0,0,1,3,14.0,33.40812105567847
2026-09-22 03:03:58,0,0,0,0,1,1,6.0,10.158883083359672
2026-09-22 03:04:10,0,0,2,2,4,8,40.0,127.88898309344879
2026-09-22 03:04:22,2,0,1,0,4,5,25.0,69.79398673070138
2026-09-22 03:04:34,0,0,0,0,4,4,24.0,62.62650989841841
2026-09-22 03:04:46,1,1,0,0,1,2,10.0,20.986122886681102
2026-09-22 03:04:58,0,2,0,0,1,3,14.0,33.40812105567847
2026-09-22 03:05:11,0,1,0,0,0,1,4.0,6.772588722239782
2026-09-22 03:05:23,0,8,0,0,3,11,50.0,174.24533248940003
2026-09-22 03:05:37,0,5,0,0,0,5,20.0,55.8351893845611
2026-09-22 03:05:48,0,1,0,0,0,1,4.0,6.772588722239782
2026-09-22 03:06:00,1,2,0,1,1,4,21.0,54.79819616111611
2026-09-22 03:06:12,1,2,0,0,0,2,8.0,16.78889830934488
2026-09-22 03:06:24,0,0,0,0,0,0,0.0,0.0
2026-09-22 03:06:36,0,2,0,0,7,9,50.0,165.1292546497023
2026-09-22 03:06:49,0,0,0,0,0,0,0.0,0.0
2026-09-22 03:07:00,2,0,0,0,0,0,0.0,0.0
2026-09-22 03:07:13,0,0,0,0,0,0,0.0,0.0
2026-09-22 03:07:25,1,0,0,0,0,0,0.0,0.0
2026-09-22 03:07:37,0,2,0,0,0,2,8.0,16.78889830934488
2026-09-22 03:07:49,0,2,0,1,4,7,39.0,120.09822012551359
2026-09-22 03:08:01,1,1,0,0,2,3,16.0,38.18070977791825
2026-09-22 03:08:13,0,0,0,0,0,0,0.0,0.0
2026-09-22 03:08:26,0,1,0,0,1,2,10.0,20.986122886681102
2026-09-22 03:08:38,0,1,0,0,0,1,4.0,6.772588722239782
2026-09-22 03:08:50,1,4,0,0,1,5,22.0,61.418708323017206
2026-09-22 03:09:02,0,4,0,0,3,7,34.0,104.70101241711441
2026-09-22 03:09:14,1,2,0,0,2,4,20.0,52.18875824868201
2026-09-22 03:09:26,0,1,0,0,0,1,4.0,6.772588722239782
2026-09-22 03:09:38,1,1,0,1,0,2,11.0,23.08473517534921
2026-09-22 03:09:53,0,1,0,0,0,1,4.0,6.772588722239782
2026-09-22 03:10:04,2,7,1,0,2,10,41.0,139.3137061847332
2026-09-22 03:10:16,0,0,0,0,1,1,6.0,10.158883083359672
2026-09-22 03:10:28,1,0,0,0,0,0,0.0,0.0
2026-09-22 03:10:41,1,0,0,0,0,0,0.0,0.0
2026-09-22 03:10:53,0,0,0,0,0,0,0.0,0.0
2026-09-22 03:11:05,0,0,0,0,0,0,0.0,0.0
2026-09-22 03:11:17,0,2,0,0,0,2,8.0,16.78889830934488
2026-09-22 03:11:29,0,0,0,0,1,1,6.0,10.158883083359672
2026-09-22 03:11:41,0,0,0,0,0,0,0.0,0.0
2026-09-22 03:11:53,0,0,0,0,0,0,0.0,0.0
2026-09-22 03:12:05,0,1,0,0,2,3,16.0,38.18070977791825
2026-09-22 03:12:18,1,0,0,0,0,0,0.0,0.0
2026-09-22 03:12:30,0,4,0,1,5,10,53.0,180.08844945831365
2026-09-22 03:12:42,0,1,0,0,5,6,34.0,100.16094506788066
2026-09-22 03:12:55,0,1,0,0,0,1,4.0,6.772588722239782
2026-09-22 03:13:10,0,1,0,0,0,1,4.0,6.772588722239782
2026-09-22 03:13:18,0,0,0,0,0,0,0.0,0.0
2026-09-22 03:13:32,0,0,0,0,1,1,6.0,10.158883083359672
2026-09-22 03:13:44,2,2,1,0,2,5,21.0,58.62694885378915
2026-09-22 03:13:56,0,0,0,0,0,0,0.0,0.0
2026-09-22 03:14:08,0,0,0,0,0,0,0.0,0.0
2026-09-22 03:14:20,0,1,0,0,1,2,10.0,20.986122886681102
2026-09-22 03:14:34,1,0,0,1,0,1,7.0,11.852030263919618
2026-09-22 03:14:45,0,2,1,0,0,3,9.0,21.476649250079017
2026-09-22 03:14:57,0,3,0,1,3,7,37.0,113.93933704215392
2026-09-22 03:15:10,0,1,0,0,1,2,10.0,20.986122886681102
2026-09-22 03:15:21,0,0,0,0,0,0,0.0,0.0
2026-09-22 03:15:33,0,0,0,1,0,1,7.0,11.852030263919618
2026-09-22 03:15:45,0,0,0,0,2,2,12.0,25.18334746401732
2026-09-22 03:15:57,0,5,0,0,2,7,32.0,98.54212933375474
2026-09-22 03:16:10,0,4,0,0,0,4,16.0,41.75100659894561
2026-09-22 03:16:22,0,0,0,0,0,0,0.0,0.0
2026-09-22 03:16:34,0,2,1,0,0,3,9.0,21.476649250079017
2026-09-22 03:16:46,0,0,0,0,0,0,0.0,0.0
2026-09-22 03:16:58,0,0,0,0,0,0,0.0,0.0
2026-09-22 03:17:10,1,0,0,0,4,4,24.0,62.62650989841841
2026-09-22 03:17:22,0,2,0,0,6,8,44.0,140.67788140279367
2026-09-22 03:17:34,0,1,0,0,1,2,10.0,20.986122886681102
2026-09-22 03:17:46,0,0,1,2,0,3,15.0,35.79441541679836
2026-09-22 03:17:58,0,1,0,0,2,3,16.0,38.18070977791825
2026-09-22 03:18:11,0,2,0,0,0,2,8.0,16.78889830934488
2026-09-22 03:18:23,0,7,0,0,3,10,46.0,156.30318254872506
2026-09-22 03:18:35,0,2,0,0,0,2,8.0,16.78889830934488
2026-09-22 03:18:47,1,1,0,0,0,1,4.0,6.772588722239782
2026-09-22 03:18:59,1,0,0,1,1,2,13.0,27.28195975268543
2026-09-22 03:19:11,0,0,0,0,0,0,0.0,0.0
2026-09-22 03:19:23,4,0,3,0,0,3,3.0,7.158883083359672
2026-09-22 03:19:36,0,4,0,1,3,8,41.0,131.086207670785
2026-09-22 03:19:48,0,1,0,0,1,2,10.0,20.986122886681102
2026-09-22 03:20:00,1,0,0,0,0,0,0.0,0.0
2026-09-22 03:20:12,0,0,0,0,0,0,0.0,0.0
2026-09-22 03:20:24,1,0,0,3,0,3,21.0,50.11218158351771
2026-09-22 03:20:36,7,0,5,0,0,5,5.0,13.958797346140274
2026-09-22 03:20:48,0,1,1,0,4,6,29.0,85.43139432260409
2026-09-22 03:21:00,1,1,0,0,0,1,4.0,6.772588722239782
2026-09-22 03:21:13,0,0,0,0,0,0,0.0,0.0
2026-09-22 03:21:25,0,2,0,0,0,2,8.0,16.78889830934488
2026-09-22 03:21:37,0,1,0,0,2,3,16.0,38.18070977791825
2026-09-22 03:21:49,0,7,2,0,2,11,42.0,146.366079291096
2026-09-22 03:22:01,0,3,0,0,0,3,12.0,28.63553233343869
2026-09-22 03:22:13,2,0,0,0,0,0,0.0,0.0
2026-09-22 03:22:25,0,0,0,0,0,0,0.0,0.0
2026-09-22 03:22:37,1,1,0,0,0,1,4.0,6.772588722239782
2026-09-22 03:22:50,0,0,0,0,0,0,0.0,0.0
2026-09-22 03:23:02,0,1,0,0,5,6,34.0,100.16094506788066
2026-09-22 03:23:15,0,1,0,1,1,3,17.0,40.56700413903815
2026-09-22 03:23:27,1,0,0,0,0,0,0.0,0.0
2026-09-22 03:23:40,0,0,0,0,0,0,0.0,0.0
2026-09-22 03:23:53,0,0,0,0,0,0,0.0,0.0
2026-09-22 03:24:06,0,0,0,0,0,0,0.0,0.0
2026-09-22 03:24:18,0,4,0,0,4,8,40.0,127.88898309344879
2026-09-22 03:24:30,2,0,0,0,0,0,0.0,0.0
2026-09-22 03:24:42,0,0,0,0,0,0,0.0,0.0
2026-09-22 03:24:54,0,1,0,0,1,2,10.0,20.986122886681102
2026-09-22 03:25:06,0,1,0,0,2,3,16.0,38.18070977791825
2026-09-22 03:25:21,0,0,0,0,1,1,6.0,10.158883083359672
2026-09-22 03:25:32,0,4,0,0,0,4,16.0,41.75100659894561
2026-09-22 03:25:44,0,0,0,0,0,0,0.0,0.0
2026-09-22 03:25:57,0,1,0,0,1,2,10.0,20.986122886681102
2026-09-22 03:26:09,0,6,0,0,0,6,24.0,70.70184357732752
2026-09-22 03:26:21,0,0,0,0,2,2,12.0,25.18334746401732
2026-09-22 03:26:33,0,5,0,0,0,5,20.0,55.8351893845611
2026-09-22 03:26:45,0,6,0,0,9,15,78.0,294.26192033470295
2026-09-22 03:26:57,0,0,0,0,0,0,0.0,0.0
2026-09-22 03:27:09,0,1,0,0,0,1,4.0,6.772588722239782
2026-09-22 03:27:21,1,3,0,2,1,6,32.0,94.26912476977003
2026-09-22 03:27:33,0,0,0,0,0,0,0.0,0.0
2026-09-22 03:27:45,1,6,1,0,2,9,37.0,122.19564844077969
2026-09-22 03:27:58,0,3,0,1,7,11,61.0,212.57930563706802
2026-09-22 03:28:10,0,1,0,0,0,1,4.0,6.772588722239782
2026-09-22 03:28:23,0,0,0,0,0,0,0.0,0.0
2026-09-22 03:28:35,0,7,0,0,1,8,34.0,108.70563562943147
2026-09-22 03:28:48,1,0,1,0,2,3,13.0,31.02182669455858
2026-09-22 03:29:00,1,5,0,3,3,11,59.0,205.60949233749201
2026-09-22 03:29:12,0,1,0,0,0,1,4.0,6.772588722239782
2026-09-22 03:29:24,1,0,0,0,0,0,0.0,0.0
2026-09-22 03:29:36,0,1,0,0,0,1,4.0,6.772588722239782
2026-09-22 03:29:48,0,2,0,0,0,2,8.0,16.78889830934488
2026-09-22 03:30:00,1,1,0,0,2,3,16.0,38.18070977791825
2026-09-22 03:30:13,1,1,1,0,4,6,29.0,85.43139432260409
2026-09-22 03:30:26,0,4,0,0,0,4,16.0,41.75100659894561
2026-09-22 03:30:38,0,0,0,0,0,0,0.0,0.0
2026-09-22 03:30:50,0,2,0,0,1,3,14.0,33.40812105567847
2026-09-22 03:31:02,0,0,0,0,1,1,6.0,10.158883083359672
2026-09-22 03:31:14,9,2,5,0,0,7,13.0,40.03274004183786
2026-09-22 03:31:26,0,1,1,0,5,7,35.0,107.78045395879425
2026-09-22 03:31:40,0,0,0,0,0,0,0.0,0.0
2026-09-22 03:31:54,0,1,0,0,0,1,4.0,6.772588722239782
2026-09-22 03:32:06,1,3,1,0,1,5,19.0,53.04342991533304
2026-09-22 03:32:18,0,0,0,1,1,2,13.0,27.28195975268543
2026-09-22 03:32:30,1,6,0,0,2,8,36.0,115.1000847841039
2026-09-22 03:32:42,0,2,0,2,4,8,46.0,147.0723305574661
2026-09-22 03:32:54,0,4,0,0,1,5,22.0,61.418708323017206
2026-09-22 03:33:08,0,2,0,0,0,2,8.0,16.78889830934488
2026-09-22 03:33:23,0,0,0,0,1,1,6.0,10.158883083359672
2026-09-22 03:33:36,0,3,1,0,1,5,19.0,53.04342991533304
2026-09-22 03:33:46,0,4,0,0,5,9,46.0,151.91891427772612
2026-09-22 03:33:58,0,1,0,0,0,1,4.0,6.772588722239782
2026-09-22 03:34:10,1,2,0,1,0,3,15.0,35.79441541679836
2026-09-22 03:34:26,0,2,0,0,0,2,8.0,16.78889830934488
2026-09-22 03:34:38,0,0,0,0,2,2,12.0,25.18334746401732
2026-09-22 03:34:50,0,0,0,0,0,0,0.0,0.0
2026-09-22 03:35:02,0,0,0,0,0,0,0.0,0.0
2026-09-22 03:35:15,0,0,0,0,0,0,0.0,0.0
2026-09-22 03:35:28,0,2,0,0,0,2,8.0,16.78889830934488
2026-09-22 03:35:40,0,2,0,0,0,2,8.0,16.78889830934488
2026-09-22 03:35:54,0,0,0,0,0,0,0.0,0.0
2026-09-22 03:36:04,1,11,0,0,4,15,68.0,256.5360331123051
2026-09-22 03:36:16,0,1,0,0,0,1,4.0,6.772588722239782
2026-09-22 03:36:28,0,0,0,0,0,0,0.0,0.0
2026-09-22 03:36:40,0,5,1,1,2,9,40.0,132.10340371976184
2026-09-22 03:36:56,0,4,0,0,1,5,22.0,61.418708323017206
2026-09-22 03:37:06,1,1,0,0,0,1,4.0,6.772588722239782
2026-09-22 03:37:18,0,6,0,0,6,12,60.0,213.8969614476922
2026-09-22 03:37:30,0,1,0,0,0,1,4.0,6.772588722239782
2026-09-22 03:37:42,0,0,0,0,0,0,0.0,0.0
2026-09-22 03:37:55,1,2,0,0,0,2,8.0,16.78889830934488
2026-09-22 03:38:08,0,1,0,1,0,2,11.0,23.08473517534921
2026-09-22 03:38:20,2,0,3,1,0,4,10.0,26.094379124341003
2026-09-22 03:38:32,0,0,1,0,6,7,37.0,113.93933704215392
2026-09-22 03:38:44,0,1,0,0,1,2,10.0,20.986122886681102
2026-09-22 03:38:58,1,0,0,2,1,3,20.0,47.725887222397816
2026-09-22 03:39:09,0,0,0,0,0,0,0.0,0.0
2026-09-22 03:39:21,0,0,0,0,0,0,0.0,0.0
2026-09-22 03:39:33,0,1,2,0,3,6,24.0,70.70184357732752
2026-09-22 03:39:45,0,6,0,0,1,7,30.0,92.38324625039508
2026-09-22 03:39:57,1,1,0,0,0,1,4.0,6.772588722239782
2026-09-22 03:40:10,2,0,0,0,0,0,0.0,0.0
2026-09-22 03:40:22,0,1,0,1,0,2,11.0,23.08473517534921
2026-09-22 03:40:34,0,0,0,0,0,0,0.0,0.0
2026-09-22 03:40:55,2,3,1,0,2,6,25.0,73.64775372638283
2026-09-22 03:41:01,0,2,0,0,0,2,8.0,16.78889830934488
2026-09-22 03:41:13,0,1,0,0,0,1,4.0,6.772588722239782
2026-09-22 03:41:26,0,3,0,0,0,3,12.0,28.63553233343869
2026-09-22 03:41:39,0,1,0,0,0,1,4.0,6.772588722239782
2026-09-22 03:41:50,0,0,0,0,0,0,0.0,0.0
2026-09-22 03:42:05,0,3,1,1,1,6,26.0,76.59366387543815
2026-09-22 03:42:14,0,1,0,0,1,2,10.0,20.986122886681102
2026-09-22 03:42:26,0,1,0,0,0,1,4.0,6.772588722239782
2026-09-22 03:42:38,0,5,0,1,2,8,39.0,124.69175851611256
2026-09-22 03:42:52,0,0,0,0,0,0,0.0,0.0
2026-09-22 03:43:06,1,2,0,0,0,2,8.0,16.78889830934488
2026-09-22 03:43:16,1,4,1,1,1,7,30.0,92.38324625039508
2026-09-22 03:43:29,0,1,0,0,0,1,4.0,6.772588722239782
2026-09-22 03:43:41,0,1,0,0,0,1,4.0,6.772588722239782
2026-09-22 03:43:53,0,5,0,0,0,5,20.0,55.8351893845611
2026-09-22 03:44:05,1,1,0,0,1,2,10.0,20.986122886681102
2026-09-22 03:44:17,0,6,0,0,2,8,36.0,115.1000847841039
2026-09-22 03:44:29,0,3,1,0,2,6,25.0,73.64775372638283
2026-09-22 03:44:41,0,0,0,0,1,1,6.0,10.158883083359672
2026-09-22 03:44:53,1,1,0,3,0,4,25.0,65.23594781085251
2026-09-22 03:45:08,0,6,0,2,0,8,38.0,121.49453393877634
2026-09-22 03:45:18,0,2,0,0,2,4,20.0,52.18875824868201
2026-09-22 03:45:30,0,4,0,1,0,5,23.0,64.21046779224527
2026-09-22 03:45:42,0,2,0,0,0,2,8.0,16.78889830934488
2026-09-22 03:45:54,1,1,0,0,0,1,4.0,6.772588722239782
2026-09-22 03:46:06,0,2,1,1,0,4,16.0,41.75100659894561
2026-09-22 03:46:18,0,1,0,0,0,1,4.0,6.772588722239782
2026-09-22 03:46:30,1,1,0,0,0,1,4.0,6.772588722239782
2026-09-22 03:46:44,2,3,2,0,4,9,38.0,125.49823353377374
2026-09-22 03:46:55,0,5,0,1,3,9,45.0,148.61632918473205
2026-09-22 03:47:10,0,0,0,0,1,1,6.0,10.158883083359672
2026-09-22 03:47:28,0,1,0,1,1,3,17.0,40.56700413903815
2026-09-22 03:47:31,0,2,0,0,1,3,14.0,33.40812105567847
2026-09-22 03:47:43,1,1,0,0,3,4,22.0,57.40763407355021
2026-09-22 03:47:56,0,6,0,1,1,8,37.0,118.29730936144013
2026-09-22 03:48:08,0,0,0,0,0,0,0.0,0.0
2026-09-22 03:48:20,0,3,0,0,0,3,12.0,28.63553233343869
2026-09-22 03:48:33,0,1,0,0,1,2,10.0,20.986122886681102
2026-09-22 03:48:45,0,2,0,0,0,2,8.0,16.78889830934488
2026-09-22 03:48:57,4,4,3,0,1,8,25.0,79.9306144334055
2026-09-22 03:49:10,0,8,0,0,4,12,56.0,199.63716401784606
2026-09-22 03:49:21,0,2,0,0,0,2,8.0,16.78889830934488
2026-09-22 03:49:33,0,2,0,1,1,4,21.0,54.79819616111611
2026-09-22 03:49:45,0,2,0,1,0,3,15.0,35.79441541679836
2026-09-22 03:49:57,0,1,0,0,1,2,10.0,20.986122886681102
2026-09-22 03:50:09,6,5,4,0,2,11,36.0,125.45663939236802
2026-09-22 03:50:23,1,5,1,0,2,8,33.0,105.50841105209524
2026-09-22 03:50:37,0,0,0,0,0,0,0.0,0.0
2026-09-22 03:50:49,0,0,1,0,0,1,1.0,1.6931471805599454
2026-09-22 03:51:01,0,0,0,0,0,0,0.0,0.0
2026-09-22 03:51:13,1,0,0,0,0,0,0.0,0.0
2026-09-22 03:51:26,0,5,0,0,8,13,68.0,247.45589841383756
2026-09-22 03:51:38,0,2,0,0,2,4,20.0,52.18875824868201
2026-09-22 03:51:51,0,1,0,0,0,1,4.0,6.772588722239782
2026-09-22 03:52:03,0,2,0,0,1,3,14.0,33.40812105567847
2026-09-22 03:52:15,0,2,0,0,4,6,32.0,94.26912476977003
2026-09-22 03:52:27,8,2,6,0,0,8,14.0,44.76114408270708
2026-09-22 03:52:41,1,6,0,0,2,8,36.0,115.1000847841039
2026-09-22 03:52:53,0,1,0,0,0,1,4.0,6.772588722239782
2026-09-22 03:53:05,0,0,0,0,0,0,0.0,0.0
2026-09-22 03:53:17,0,4,0,0,0,4,16.0,41.75100659894561
2026-09-22 03:53:29,0,0,0,0,0,0,0.0,0.0
2026-09-22 03:53:42,0,1,0,0,1,2,10.0,20.986122886681102
2026-09-22 03:53:54,1,7,0,0,1,8,34.0,108.70563562943147
2026-09-22 03:54:06,0,4,0,0,1,5,22.0,61.418708323017206
2026-09-22 03:54:18,2,0,0,0,0,0,0.0,0.0
2026-09-22 03:54:30,0,5,0,2,0,7,34.0,104.70101241711441
2026-09-22 03:54:42,0,2,0,0,1,3,14.0,33.40812105567847
2026-09-22 03:54:54,1,5,2,0,3,10,40.0,135.91581091193484
2026-09-22 03:55:07,0,3,0,0,0,3,12.0,28.63553233343869
2026-09-22 03:55:20,0,0,0,0,0,0,0.0,0.0
2026-09-22 03:55:33,1,2,1,2,0,5,23.0,64.21046779224527
2026-09-22 03:55:44,0,5,0,1,0,6,27.0,79.53957402449346
2026-09-22 03:55:56,0,1,0,0,2,3,16.0,38.18070977791825
2026-09-22 03:56:13,1,5,2,0,1,8,28.0,89.52228816541415
2026-09-22 03:56:21,0,3,0,0,4,7,36.0,110.85989550047408
2026-09-22 03:56:33,0,0,0,0,0,0,0.0,0.0
2026-09-22 03:56:45,0,1,0,0,0,1,4.0,6.772588722239782
2026-09-22 03:56:57,0,2,0,2,2,6,34.0,100.16094506788066
2026-09-22 03:57:09,0,0,0,0,0,0,0.0,0.0
2026-09-22 03:57:21,1,6,0,1,7,14,73.0,270.68766468046135
2026-09-22 03:57:35,0,2,0,1,2,5,27.0,75.37750566915749
2026-09-22 03:57:48,0,0,0,0,0,0,0.0,0.0
2026-09-22 03:58:00,1,0,1,0,0,1,1.0,1.6931471805599454
2026-09-22 03:58:11,0,1,0,0,2,3,16.0,38.18070977791825
2026-09-22 03:58:24,3,0,2,0,0,2,2.0,4.19722457733622
2026-09-22 03:58:36,1,6,1,0,5,12,55.0,196.07221466038453
2026-09-22 03:58:48,0,0,0,0,0,0,0.0,0.0
2026-09-22 03:59:02,0,0,0,0,0,0,0.0,0.0
2026-09-22 03:59:15,0,1,0,0,1,2,10.0,20.986122886681102
2026-09-22 03:59:27,0,0,0,0,0,0,0.0,0.0
2026-09-22 03:59:39,2,4,1,0,0,5,17.0,47.459910976876934
2026-09-22 03:59:52,0,3,0,0,6,9,48.0,158.5240844637142
2026-09-22 04:00:04,0,1,0,0,0,1,4.0,6.772588722239782
2026-09-22 04:00:16,0,5,0,0,0,5,20.0,55.8351893845611
2026-09-22 04:00:28,1,1,0,0,1,2,10.0,20.986122886681102
2026-09-22 04:00:40,0,0,0,0,1,1,6.0,10.158883083359672
2026-09-22 04:00:53,0,0,0,0,3,3,18.0,42.953298500158034
2026-09-22 04:01:07,0,7,0,0,0,7,28.0,86.2243631670354
2026-09-22 04:01:19,0,0,0,0,0,0,0.0,0.0
2026-09-22 04:01:30,0,1,0,0,1,2,10.0,20.986122886681102
2026-09-22 04:01:42,0,0,0,0,2,2,12.0,25.18334746401732
2026-09-22 04:01:55,6,0,6,0,0,6,6.0,17.67546089433188
2026-09-22 04:02:07,0,0,0,0,5,5,30.0,83.75278407684165
2026-09-22 04:02:19,0,0,0,2,4,6,38.0,111.94458566410191
2026-09-22 04:02:31,0,0,0,0,0,0,0.0,0.0
2026-09-22 04:02:43,0,1,0,0,0,1,4.0,6.772588722239782
2026-09-22 04:02:55,0,0,0,0,1,1,6.0,10.158883083359672
2026-09-22 04:03:07,5,0,3,0,1,4,9.0,23.484941211906904
2026-09-22 04:03:19,0,6,0,0,1,7,30.0,92.38324625039508
2026-09-22 04:03:32,0,3,0,0,0,3,12.0,28.63553233343869
2026-09-22 04:03:44,0,1,0,0,0,1,4.0,6.772588722239782
2026-09-22 04:03:56,0,3,0,0,0,3,12.0,28.63553233343869
2026-09-22 04:04:08,1,0,0,0,2,2,12.0,25.18334746401732
2026-09-22 04:04:20,7,2,5,0,3,10,31.0,105.3347534567495
2026-09-22 04:04:32,0,1,0,0,3,4,22.0,57.40763407355021
2026-09-22 04:04:44,0,2,0,0,1,3,14.0,33.40812105567847
2026-09-22 04:04:56,1,0,2,0,0,2,2.0,4.19722457733622
2026-09-22 04:05:09,0,5,0,2,1,8,40.0,127.88898309344879
2026-09-22 04:05:21,0,1,0,0,1,2,10.0,20.986122886681102
2026-09-22 04:05:33,4,1,1,0,0,2,5.0,10.493061443340551
2026-09-22 04:05:45,0,6,0,0,3,9,42.0,138.70857390574992
2026-09-22 04:05:57,0,2,0,0,0,2,8.0,16.78889830934488
2026-09-22 04:06:09,1,0,0,1,1,2,13.0,27.28195975268543
2026-09-22 04:06:23,0,3,0,1,2,6,31.0,91.32321462071472
2026-09-22 04:06:34,1,0,0,0,0,0,0.0,0.0
2026-09-22 04:06:46,1,7,2,0,0,9,30.0,99.07755278982138
2026-09-22 04:06:58,0,1,0,0,1,2,10.0,20.986122886681102
2026-09-22 04:07:10,0,1,0,0,0,1,4.0,6.772588722239782
2026-09-22 04:07:23,0,3,0,0,0,3,12.0,28.63553233343869
2026-09-22 04:07:35,1,0,0,0,0,0,0.0,0.0
2026-09-22 04:07:46,1,0,0,0,0,0,0.0,0.0
2026-09-22 04:07:58,1,5,0,2,4,11,58.0,202.124585687704
2026-09-22 04:08:10,0,3,0,1,3,7,37.0,113.93933704215392
2026-09-22 04:08:23,0,1,0,0,1,2,10.0,20.986122886681102
2026-09-22 04:08:36,0,2,0,0,0,2,8.0,16.78889830934488
2026-09-22 04:08:47,0,3,0,0,0,3,12.0,28.63553233343869
2026-09-22 04:08:59,6,1,5,0,0,6,9.0,26.513191341497823
2026-09-22 04:09:11,0,2,0,3,3,8,47.0,150.26955513480232
2026-09-22 04:09:23,0,0,1,0,4,5,25.0,69.79398673070138
2026-09-22 04:09:35,1,0,0,0,0,0,0.0,0.0
2026-09-22 04:09:50,0,4,0,1,0,5,23.0,64.21046779224527
2026-09-22 04:10:04,0,1,0,0,2,3,16.0,38.18070977791825
2026-09-22 04:10:12,1,2,2,0,0,4,10.0,26.094379124341003
2026-09-22 04:10:24,0,6,0,1,4,11,55.0,191.66986573834
2026-09-22 04:10:36,0,1,0,0,1,2,10.0,20.986122886681102
2026-09-22 04:10:48,0,0,0,0,0,0,0.0,0.0
2026-09-22 04:11:00,0,2,0,0,1,3,14.0,33.40812105567847
2026-09-22 04:11:13,0,4,0,0,0,4,16.0,41.75100659894561
2026-09-22 04:11:24,0,4,1,0,3,8,35.0,111.90286020676768
2026-09-22 04:11:36,0,7,1,0,0,8,29.0,92.71951274275037
2026-09-22 04:11:49,0,0,0,0,0,0,0.0,0.0
2026-09-22 04:12:01,0,0,0,1,0,1,7.0,11.852030263919618
2026-09-22 04:12:14,0,2,0,2,0,4,22.0,57.40763407355021
2026-09-22 04:12:26,0,0,0,0,1,1,6.0,10.158883083359672
2026-09-22 04:12:39,0,2,1,0,2,5,21.0,58.62694885378915
2026-09-22 04:12:51,2,2,2,0,4,8,34.0,108.70563562943147
2026-09-22 04:13:03,0,2,0,0,0,2,8.0,16.78889830934488
2026-09-22 04:13:15,0,0,0,0,1,1,6.0,10.158883083359672
2026-09-22 04:13:27,0,0,0,0,0,0,0.0,0.0
2026-09-22 04:13:40,1,0,0,0,0,0,0.0,0.0
2026-09-22 04:13:51,1,3,1,2,1,7,33.0,101.62157087543459
2026-09-22 04:14:08,3,1,0,0,0,1,4.0,6.772588722239782
2026-09-22 04:14:20,0,0,0,0,0,0,0.0,0.0
2026-09-22 04:14:32,0,0,0,2,0,2,14.0,29.38057204135354
2026-09-22 04:14:44,1,0,0,0,1,1,6.0,10.158883083359672
2026-09-22 04:14:56,2,1,4,0,0,5,8.0,22.33407575382444
2026-09-22 04:15:08,1,0,0,1,5,6,37.0,108.9986755150466
2026-09-22 04:15:20,1,0,0,3,0,3,21.0,50.11218158351771
2026-09-22 04:15:32,0,3,0,1,0,4,19.0,49.57932033624791
2026-09-22 04:15:45,1,1,0,0,2,3,16.0,38.18070977791825
2026-09-22 04:15:57,2,3,0,0,1,4,18.0,46.96988242381381
2026-09-22 04:16:09,1,4,0,0,2,6,28.0,82.48548417354877
2026-09-22 04:16:21,3,4,0,1,2,7,35.0,107.78045395879425
2026-09-22 04:16:33,0,0,0,0,0,0,0.0,0.0
2026-09-22 04:16:45,0,0,0,0,0,0,0.0,0.0
2026-09-22 04:16:58,1,0,0,0,1,1,6.0,10.158883083359672
2026-09-22 04:17:11,0,0,0,0,1,1,6.0,10.158883083359672
2026-09-22 04:17:23,1,5,2,0,0,7,22.0,67.74771391695639
2026-09-22 04:17:34,1,5,1,2,1,9,41.0,135.40598881275588
2026-09-22 04:17:46,0,1,0,0,0,1,4.0,6.772588722239782
2026-09-22 04:17:58,1,0,1,0,0,1,1.0,1.6931471805599454
2026-09-22 04:18:10,0,1,0,0,1,2,10.0,20.986122886681102
2026-09-22 04:18:22,0,0,0,0,0,0,0.0,0.0
2026-09-22 04:18:34,4,2,3,1,4,10,42.0,142.71160145753157
2026-09-22 04:18:46,2,0,0,0,6,6,36.0,106.05276536599129
2026-09-22 04:18:58,0,0,0,0,0,0,0.0,0.0
2026-09-22 04:19:11,0,2,0,0,0,2,8.0,16.78889830934488
2026-09-22 04:19:23,0,3,0,0,3,6,30.0,88.3773044716594
2026-09-22 04:19:35,0,0,0,0,1,1,6.0,10.158883083359672
2026-09-22 04:19:47,1,3,2,0,1,6,20.0,58.91820298110627
2026-09-22 04:19:59,1,1,0,0,4,5,28.0,78.16926513838554
2026-09-22 04:20:12,0,0,0,0,0,0,0.0,0.0
2026-09-22 04:20:23,0,0,0,0,0,0,0.0,0.0
2026-09-22 04:20:35,1,0,0,0,0,0,0.0,0.0
2026-09-22 04:20:48,0,0,0,0,0,0,0.0,0.0
2026-09-22 04:21:00,1,8,0,0,2,10,44.0,149.5073920031283
2026-09-22 04:21:12,1,3,0,0,6,9,48.0,158.5240844637142
2026-09-22 04:21:24,0,2,0,0,2,4,20.0,52.18875824868201
2026-09-22 04:21:36,0,0,0,2,0,2,14.0,29.38057204135354
2026-09-22 04:21:48,0,0,0,0,0,0,0.0,0.0
2026-09-22 04:22:00,0,0,0,0,0,0,0.0,0.0
2026-09-22 04:22:12,1,6,1,0,5,12,55.0,196.07221466038453
2026-09-22 04:22:26,0,3,0,0,0,3,12.0,28.63553233343869
2026-09-22 04:22:38,0,0,0,0,0,0,0.0,0.0
2026-09-22 04:22:50,1,3,0,0,0,3,12.0,28.63553233343869
2026-09-22 04:23:01,0,0,0,0,0,0,0.0,0.0
2026-09-22 04:23:13,3,3,4,0,2,9,28.0,92.47238260383328
2026-09-22 04:23:25,0,0,0,0,5,5,30.0,83.75278407684165
2026-09-22 04:23:37,0,1,0,0,0,1,4.0,6.772588722239782
2026-09-22 04:23:50,0,3,0,0,0,3,12.0,28.63553233343869
2026-09-22 04:24:05,0,4,0,1,1,6,29.0,85.43139432260409
2026-09-22 04:24:14,1,0,0,0,1,1,6.0,10.158883083359672
2026-09-22 04:24:26,3,2,3,0,1,6,17.0,50.08047253394033
2026-09-22 04:24:41,2,4,2,0,8,14,66.0,244.73131327274587
2026-09-22 04:24:51,0,0,0,0,0,0,0.0,0.0
2026-09-22 04:25:03,1,0,1,0,0,1,1.0,1.6931471805599454
2026-09-22 04:25:14,0,3,0,0,0,3,12.0,28.63553233343869
2026-09-22 04:25:26,1,0,0,0,0,0,0.0,0.0
2026-09-22 04:25:38,2,1,0,1,1,3,17.0,40.56700413903815
2026-09-22 04:25:51,0,7,0,0,2,9,40.0,132.10340371976184
2026-09-22 04:26:03,0,0,0,0,0,0,0.0,0.0
2026-09-22 04:26:15,0,2,0,0,0,2,8.0,16.78889830934488
2026-09-22 04:26:27,0,0,0,0,0,0,0.0,0.0
2026-09-22 04:26:39,0,2,0,0,0,2,8.0,16.78889830934488
2026-09-22 04:26:51,0,7,0,0,4,11,52.0,181.21514578897603
2026-09-22 04:27:03,0,0,0,0,3,3,18.0,42.953298500158034
2026-09-22 04:27:15,0,1,0,0,0,1,4.0,6.772588722239782
2026-09-22 04:27:28,3,0,1,0,0,1,1.0,1.6931471805599454
2026-09-22 04:27:40,1,3,0,0,1,4,18.0,46.96988242381381
2026-09-22 04:27:56,2,1,3,0,2,6,19.0,55.972292832050954
2026-09-22 04:28:06,2,10,2,1,6,19,85.0,339.6372432520892
2026-09-22 04:28:16,0,0,0,0,2,2,12.0,25.18334746401732
2026-09-22 04:28:28,0,1,0,0,0,1,4.0,6.772588722239782
2026-09-22 04:28:40,0,3,0,0,0,3,12.0,28.63553233343869
2026-09-22 04:28:52,0,2,0,0,1,3,14.0,33.40812105567847
2026-09-22 04:29:05,3,1,0,0,0,1,4.0,6.772588722239782
2026-09-22 04:29:17,0,10,0,1,5,16,77.0,295.1574274923286
2026-09-22 04:29:29,0,1,0,0,2,3,16.0,38.18070977791825
2026-09-22 04:29:43,0,0,0,0,1,1,6.0,10.158883083359672
2026-09-22 04:29:55,0,6,1,0,0,7,25.0,76.9860385419959
2026-09-22 04:30:08,0,1,0,0,4,5,28.0,78.16926513838554
2026-09-22 04:30:19,1,4,1,0,2,7,29.0,89.30380470871523
2026-09-22 04:30:33,0,3,0,1,2,6,31.0,91.32321462071472
2026-09-22 04:30:45,0,0,0,0,0,0,0.0,0.0
2026-09-22 04:30:57,0,0,0,0,0,0,0.0,0.0
2026-09-22 04:31:09,0,5,0,1,1,7,33.0,101.62157087543459
2026-09-22 04:31:26,0,0,0,0,0,0,0.0,0.0
2026-09-22 04:31:33,3,4,5,0,0,9,21.0,69.35428695287496
2026-09-22 04:31:45,0,3,2,1,1,7,27.0,83.14492162535556
2026-09-22 04:32:01,0,0,0,0,0,0,0.0,0.0
2026-09-22 04:32:10,0,0,0,0,0,0,0.0,0.0
2026-09-22 04:32:24,0,1,0,2,1,4,24.0,62.62650989841841
2026-09-22 04:32:34,0,0,0,0,0,0,0.0,0.0
2026-09-22 04:32:46,2,10,2,2,1,15,62.0,233.90050077886644
2026-09-22 04:32:58,0,4,0,0,0,4,16.0,41.75100659894561
2026-09-22 04:33:10,1,0,0,0,0,0,0.0,0.0
2026-09-22 04:33:22,0,0,0,1,0,1,7.0,11.852030263919618
2026-09-22 04:33:34,0,1,0,0,0,1,4.0,6.772588722239782
2026-09-22 04:33:46,0,1,0,0,0,1,4.0,6.772588722239782
2026-09-22 04:34:00,2,7,4,0,2,13,44.0,160.11852250307138
2026-09-22 04:34:12,0,5,0,0,3,8,38.0,121.49453393877634
2026-09-22 04:34:24,0,0,0,1,0,1,7.0,11.852030263919618
2026-09-22 04:34:36,1,2,2,0,1,5,16.0,44.66815150764888
2026-09-22 04:34:48,1,1,0,0,0,1,4.0,6.772588722239782
2026-09-22 04:35:00,0,1,0,0,0,1,4.0,6.772588722239782
2026-09-22 04:35:13,2,7,1,0,7,15,71.0,267.8537992790245
2026-09-22 04:35:26,1,8,1,1,1,11,46.0,160.30570589024802
2026-09-22 04:35:39,1,1,1,0,0,2,5.0,10.493061443340551
2026-09-22 04:35:49,0,2,0,1,2,5,27.0,75.37750566915749
2026-09-22 04:36:01,0,1,0,0,0,1,4.0,6.772588722239782
2026-09-22 04:36:13,6,3,8,0,0,11,20.0,69.69813299576
2026-09-22 04:36:25,2,3,0,0,1,4,18.0,46.96988242381381
2026-09-22 04:36:42,2,2,0,0,4,6,32.0,94.26912476977003
2026-09-22 04:36:50,0,1,0,0,0,1,4.0,6.772588722239782
2026-09-22 04:37:06,0,1,0,1,3,5,29.0,80.9610246076136
2026-09-22 04:37:15,0,1,0,0,0,1,4.0,6.772588722239782
2026-09-22 04:37:27,3,4,2,0,4,10,42.0,142.71160145753157
2026-09-22 04:37:40,0,7,1,0,5,13,59.0,214.70438244730025
2026-09-22 04:37:52,1,3,0,0,1,4,18.0,46.96988242381381
2026-09-22 04:38:04,0,1,0,0,0,1,4.0,6.772588722239782
2026-09-22 04:38:16,2,2,1,1,2,6,28.0,82.48548417354877
2026-09-22 04:38:28,0,0,0,0,1,1,6.0,10.158883083359672
2026-09-22 04:38:40,1,8,2,1,3,14,59.0,218.7749618650304
2026-09-22 04:38:52,0,7,0,2,4,13,66.0,240.17778375460705
2026-09-22 04:39:04,0,2,0,0,1,3,14.0,33.40812105567847
2026-09-22 04:39:17,0,0,0,2,0,2,14.0,29.38057204135354
2026-09-22 04:39:29,0,2,0,1,4,7,39.0,120.09822012551359
2026-09-22 04:39:41,0,1,0,0,1,2,10.0,20.986122886681102
2026-09-22 04:39:53,3,8,1,0,7,16,75.0,287.4910008042162
2026-09-22 04:40:05,0,1,0,0,0,1,4.0,6.772588722239782
2026-09-22 04:40:17,0,0,0,0,0,0,0.0,0.0
2026-09-22 04:40:29,0,1,0,0,0,1,4.0,6.772588722239782
2026-09-22 04:40:41,2,3,0,1,0,4,19.0,49.57932033624791
2026-09-22 04:40:54,4,0,4,0,0,4,4.0,10.437751649736402
2026-09-22 04:41:06,2,6,1,2,8,17,87.0,338.4623429369663
2026-09-22 04:41:18,2,2,2,1,2,7,29.0,89.30380470871523
2026-09-22 04:41:30,0,1,0,0,0,1,4.0,6.772588722239782
2026-09-22 04:41:42,0,3,1,2,1,7,33.0,101.62157087543459
2026-09-22 04:41:54,0,1,0,0,0,1,4.0,6.772588722239782
2026-09-22 04:42:06,0,3,0,0,0,3,12.0,28.63553233343869
2026-09-22 04:42:18,1,8,0,0,5,13,62.0,225.62155443614603
2026-09-22 04:42:31,1,4,0,0,1,5,22.0,61.418708323017206
2026-09-22 04:42:43,0,1,0,0,2,3,16.0,38.18070977791825
2026-09-22 04:42:55,0,0,0,3,1,4,27.0,70.45482363572071
2026-09-22 04:43:07,0,2,0,0,1,3,14.0,33.40812105567847
2026-09-22 04:43:22,5,2,6,0,0,8,14.0,44.76114408270708
2026-09-22 04:43:33,2,4,2,0,2,8,30.0,95.91673732008658
2026-09-22 04:43:45,0,0,0,0,0,0,0.0,0.0
2026-09-22 04:43:57,0,1,1,0,0,2,5.0,10.493061443340551
2026-09-22 04:44:09,0,7,0,0,1,8,34.0,108.70563562943147
2026-09-22 04:44:21,0,1,0,0,1,2,10.0,20.986122886681102
2026-09-22 04:44:33,8,5,9,2,5,21,73.0,298.64609909515707
2026-09-22 04:44:45,2,5,2,0,3,10,40.0,135.91581091193484
2026-09-22 04:44:58,0,0,0,0,0,0,0.0,0.0
2026-09-22 04:45:10,1,1,2,0,1,4,12.0,31.313254949209206
2026-09-22 04:45:22,1,2,1,0,0,3,9.0,21.476649250079017
2026-09-22 04:45:34,0,0,0,0,1,1,6.0,10.158883083359672
2026-09-22 04:45:47,3,4,3,1,4,12,50.0,178.24746787307683
2026-09-22 04:45:58,0,3,0,0,4,7,36.0,110.85989550047408
2026-09-22 04:46:11,0,2,0,0,0,2,8.0,16.78889830934488
2026-09-22 04:46:22,1,1,0,0,0,1,4.0,6.772588722239782
2026-09-22 04:46:35,1,1,0,0,0,1,4.0,6.772588722239782
2026-09-22 04:46:47,0,2,0,1,4,7,39.0,120.09822012551359
2026-09-22 04:46:59,1,6,2,0,2,10,38.0,129.12002036633808
2026-09-22 04:47:11,0,0,0,0,6,6,36.0,106.05276536599129
2026-09-22 04:47:23,1,0,0,0,0,0,0.0,0.0
2026-09-22 04:47:35,0,5,0,0,0,5,20.0,55.8351893845611
2026-09-22 04:47:47,2,1,1,3,3,8,44.0,140.67788140279367
2026-09-22 04:47:59,10,1,6,0,3,10,28.0,95.14106763835437
2026-09-22 04:48:12,2,9,0,1,4,14,67.0,248.43936347384806
2026-09-22 04:48:24,0,10,0,0,2,12,52.0,185.37736658799992
2026-09-22 04:48:36,0,1,0,0,0,1,4.0,6.772588722239782
2026-09-22 04:48:48,0,6,0,1,1,8,37.0,118.29730936144013
2026-09-22 04:49:02,0,2,0,0,0,2,8.0,16.78889830934488
2026-09-22 04:49:14,7,0,5,0,0,5,5.0,13.958797346140274
2026-09-22 04:49:26,0,9,0,6,4,19,102.0,407.5646919025071
2026-09-22 04:49:38,0,2,0,1,1,4,21.0,54.79819616111611
2026-09-22 04:49:50,0,1,0,0,0,1,4.0,6.772588722239782
2026-09-22 04:50:02,0,3,0,2,2,7,38.0,117.01877858383376
2026-09-22 04:50:15,1,1,0,0,3,4,22.0,57.40763407355021
2026-09-22 04:50:27,10,3,14,0,0,17,26.0,101.14966570530028
2026-09-22 04:50:41,1,8,1,0,3,12,51.0,181.8124172305384
2026-09-22 04:50:51,0,0,0,0,0,0,0.0,0.0
2026-09-22 04:51:03,2,1,0,0,0,1,4.0,6.772588722239782
2026-09-22 04:51:15,2,4,0,0,0,4,16.0,41.75100659894561
2026-09-22 04:51:27,3,0,0,0,0,0,0.0,0.0
2026-09-22 04:51:39,4,6,6,0,0,12,30.0,106.9484807238461
2026-09-22 04:51:51,1,2,2,0,2,6,22.0,64.81002327921689
2026-09-22 04:52:04,1,1,0,0,0,1,4.0,6.772588722239782
2026-09-22 04:52:16,1,2,0,3,1,6,35.0,103.10685521693597
2026-09-22 04:52:28,0,2,0,0,0,2,8.0,16.78889830934488
2026-09-22 04:52:40,0,0,0,0,0,0,0.0,0.0
2026-09-22 04:52:52,0,5,0,3,2,10,53.0,180.08844945831365
2026-09-22 04:53:04,0,5,0,0,3,8,38.0,121.49453393877634
2026-09-22 04:53:20,1,0,0,2,0,2,14.0,29.38057204135354
2026-09-22 04:53:32,0,6,0,0,1,7,30.0,92.38324625039508
2026-09-22 04:53:44,0,3,0,0,4,7,36.0,110.85989550047408
2026-09-22 04:53:56,4,0,1,0,1,2,7.0,14.69028602067677
2026-09-22 04:54:08,1,8,0,2,7,17,88.0,342.35271469486247
2026-09-22 04:54:25,1,5,0,1,3,9,45.0,148.61632918473205
2026-09-22 04:54:33,1,1,0,0,0,1,4.0,6.772588722239782
2026-09-22 04:54:44,0,3,1,2,0,6,27.0,79.53957402449346
2026-09-22 04:54:58,0,3,0,0,7,10,54.0,183.486344731112
2026-09-22 04:55:10,19,0,9,0,0,9,9.0,29.723265836946414
2026-09-22 04:55:23,2,5,4,3,4,16,69.0,264.49172073987893
2026-09-22 04:55:35,0,3,0,0,1,4,18.0,46.96988242381381
2026-09-22 04:55:52,0,1,2,1,1,5,19.0,53.04342991533304
2026-09-22 04:55:59,0,3,0,1,0,4,19.0,49.57932033624791
2026-09-22 04:56:12,0,0,0,0,3,3,18.0,42.953298500158034
2026-09-22 04:56:24,3,8,2,0,4,14,58.0,215.06691166392818
2026-09-22 04:56:36,0,3,0,1,2,6,31.0,91.32321462071472
2026-09-22 04:56:50,0,0,0,0,0,0,0.0,0.0
2026-09-22 04:57:02,2,0,1,0,0,1,1.0,1.6931471805599454
2026-09-22 04:57:14,0,1,0,0,0,1,4.0,6.772588722239782
2026-09-22 04:57:26,0,0,0,0,1,1,6.0,10.158883083359672
2026-09-22 04:57:38,1,10,1,2,5,18,85.0,335.2773132291474
2026-09-22 04:57:50,0,5,0,1,1,7,33.0,101.62157087543459
2026-09-22 04:58:02,0,5,0,0,2,7,32.0,98.54212933375474
2026-09-22 04:58:15,2,5,2,0,0,7,22.0,67.74771391695639
2026-09-22 04:58:27,1,4,0,0,0,4,16.0,41.75100659894561
2026-09-22 04:58:39,6,0,4,0,0,4,4.0,10.437751649736402
2026-09-22 04:58:51,3,2,0,0,2,4,20.0,52.18875824868201
2026-09-22 04:59:03,2,4,1,0,1,6,23.0,67.75593342827221
2026-09-22 04:59:15,0,2,0,0,0,2,8.0,16.78889830934488
2026-09-22 04:59:27,1,3,3,0,1,7,21.0,64.66827237527654
2026-09-22 04:59:42,0,3,0,2,1,6,32.0,94.26912476977003
2026-09-22 04:59:52,2,3,0,0,2,5,24.0,67.00222726147332
2026-09-22 05:00:04,1,9,0,1,4,14,67.0,248.43936347384806
2026-09-22 05:00:21,0,5,0,1,1,7,33.0,101.62157087543459
2026-09-22 05:00:29,0,1,0,0,0,1,4.0,6.772588722239782
2026-09-22 05:00:41,0,7,0,1,2,10,47.0,159.70107782152343
2026-09-22 05:00:53,0,2,0,0,2,4,20.0,52.18875824868201
2026-09-22 05:01:06,6,7,3,0,2,12,43.0,153.29282237084607
2026-09-22 05:01:19,0,3,0,0,4,7,36.0,110.85989550047408
2026-09-22 05:01:29,0,1,0,0,1,2,10.0,20.986122886681102
2026-09-22 05:01:43,2,0,0,0,0,0,0.0,0.0
2026-09-22 05:01:54,1,2,0,0,2,4,20.0,52.18875824868201
2026-09-22 05:02:09,0,0,0,0,2,2,12.0,25.18334746401732
2026-09-22 05:02:18,4,4,8,0,1,13,30.0,109.17171988845776
2026-09-22 05:02:30,1,7,1,3,5,16,80.0,306.6570675244973
2026-09-22 05:02:47,0,4,0,3,2,9,49.0,161.82666955670825
2026-09-22 05:02:56,0,1,0,0,0,1,4.0,6.772588722239782
2026-09-22 05:03:11,0,2,0,0,1,3,14.0,33.40812105567847
2026-09-22 05:03:20,0,0,0,2,0,2,14.0,29.38057204135354
2026-09-22 05:03:32,3,4,5,0,8,17,69.0,268.43565129483534
2026-09-22 05:03:44,0,2,0,1,0,3,15.0,35.79441541679836
2026-09-22 05:03:58,0,0,0,0,0,0,0.0,0.0
2026-09-22 05:04:10,0,2,1,3,1,7,36.0,110.85989550047408
2026-09-22 05:04:23,0,5,0,0,1,6,26.0,76.59366387543815
2026-09-22 05:04:35,0,0,0,0,0,0,0.0,0.0
2026-09-22 05:04:47,0,6,1,0,0,7,25.0,76.9860385419959
2026-09-22 05:04:59,1,2,0,0,0,2,8.0,16.78889830934488
2026-09-22 05:05:11,0,0,0,0,0,0,0.0,0.0
2026-09-22 05:05:23,2,0,0,0,0,0,0.0,0.0
2026-09-22 05:05:35,0,2,0,0,0,2,8.0,16.78889830934488
2026-09-22 05:05:47,16,1,14,2,0,17,32.0,124.49189625267726
2026-09-22 05:06:02,1,9,1,1,2,13,56.0,203.78721045845447
2026-09-22 05:06:15,0,0,0,0,0,0,0.0,0.0
2026-09-22 05:06:26,0,2,0,1,0,3,15.0,35.79441541679836
2026-09-22 05:06:42,1,2,0,0,1,3,14.0,33.40812105567847
2026-09-22 05:06:54,0,2,0,0,3,5,26.0,72.58574619992943
2026-09-22 05:07:02,9,5,13,0,2,20,45.0,182.00350969755402
2026-09-22 05:07:14,5,7,2,1,7,17,79.0,307.339368873797
2026-09-22 05:07:26,0,0,0,0,0,0,0.0,0.0
2026-09-22 05:07:38,0,2,0,1,0,3,15.0,35.79441541679836
2026-09-22 05:07:50,0,0,0,0,0,0,0.0,0.0
2026-09-22 05:08:04,0,0,0,0,0,0,0.0,0.0
2026-09-22 05:08:16,3,7,9,1,6,23,80.0,334.2443064278356
2026-09-22 05:08:28,0,6,0,0,3,9,42.0,138.70857390574992
2026-09-22 05:08:40,0,1,0,0,1,2,10.0,20.986122886681102
2026-09-22 05:08:52,0,3,0,2,0,5,26.0,72.58574619992943
2026-09-22 05:09:05,1,4,0,0,0,4,16.0,41.75100659894561
2026-09-22 05:09:21,0,1,0,0,0,1,4.0,6.772588722239782
2026-09-22 05:09:29,3,7,4,0,8,19,80.0,319.6585818843193
2026-09-22 05:09:41,0,1,0,0,3,4,22.0,57.40763407355021
2026-09-22 05:09:53,1,0,0,0,0,0,0.0,0.0
2026-09-22 05:10:06,1,6,1,0,0,7,25.0,76.9860385419959
2026-09-22 05:10:18,0,0,0,0,2,2,12.0,25.18334746401732
2026-09-22 05:10:30,5,2,5,0,0,7,13.0,40.03274004183786
2026-09-22 05:10:43,4,13,3,0,0,16,55.0,210.8267339230919
2026-09-22 05:10:55,0,0,0,0,0,0,0.0,0.0
2026-09-22 05:11:08,0,2,0,1,0,3,15.0,35.79441541679836
2026-09-22 05:11:20,0,4,0,0,2,6,28.0,82.48548417354877
2026-09-22 05:11:32,0,0,0,0,1,1,6.0,10.158883083359672
2026-09-22 05:11:44,6,7,8,0,0,15,36.0,135.8131940006321
2026-09-22 05:11:57,3,12,1,0,5,18,79.0,311.6106793541488
2026-09-22 05:12:10,0,1,0,0,0,1,4.0,6.772588722239782
2026-09-22 05:12:25,1,2,0,1,0,3,15.0,35.79441541679836
2026-09-22 05:12:32,0,4,1,1,7,13,66.0,240.17778375460705
2026-09-22 05:12:46,3,2,1,1,2,6,28.0,82.48548417354877
2026-09-22 05:12:58,4,9,2,0,4,15,62.0,233.90050077886644
2026-09-22 05:13:12,4,3,3,0,8,14,63.0,233.60716266943925
2026-09-22 05:13:24,0,1,0,0,0,1,4.0,6.772588722239782
2026-09-22 05:13:36,0,2,0,3,0,5,29.0,80.9610246076136
2026-09-22 05:13:52,1,0,0,0,0,0,0.0,0.0
2026-09-22 05:14:00,1,1,0,0,0,1,4.0,6.772588722239782
2026-09-22 05:14:12,0,7,1,3,6,17,86.0,334.57197117907015
2026-09-22 05:14:24,0,9,0,0,1,10,42.0,142.71160145753157
2026-09-22 05:14:37,1,1,0,0,0,1,4.0,6.772588722239782
2026-09-22 05:14:50,0,3,1,1,2,7,32.0,98.54212933375474
2026-09-22 05:15:06,2,1,0,0,0,1,4.0,6.772588722239782
2026-09-22 05:15:19,14,0,5,0,2,7,17.0,52.350506208557206
2026-09-22 05:15:27,2,10,0,4,2,16,80.0,306.6570675244973
2026-09-22 05:15:39,0,4,0,0,0,4,16.0,41.75100659894561
2026-09-22 05:15:51,0,1,1,0,0,2,5.0,10.493061443340551
2026-09-22 05:16:04,0,7,1,0,0,8,29.0,92.71951274275037
2026-09-22 05:16:16,0,2,0,1,0,3,15.0,35.79441541679836
2026-09-22 05:16:27,11,2,7,1,1,11,28.0,97.577386194064
2026-09-22 05:16:41,1,2,1,0,4,7,33.0,101.62157087543459
2026-09-22 05:16:53,0,1,0,0,0,1,4.0,6.772588722239782
2026-09-22 05:17:06,4,1,2,3,0,6,27.0,79.53957402449346
2026-09-22 05:17:18,0,0,0,0,0,0,0.0,0.0
2026-09-22 05:17:30,1,0,0,0,4,4,24.0,62.62650989841841
2026-09-22 05:17:46,1,13,1,2,2,18,79.0,311.6106793541488
2026-09-22 05:17:57,0,3,0,0,2,5,24.0,67.00222726147332
2026-09-22 05:18:12,0,5,0,0,0,5,20.0,55.8351893845611
2026-09-22 05:18:21,2,4,0,0,1,5,22.0,61.418708323017206
2026-09-22 05:18:34,0,5,0,0,1,6,26.0,76.59366387543815
2026-09-22 05:18:46,4,1,3,0,1,5,13.0,36.292873099964716
2026-09-22 05:18:58,6,5,2,0,3,10,40.0,135.91581091193484
2026-09-22 05:19:12,4,4,2,0,2,8,30.0,95.91673732008658
2026-09-22 05:19:22,0,1,0,0,0,1,4.0,6.772588722239782
2026-09-22 05:19:34,0,5,2,3,3,13,61.0,221.98249710653076
2026-09-22 05:19:46,0,3,0,1,2,6,31.0,91.32321462071472
2026-09-22 05:19:58,14,5,9,0,0,14,29.0,107.53345583196409
2026-09-22 05:20:11,0,8,1,0,4,13,57.0,207.42626778806974
2026-09-22 05:20:28,0,0,0,0,0,0,0.0,0.0
2026-09-22 05:20:36,3,1,0,3,1,5,31.0,86.5445435460697
2026-09-22 05:20:48,3,6,1,0,1,8,31.0,99.11396189742281
2026-09-22 05:21:00,0,1,0,0,0,1,4.0,6.772588722239782
2026-09-22 05:21:14,3,12,3,0,4,19,75.0,299.6799205165493
2026-09-22 05:21:27,0,4,0,1,2,7,35.0,107.78045395879425
2026-09-22 05:21:41,0,1,0,0,0,1,4.0,6.772588722239782
2026-09-22 05:21:48,3,2,1,1,1,5,22.0,61.418708323017206
2026-09-22 05:22:00,1,2,0,1,4,7,39.0,120.09822012551359
2026-09-22 05:22:14,0,2,0,0,1,3,14.0,33.40812105567847
2026-09-22 05:22:25,9,2,8,0,4,14,40.0,148.3220080440884
2026-09-22 05:22:37,2,8,2,1,6,17,77.0,299.5586253580047
2026-09-22 05:22:49,0,7,0,1,1,9,41.0,135.40598881275588
2026-09-22 05:23:01,1,3,0,0,0,3,12.0,28.63553233343869
2026-09-22 05:23:13,1,10,1,1,2,14,60.0,222.4830120661326
2026-09-22 05:23:26,1,1,2,0,0,3,6.0,14.317766166719345
2026-09-22 05:23:42,4,6,3,2,2,13,53.0,192.8700384696087
2026-09-22 05:23:51,0,4,0,0,3,7,34.0,104.70101241711441
2026-09-22 05:24:03,0,4,0,0,0,4,16.0,41.75100659894561
2026-09-22 05:24:15,0,3,0,3,3,9,51.0,168.43183974269635
2026-09-22 05:24:27,0,2,1,0,1,4,15.0,39.141568686511505
2026-09-22 05:24:40,5,4,7,0,0,11,23.0,80.15285294512401
2026-09-22 05:24:52,18,4,15,1,8,28,86.0,375.58744137883684
2026-09-22 05:25:04,3,2,0,1,1,4,21.0,54.79819616111611
2026-09-22 05:25:16,1,2,0,0,0,2,8.0,16.78889830934488
2026-09-22 05:25:28,0,2,0,0,1,3,14.0,33.40812105567847
2026-09-22 05:25:41,1,4,0,0,3,7,34.0,104.70101241711441
2026-09-22 05:25:53,16,0,14,0,0,14,14.0,51.91270281543094
2026-09-22 05:26:05,1,8,3,2,4,17,73.0,283.99713832642
2026-09-22 05:26:19,0,2,0,0,0,2,8.0,16.78889830934488
2026-09-22 05:26:31,0,1,2,0,0,3,6.0,14.317766166719345
2026-09-22 05:26:43,0,4,0,3,2,9,49.0,161.82666955670825
2026-09-22 05:26:55,0,2,0,3,4,9,53.0,175.03700992868443
2026-09-22 05:27:07,6,8,7,0,1,16,45.0,172.49460048252973
2026-09-22 05:27:19,0,9,1,1,4,15,68.0,256.5360331123051
2026-09-22 05:27:31,0,3,0,0,0,3,12.0,28.63553233343869
2026-09-22 05:27:45,3,2,0,2,2,6,34.0,100.16094506788066
2026-09-22 05:27:57,1,2,2,3,1,8,37.0,118.29730936144013
2026-09-22 05:28:09,1,0,2,0,0,2,2.0,4.19722457733622
2026-09-22 05:28:21,2,17,6,0,1,24,80.0,337.51006598945605
2026-09-22 05:28:34,4,10,4,0,6,20,80.0,323.5617950178738
2026-09-22 05:28:46,0,4,0,0,1,5,22.0,61.418708323017206
2026-09-22 05:28:58,2,5,2,0,1,8,28.0,89.52228816541415
2026-09-22 05:29:10,0,0,0,0,0,0,0.0,0.0
2026-09-22 05:29:22,4,1,4,0,0,5,8.0,22.33407575382444
2026-09-22 05:29:34,0,10,1,0,6,17,77.0,299.5586253580047
2026-09-22 05:29:46,1,10,1,0,1,12,47.0,167.5526198006922
2026-09-22 05:29:59,0,3,0,2,0,5,26.0,72.58574619992943
2026-09-22 05:30:11,0,2,2,0,1,5,16.0,44.66815150764888
2026-09-22 05:30:23,0,6,0,0,2,8,36.0,115.1000847841039
2026-09-22 05:30:35,11,1,5,0,2,8,21.0,67.14171612406061
2026-09-22 05:30:47,4,8,4,1,3,16,61.0,233.82601398742918
2026-09-22 05:31:01,1,7,0,0,5,12,58.0,206.76706273276912
2026-09-22 05:31:13,2,4,0,0,1,5,22.0,61.418708323017206
2026-09-22 05:31:25,0,5,0,0,0,5,20.0,55.8351893845611
2026-09-22 05:31:37,0,2,0,2,1,5,28.0,78.16926513838554
2026-09-22 05:31:49,6,8,10,0,2,20,54.0,218.4042116370648
2026-09-22 05:32:01,3,8,2,2,7,19,90.0,359.6159046198592
2026-09-22 05:32:13,2,5,0,1,3,9,45.0,148.61632918473205
2026-09-22 05:32:26,0,3,1,0,0,4,13.0,33.922692861643306
2026-09-22 05:32:38,0,4,0,0,6,10,52.0,176.69055418551528
2026-09-22 05:32:50,0,4,0,0,5,9,46.0,151.91891427772612
2026-09-22 05:33:02,11,6,6,2,6,20,80.0,323.5617950178738
2026-09-22 05:33:14,9,15,4,0,10,29,124.0,545.7484753261074
2026-09-22 05:33:26,0,5,0,0,0,5,20.0,55.8351893845611
2026-09-22 05:33:38,0,3,0,1,1,5,25.0,69.79398673070138
2026-09-22 05:33:50,1,7,0,1,1,9,41.0,135.40598881275588
2026-09-22 05:34:03,1,2,0,0,0,2,8.0,16.78889830934488
2026-09-22 05:34:15,14,7,14,0,0,21,42.0,171.82378304104927
2026-09-22 05:34:27,10,9,5,4,8,26,117.0,502.61291332250653
2026-09-22 05:34:39,0,6,0,1,5,12,61.0,217.46191080515374
2026-09-22 05:34:51,1,3,0,1,1,5,25.0,69.79398673070138
2026-09-22 05:35:03,2,5,0,1,2,8,39.0,124.69175851611256
2026-09-22 05:35:15,1,0,1,0,1,2,7.0,14.69028602067677
2026-09-22 05:35:27,1,5,2,4,6,17,86.0,334.57197117907015
2026-09-22 05:35:39,2,9,3,3,5,20,90.0,364.00701939510805
2026-09-22 05:35:52,1,1,0,0,0,1,4.0,6.772588722239782
2026-09-22 05:36:04,3,8,2,2,4,16,72.0,275.9913607720476
2026-09-22 05:36:16,2,4,0,1,5,10,53.0,180.08844945831365
2026-09-22 05:36:28,1,1,0,0,2,3,16.0,38.18070977791825
2026-09-22 05:36:42,16,12,16,0,1,29,70.0,308.0838167163509
2026-09-22 05:36:54,5,9,4,1,5,19,77.0,307.6713850636573
2026-09-22 05:37:06,2,5,0,0,1,6,26.0,76.59366387543815
2026-09-22 05:37:18,6,3,1,0,3,7,31.0,95.4626877920749
2026-09-22 05:37:30,2,6,0,0,2,8,36.0,115.1000847841039
2026-09-22 05:37:42,6,3,0,0,1,4,18.0,46.96988242381381
2026-09-22 05:37:54,14,4,18,0,5,27,64.0,277.2610886512131
2026-09-22 05:38:06,3,4,0,0,7,11,58.0,202.124585687704
2026-09-22 05:38:19,0,4,0,1,1,6,29.0,85.43139432260409
2026-09-22 05:38:31,6,2,1,0,0,3,9.0,21.476649250079017
2026-09-22 05:38:43,2,5,2,2,0,9,36.0,118.89306334778566
2026-09-22 05:38:55,2,4,0,0,2,6,28.0,82.48548417354877
2026-09-22 05:39:07,8,9,16,1,1,27,65.0,281.59329316138826
2026-09-22 05:39:19,8,19,2,3,4,28,123.0,537.1773870883363
2026-09-22 05:39:31,4,10,2,0,5,17,72.0,280.1067665685238
2026-09-22 05:39:44,1,7,2,0,2,11,42.0,146.366079291096
2026-09-22 05:39:56,7,1,0,0,0,1,4.0,6.772588722239782
2026-09-22 05:40:10,4,4,0,3,0,7,37.0,113.93933704215392
2026-09-22 05:40:21,1,4,1,0,0,5,17.0,47.459910976876934
2026-09-22 05:40:34,18,4,18,0,1,23,40.0,167.1221532139178
2026-09-22 05:40:46,4,13,1,0,10,24,113.0,476.7329682101067
2026-09-22 05:40:58,2,9,2,1,4,16,69.0,264.49172073987893
2026-09-22 05:41:11,2,2,1,2,2,7,35.0,107.78045395879425
2026-09-22 05:41:24,4,3,0,2,1,6,32.0,94.26912476977003
2026-09-22 05:41:37,1,4,1,6,2,13,71.0,258.37307040268337
2026-09-22 05:41:49,3,1,1,0,0,2,5.0,10.493061443340551
2026-09-22 05:42:01,5,10,6,2,1,19,66.0,263.7183300545634
2026-09-22 05:42:13,3,6,6,1,12,25,109.0,464.1325226443415
2026-09-22 05:42:25,4,1,2,1,5,9,43.0,142.01115899874398
2026-09-22 05:42:37,6,0,0,0,0,0,0.0,0.0
2026-09-22 05:42:49,8,3,1,0,0,4,13.0,33.922692861643306
2026-09-22 05:43:01,0,1,0,0,0,1,4.0,6.772588722239782
2026-09-22 05:43:14,12,10,10,0,5,25,80.0,340.64772304171856
2026-09-22 05:43:26,7,17,6,0,3,26,92.0,395.2169916723983
2026-09-22 05:43:38,3,10,2,6,5,23,114.0,476.2981366596658
2026-09-22 05:43:50,6,2,5,0,3,10,31.0,105.3347534567495
2026-09-22 05:44:02,3,2,1,0,0,3,9.0,21.476649250079017
2026-09-22 05:44:14,13,5,8,1,1,15,41.0,154.67613761183102
2026-09-22 05:44:26,2,5,2,0,3,10,40.0,135.91581091193484
2026-09-22 05:44:38,15,0,20,0,2,22,32.0,132.3358149097328
2026-09-22 05:44:51,2,10,3,4,9,26,125.0,536.9796082505411
2026-09-22 05:45:03,12,5,11,0,3,19,49.0,195.79088140414555
2026-09-22 05:45:15,3,1,0,1,0,2,11.0,23.08473517534921
2026-09-22 05:45:27,7,0,8,0,0,8,8.0,25.577796618689757
2026-09-22 05:45:40,5,2,0,0,0,2,8.0,16.78889830934488
2026-09-22 05:45:53,3,3,0,0,0,3,12.0,28.63553233343869
2026-09-22 05:46:05,12,4,12,1,0,17,35.0,136.16301152636575
2026-09-22 05:46:17,2,16,3,0,4,23,91.0,380.202898561663
2026-09-22 05:46:29,0,5,0,0,0,5,20.0,55.8351893845611
2026-09-22 05:46:43,1,4,0,2,1,7,36.0,110.85989550047408
2026-09-22 05:46:55,4,2,0,0,0,2,8.0,16.78889830934488
2026-09-22 05:47:09,16,3,10,0,0,13,22.0,80.05926125153569
2026-09-22 05:47:22,18,11,20,2,2,35,90.0,412.51670446104987
2026-09-22 05:47:33,5,11,0,0,3,14,62.0,229.89911246833702
2026-09-22 05:47:45,5,3,1,0,0,4,13.0,33.922692861643306
2026-09-22 05:47:58,6,3,5,1,2,11,36.0,125.45663939236802
2026-09-22 05:48:09,4,3,1,1,0,5,20.0,55.8351893845611
2026-09-22 05:48:22,15,5,15,0,1,21,41.0,167.73274058769096
2026-09-22 05:48:35,12,17,15,1,3,36,108.0,497.9791345655762
2026-09-22 05:48:48,0,5,0,0,3,8,38.0,121.49453393877634
2026-09-22 05:49:00,0,2,0,1,0,3,15.0,35.79441541679836
2026-09-22 05:49:12,4,4,2,2,1,9,38.0,125.49823353377374
2026-09-22 05:49:25,3,3,0,0,0,3,12.0,28.63553233343869
2026-09-22 05:49:37,16,3,16,1,2,22,47.0,194.36822814867003
2026-09-22 05:49:49,11,12,8,1,8,29,111.0,488.5329093644993
2026-09-22 05:50:01,9,7,10,0,5,22,68.0,281.2136066831822
2026-09-22 05:50:13,6,6,2,0,3,11,44.0,153.33589259067202
2026-09-22 05:50:25,10,4,0,0,0,4,16.0,41.75100659894561
2026-09-22 05:50:39,7,5,6,0,4,15,50.0,188.62943611198907
2026-09-22 05:50:52,3,5,0,1,1,7,33.0,101.62157087543459
2026-09-22 05:51:03,19,5,18,0,2,25,50.0,212.90482690107407
2026-09-22 05:51:16,12,16,9,3,6,34,130.0,592.1952479936238
2026-09-22 05:51:28,8,10,8,1,1,20,61.0,246.71586870112878
2026-09-22 05:51:40,7,8,0,0,2,10,44.0,149.5073920031283
2026-09-22 05:51:52,7,4,6,0,1,11,28.0,97.577386194064
2026-09-22 05:52:06,3,3,0,1,1,5,25.0,69.79398673070138
2026-09-22 05:52:19,16,3,22,0,2,27,46.0,199.2814074680594
2026-09-22 05:52:32,15,21,12,4,5,42,154.0,733.2248178168086
2026-09-22 05:52:44,8,9,8,2,3,22,76.0,314.29756041061535
2026-09-22 05:52:56,2,10,2,0,0,12,42.0,149.72787301338454
2026-09-22 05:53:08,14,5,15,2,3,25,67.0,285.2924680474393
2026-09-22 05:53:20,8,1,8,6,1,16,60.0,229.99280064337296
2026-09-22 05:53:33,6,2,2,0,0,4,10.0,26.094379124341003
2026-09-22 05:53:45,11,15,13,1,5,34,110.0,501.0882867638354
2026-09-22 05:53:56,12,11,12,0,5,28,86.0,375.58744137883684
2026-09-22 05:54:08,4,6,0,0,1,7,30.0,92.38324625039508
2026-09-22 05:54:21,19,2,13,0,0,15,21.0,79.2243631670354
2026-09-22 05:54:33,9,17,6,0,1,24,80.0,337.51006598945605
2026-09-22 05:54:45,7,6,5,3,2,16,62.0,237.6592273314854
2026-09-22 05:54:57,27,9,30,1,3,43,91.0,435.3612566865618
2026-09-22 05:55:11,9,10,10,0,8,28,98.0,427.9949913386745
2026-09-22 05:55:23,7,7,2,0,4,13,54.0,196.50909579922396
2026-09-22 05:55:35,14,5,9,1,2,17,48.0,186.73784437901588
2026-09-22 05:55:47,9,6,3,0,1,10,33.0,112.13054400234623
2026-09-22 05:55:59,10,6,2,0,1,9,32.0,105.68272297580947
2026-09-22 05:56:11,21,9,15,4,0,28,79.0,345.0163705689315
2026-09-22 05:56:23,3,9,2,5,5,21,103.0,421.37737269590656
2026-09-22 05:56:35,9,5,12,1,1,19,45.0,179.8079523099296
2026-09-22 05:56:49,6,6,0,0,2,8,36.0,115.1000847841039
2026-09-22 05:57:01,12,7,14,3,1,25,69.0,293.80866112348224
2026-09-22 05:57:13,2,5,3,2,0,10,37.0,125.72212509353972
2026-09-22 05:57:25,26,6,23,0,2,31,59.0,263.4784182651839
2026-09-22 05:57:40,15,10,14,3,3,30,93.0,412.3608100171186
2026-09-22 05:57:51,9,14,2,0,0,16,58.0,222.32637395526055
2026-09-22 05:58:04,11,5,11,1,0,17,38.0,147.83412680005426
2026-09-22 05:58:16,11,9,10,2,1,22,66.0,272.9426182513239
2026-09-22 05:58:27,7,3,1,3,1,8,40.0,127.88898309344879
2026-09-22 05:58:40,22,7,28,0,1,36,62.0,285.8769105839419
2026-09-22 05:58:52,17,18,17,2,7,44,145.0,696.9660610166964
2026-09-22 05:59:07,12,12,12,0,3,27,78.0,337.91195179366593
2026-09-22 05:59:18,2,14,0,0,2,16,68.0,260.6585073958227
2026-09-22 05:59:30,13,3,8,3,2,16,53.0,203.16030723497946
2026-09-22 05:59:42,6,5,4,5,1,15,65.0,245.21826694558578
2026-09-22 05:59:54,9,8,4,2,3,17,68.0,264.5452795369392
2026-09-22 06:00:07,19,15,21,1,2,39,100.0,468.88794541139356
2026-09-22 06:00:20,14,19,13,3,1,36,116.0,534.86647786673
2026-09-22 06:00:32,6,14,10,3,5,32,117.0,526.0913846915781
2026-09-22 06:00:45,4,11,1,1,3,16,70.0,268.32493408393515
2026-09-22 06:00:57,11,3,9,2,2,16,47.0,180.16102717064217
2026-09-22 06:01:10,14,8,6,5,1,20,79.0,319.5172725801504
2026-09-22 06:01:21,5,7,0,0,3,10,46.0,156.30318254872506
2026-09-22 06:01:33,14,3,27,0,0,30,39.0,172.9255009749207
2026-09-22 06:01:45,8,14,0,1,3,18,81.0,319.49955731248167
2026-09-22 06:01:57,4,6,7,0,3,16,49.0,187.82745385875458
2026-09-22 06:02:10,13,11,19,0,4,34,87.0,396.3152813495789
2026-09-22 06:02:23,16,7,15,3,1,26,70.0,300.70858062030305
2026-09-22 06:02:35,3,9,3,0,3,15,57.0,215.03755716766753
2026-09-22 06:02:47,12,5,12,1,1,19,45.0,179.8079523099296
2026-09-22 06:03:00,9,7,6,0,1,14,40.0,148.3220080440884
2026-09-22 06:03:12,25,3,23,0,0,26,35.0,150.35429031015153
2026-09-22 06:03:24,14,10,10,1,3,24,75.0,316.41568686511505
2026-09-22 06:03:37,9,14,7,2,3,26,95.0,408.1045022704113
2026-09-22 06:03:48,16,12,18,0,2,32,78.0,350.72758979438544
2026-09-22 06:04:00,4,9,2,1,3,15,63.0,237.6730895011062
2026-09-22 06:04:12,13,11,9,2,3,25,85.0,361.9382057318259
2026-09-22 06:04:25,19,10,23,2,1,36,83.0,382.7061867494706
2026-09-22 06:04:38,13,9,9,0,2,20,57.0,230.5377789502351
2026-09-22 06:04:51,11,15,9,6,3,33,129.0,583.9005076754848
2026-09-22 06:05:02,17,15,18,0,3,36,96.0,442.6481196138455
2026-09-22 06:05:14,14,12,16,1,0,29,71.0,312.4850140980131
2026-09-22 06:05:26,2,11,1,1,3,16,70.0,268.32493408393515
2026-09-22 06:05:38,3,7,7,1,0,15,42.0,158.4487263340708
2026-09-22 06:05:50,8,11,12,3,2,28,89.0,388.6893288687962
2026-09-22 06:06:04,5,9,1,1,4,15,68.0,256.5360331123051
2026-09-22 06:06:14,15,4,29,0,0,33,45.0,203.68622360772727
2026-09-22 06:06:27,14,7,7,1,1,16,48.0,183.9942405146984
2026-09-22 06:06:39,15,4,15,0,0,19,31.0,123.86770048017371
2026-09-22 06:06:51,14,8,16,0,1,25,54.0,229.93721305316
2026-09-22 06:07:03,8,6,3,0,0,9,27.0,89.16979751083925
2026-09-22 06:07:15,15,7,10,0,0,17,38.0,147.83412680005426
2026-09-22 06:07:27,13,4,17,3,2,26,66.0,283.5252331562857
2026-09-22 06:07:39,5,10,6,2,2,20,72.0,291.2056155160864
2026-09-22 06:07:52,19,5,18,4,4,31,90.0,401.91623125197543
2026-09-22 06:08:03,10,12,9,0,2,23,69.0,288.28571429400824
2026-09-22 06:08:16,13,10,23,4,3,40,109.0,513.7793552707695
2026-09-22 06:08:28,11,14,11,0,1,26,73.0,313.596091218316
2026-09-22 06:08:42,5,9,0,0,3,12,54.0,192.50726530292297
2026-09-22 06:08:54,20,8,15,3,1,27,74.0,320.5831337529651
2026-09-22 06:09:07,5,14,2,1,2,19,77.0,307.6713850636573
2026-09-22 06:09:18,23,7,23,0,0,30,51.0,226.13334742874247
2026-09-22 06:09:30,10,17,4,1,2,24,91.0,383.9177000630063
2026-09-22 06:09:42,14,12,14,0,4,30,86.0,381.32289958572255
2026-09-22 06:09:54,12,22,13,2,2,39,127.0,595.4876906724699
2026-09-22 06:10:10,5,19,1,0,1,21,83.0,339.55652362874025
2026-09-22 06:10:21,4,2,1,0,0,3,9.0,21.476649250079017
2026-09-22 06:10:31,2,10,2,2,2,16,68.0,260.6585073958227
2026-09-22 06:10:44,2,2,1,0,0,3,9.0,21.476649250079017
2026-09-22 06:10:55,17,10,14,0,4,28,78.0,340.64907473894505
2026-09-22 06:11:09,9,12,7,2,5,26,99.0,425.28784973442856
2026-09-22 06:11:21,14,11,20,2,2,35,90.0,412.51670446104987
2026-09-22 06:11:33,5,8,10,1,1,20,55.0,222.44873407478823
2026-09-22 06:11:45,3,13,1,1,2,17,72.0,280.1067665685238
2026-09-22 06:11:57,12,6,19,2,2,29,69.0,303.68261933468875
2026-09-22 06:12:09,13,9,12,4,1,26,82.0,352.258623012355
2026-09-22 06:12:22,16,11,26,2,1,40,90.0,424.2214860033877
2026-09-22 06:12:34,12,15,7,0,2,24,79.0,333.2911901645879
2026-09-22 06:12:46,5,9,5,2,6,22,91.0,376.32997364955264
2026-09-22 06:12:58,9,12,10,0,3,25,76.0,323.6153368896326
2026-09-22 06:13:10,8,14,6,0,1,21,68.0,278.1908868283655
2026-09-22 06:13:23,15,6,19,4,3,32,89.0,400.1891729705167
2026-09-22 06:13:34,6,8,3,5,2,18,82.0,323.4439962916481
2026-09-22 06:13:46,7,6,2,0,3,11,44.0,153.33589259067202
2026-09-22 06:13:58,17,12,12,1,0,25,67.0,285.2924680474393
2026-09-22 06:14:11,18,11,16,0,4,31,84.0,375.1218158351771
2026-09-22 06:14:23,17,9,13,4,3,29,95.0,418.1137512579048
2026-09-22 06:14:35,13,10,14,2,4,30,92.0,407.9268228126335
2026-09-22 06:14:47,2,11,3,0,1,15,53.0,199.9472022787084
2026-09-22 06:14:59,7,2,24,1,0,27,39.0,168.95597589683297
2026-09-22 06:15:11,10,7,8,4,0,19,64.0,255.72686550745541
2026-09-22 06:15:23,8,6,4,0,1,11,34.0,118.48682609279201
2026-09-22 06:15:35,18,6,24,0,1,31,54.0,241.14973875118525
2026-09-22 06:15:48,13,23,8,2,2,35,126.0,577.5233862454699
2026-09-22 06:16:00,15,9,23,0,2,34,71.0,323.42971236574834
2026-09-22 06:16:12,10,15,15,2,1,33,95.0,430.0042498385354
2026-09-22 06:16:24,5,17,0,1,3,21,93.0,380.4669481623234
2026-09-22 06:16:36,17,3,24,0,2,29,48.0,211.25747431978348
2026-09-22 06:16:48,9,10,8,0,4,22,72.0,297.7555835468988
2026-09-22 06:17:00,8,7,8,1,1,17,49.0,190.62821613691207
2026-09-22 06:17:12,18,6,14,5,3,28,91.0,397.4239205287692
2026-09-22 06:17:25,10,10,8,3,1,22,75.0,310.16206619468625
2026-09-22 06:17:37,9,13,8,2,2,25,86.0,366.1963022698474
2026-09-22 06:17:52,10,15,3,0,6,24,99.0,417.6687066619519
2026-09-22 06:18:01,7,7,4,2,3,16,64.0,245.32565401959783
2026-09-22 06:18:13,16,5,15,3,0,23,56.0,233.97101449948494
2026-09-22 06:18:25,9,8,2,4,3,17,80.0,311.2297406316932
2026-09-22 06:18:39,19,7,26,1,1,35,67.0,307.09576887655936
2026-09-22 06:18:51,19,17,15,1,4,37,114.0,528.684822208808
2026-09-22 06:19:03,10,14,11,3,2,30,100.0,443.3987204485146
2026-09-22 06:19:15,18,12,19,1,3,35,92.0,421.6837423379621
2026-09-22 06:19:27,2,12,0,0,4,16,72.0,275.9913607720476
2026-09-22 06:19:39,17,6,23,5,4,38,106.0,494.3375344897425
2026-09-22 06:19:51,13,10,10,2,0,22,64.0,264.6716298194656
2026-09-22 06:20:05,8,14,3,3,4,24,104.0,438.7630857862929
2026-09-22 06:20:16,19,4,21,0,0,25,37.0,157.54957190679482
2026-09-22 06:20:28,14,12,16,1,1,30,77.0,341.41701474535625
2026-09-22 06:20:40,10,13,7,0,1,21,65.0,265.91775946829057
2026-09-22 06:20:52,14,10,19,0,1,30,65.0,288.2091682915345
2026-09-22 06:21:04,6,11,1,3,2,17,78.0,303.44899711590085
2026-09-22 06:21:16,12,7,22,2,5,36,94.0,433.42628378855704
2026-09-22 06:21:28,11,14,10,3,2,29,99.0,435.71854078455345
2026-09-22 06:21:40,6,9,4,1,1,15,53.0,199.9472022787084
2026-09-22 06:21:53,24,3,28,0,0,31,40.0,178.6294361119891
2026-09-22 06:22:05,20,9,32,1,6,48,111.0,542.9920530902796
2026-09-22 06:22:17,6,20,3,3,3,29,122.0,536.946080562783
2026-09-22 06:22:29,14,14,13,2,2,31,95.0,424.24491076597405
2026-09-22 06:22:41,6,19,5,6,6,36,159.0,733.1359481104316
2026-09-22 06:22:53,7,6,4,2,5,17,72.0,280.1067665685238
2026-09-22 06:23:06,11,8,6,7,2,23,99.0,413.6273292044466
2026-09-22 06:23:17,11,13,6,2,4,25,96.0,408.77726765006224
2026-09-22 06:23:30,24,6,31,3,1,41,82.0,388.48890869923616
2026-09-22 06:23:42,17,9,20,1,1,31,69.0,308.13577729318115
2026-09-22 06:23:54,7,16,14,1,2,33,97.0,439.05697088776765
2026-09-22 06:24:08,10,17,9,0,2,28,89.0,388.6893288687962
2026-09-22 06:24:20,6,10,6,0,4,20,70.0,283.11657064063957
2026-09-22 06:24:32,15,10,16,4,2,32,96.0,431.66472590078206
2026-09-22 06:24:44,16,15,17,0,1,33,83.0,375.68792354314144
2026-09-22 06:24:56,8,13,11,1,3,28,88.0,384.32203303880976
2026-09-22 06:25:09,13,12,14,1,3,30,87.0,385.7568867902077
2026-09-22 06:25:20,14,15,8,4,1,28,102.0,445.46417465862044
2026-09-22 06:25:35,12,17,14,0,0,31,82.0,366.1903440295776
2026-09-22 06:25:44,13,16,9,3,1,29,100.0,440.1197381662156
2026-09-22 06:25:59,7,15,3,0,1,19,69.0,275.70552687522536
2026-09-22 06:26:13,14,10,21,2,3,36,93.0,428.81536587591285
2026-09-22 06:26:21,6,15,11,4,3,33,117.0,529.5841813800909
2026-09-22 06:26:33,25,7,30,1,2,40,77.0,362.9450491362317
2026-09-22 06:26:47,14,17,21,0,1,39,95.0,445.4435481408239
2026-09-22 06:26:59,14,12,13,3,1,29,88.0,387.3053695862697
2026-09-22 06:27:11,17,12,28,1,6,47,119.0,579.672920298039
2026-09-22 06:27:23,9,19,9,1,1,30,98.0,434.53074603954434
2026-09-22 06:27:38,7,10,11,2,1,24,71.0,299.5401835656423
2026-09-22 06:27:47,13,14,13,4,0,31,97.0,433.1763825715735
2026-09-22 06:27:59,5,13,5,3,3,24,96.0,405.0120791873473
2026-09-22 06:28:11,23,8,28,3,2,41,93.0,440.6032745003532
2026-09-22 06:28:24,12,26,14,0,4,44,142.0,682.5460735473854
2026-09-22 06:28:38,8,24,8,0,4,36,128.0,590.1974928184607
2026-09-22 06:28:48,17,26,20,2,3,51,156.0,772.3940200987026
2026-09-22 06:29:00,5,21,4,5,1,31,129.0,576.0799314611647
2026-09-22 06:29:12,5,22,9,1,1,33,110.0,497.89965770777775
2026-09-22 06:29:24,20,10,17,4,2,33,97.0,439.05697088776765
2026-09-22 06:29:36,9,18,11,3,1,33,110.0,497.89965770777775
2026-09-22 06:29:49,13,12,5,3,0,20,74.0,299.2946603915333
2026-09-22 06:30:01,10,7,31,0,2,40,71.0,334.66361673600585
2026-09-22 06:30:14,15,9,14,2,1,26,70.0,300.70858062030305
2026-09-22 06:30:25,14,8,19,1,2,30,70.0,310.3791043139602
2026-09-22 06:30:37,13,7,18,3,3,31,85.0,379.5875517379768
2026-09-22 06:30:49,7,12,4,0,1,17,58.0,225.64156195797753
2026-09-22 06:31:01,4,9,5,3,0,17,62.0,241.2030489895622
2026-09-22 06:31:13,13,16,21,2,4,43,123.0,588.4553249719462
2026-09-22 06:31:25,11,4,3,0,1,8,25.0,79.9306144334055
2026-09-22 06:31:41,24,7,39,0,1,47,73.0,355.597673796276
2026-09-22 06:31:50,20,11,24,3,0,38,89.0,415.05698650553853
2026-09-22 06:32:04,8,16,9,3,3,31,112.0,500.1624211135694
2026-09-22 06:32:14,18,12,18,3,7,40,129.0,608.0507966048557
2026-09-22 06:32:26,15,8,23,1,6,38,98.0,457.02904132070535
2026-09-22 06:32:38,6,15,8,4,5,32,126.0,566.5599527447764
2026-09-22 06:32:50,12,10,9,1,1,21,62.0,253.6446321082156
2026-09-22 06:33:02,23,11,9,1,2,23,72.0,300.8198757850521
2026-09-22 06:33:14,7,17,9,1,5,32,114.0,512.6018620071787
2026-09-22 06:33:28,7,9,5,1,5,20,78.0,315.47275014242695
2026-09-22 06:33:40,19,15,25,0,4,44,109.0,523.9262113849649
2026-09-22 06:33:53,17,19,14,1,5,39,127.0,595.4876906724699
2026-09-22 06:34:05,20,10,17,4,1,32,91.0,409.18218809344967
2026-09-22 06:34:17,12,9,14,1,1,25,63.0,268.2600818953533
2026-09-22 06:34:29,0,11,1,0,1,13,51.0,185.59192381037818
2026-09-22 06:34:41,9,13,9,0,3,25,79.0,336.38962650369706
2026-09-22 06:34:56,16,10,24,2,0,36,78.0,359.6515971862495
2026-09-22 06:35:08,6,16,6,4,0,26,98.0,420.99201286842424
2026-09-22 06:35:21,17,10,15,3,1,29,82.0,360.8981852962968
2026-09-22 06:35:31,22,2,34,0,0,36,42.0,193.6585523310574
2026-09-22 06:35:44,18,11,29,0,1,41,79.0,374.27589984438606
2026-09-22 06:35:56,12,18,9,1,3,31,106.0,473.36800569677104
2026-09-22 06:36:07,20,17,26,1,1,45,107.0,516.6646294243332
2026-09-22 06:36:19,16,16,17,2,5,40,125.0,589.1965083380385
2026-09-22 06:36:33,11,19,11,3,4,37,132.0,612.161373083883
2026-09-22 06:36:45,4,19,9,3,3,34,124.0,564.8631596246872
2026-09-22 06:36:57,18,16,14,5,6,41,149.0,705.9127731242219
2026-09-22 06:37:11,8,16,6,3,1,26,97.0,416.6961760024199
2026-09-22 06:37:23,17,10,25,2,1,38,85.0,396.40273992101993
2026-09-22 06:37:36,14,8,10,2,3,23,74.0,309.17598344574793
2026-09-22 06:37:49,9,11,10,2,5,28,98.0,427.9949913386745
2026-09-22 06:38:00,12,12,11,2,2,27,85.0,368.23738336489237
2026-09-22 06:38:12,13,14,17,1,6,38,116.0,540.973150951039
2026-09-22 06:38:25,10,12,6,0,2,20,66.0,266.9384808897459
2026-09-22 06:38:37,16,4,27,1,3,35,68.0,311.67928781501547
2026-09-22 06:38:48,12,9,16,3,1,29,79.0,347.6945931513103
2026-09-22 06:39:01,19,8,23,0,2,33,67.0,303.26615514928284
2026-09-22 06:39:13,19,5,35,1,2,43,74.0,354.03003290995133
2026-09-22 06:39:25,12,18,15,7,4,44,160.0,769.0659983632511
2026-09-22 06:39:37,14,17,10,0,0,27,78.0,337.91195179366593
2026-09-22 06:39:51,14,16,15,0,0,31,79.0,352.79313632117845
2026-09-22 06:40:03,11,9,15,1,2,27,70.0,303.2543157122643
2026-09-22 06:40:15,6,8,6,2,1,17,58.0,225.64156195797753
2026-09-22 06:40:27,18,9,22,2,2,35,84.0,385.0155908303132
2026-09-22 06:40:40,14,10,14,1,2,27,73.0,316.25092924278994
2026-09-22 06:40:52,10,6,12,1,1,20,49.0,198.1815994484477
2026-09-22 06:41:04,22,8,25,0,0,33,57.0,258.00254990312123
2026-09-22 06:41:16,14,11,8,3,0,22,73.0,301.89107776282793
2026-09-22 06:41:28,15,11,16,3,2,32,93.0,418.1752032163826
2026-09-22 06:41:40,19,15,21,1,1,38,94.0,438.37479473618674
2026-09-22 06:41:52,14,12,25,1,2,40,92.0,433.6486301367963
2026-09-22 06:42:04,9,9,12,0,0,21,48.0,196.37003776119917
2026-09-22 06:42:16,11,6,25,2,1,34,69.0,314.3190162427695
2026-09-22 06:42:28,15,11,16,4,1,32,94.0,422.6717107778491
2026-09-22 06:42:41,17,10,17,3,2,32,90.0,404.68568053198317
2026-09-22 06:42:53,21,10,28,2,1,41,88.0,416.91492640893637
2026-09-22 06:43:05,22,13,27,1,0,41,86.0,407.43958717236967
2026-09-22 06:43:17,11,15,17,1,1,34,90.0,409.9813255340472
2026-09-22 06:43:29,10,14,11,0,0,25,67.0,285.2924680474393
2026-09-22 06:43:41,12,20,17,1,2,40,116.0,546.7743597376997
2026-09-22 06:43:53,15,16,20,0,2,38,96.0,447.701918028446
2026-09-22 06:44:05,9,11,7,1,1,20,64.0,258.84943601429904
2026-09-22 06:44:18,11,10,24,0,4,38,88.0,410.39342485940887
2026-09-22 06:44:31,13,10,17,0,3,30,75.0,332.549040336386
2026-09-22 06:44:43,8,15,6,4,8,33,142.0,642.7431944954949
2026-09-22 06:44:56,15,9,29,1,6,45,108.0,521.4932708208223
2026-09-22 06:45:08,23,20,17,1,5,43,134.0,641.0814109450471
2026-09-22 06:45:20,18,13,26,0,2,41,90.0,426.3902656455031
2026-09-22 06:45:32,16,15,19,3,2,39,112.0,525.1544988607608
2026-09-22 06:45:44,15,13,18,1,1,33,83.0,375.68792354314144
2026-09-22 06:45:56,1,11,4,0,1,16,54.0,206.99352057903567
2026-09-22 06:46:08,1,15,4,0,2,21,76.0,310.91922645523204
2026-09-22 06:46:20,15,11,23,3,2,39,100.0,468.88794541139356
2026-09-22 06:46:32,8,10,11,4,1,26,85.0,365.146133610368
2026-09-22 06:46:45,16,13,29,4,4,50,133.0,655.9328091523354
2026-09-22 06:46:57,19,19,25,1,3,48,126.0,616.369357561939
2026-09-22 06:47:09,16,19,14,1,2,36,109.0,502.5900524782204
2026-09-22 06:47:21,9,17,13,2,2,34,107.0,487.4222425793672
2026-09-22 06:47:34,20,14,25,0,1,40,87.0,410.0807698032748
2026-09-22 06:47:45,15,14,13,0,0,27,69.0,298.92211120208907
2026-09-22 06:47:57,8,9,8,2,2,21,70.0,286.3729717350821
2026-09-22 06:48:10,9,11,15,1,3,30,84.0,372.4549251767523
2026-09-22 06:48:22,11,17,25,0,2,44,105.0,504.6995614258836
2026-09-22 06:48:34,14,18,7,3,4,32,124.0,557.5669376218435
2026-09-22 06:48:46,9,15,9,0,3,27,87.0,376.90179238524274
2026-09-22 06:48:58,14,13,16,1,5,35,105.0,481.26948853789156
2026-09-22 06:49:10,19,16,11,1,3,31,100.0,446.5735902799727
2026-09-22 06:49:22,18,13,17,2,2,34,95.0,432.7580658414942
2026-09-22 06:49:34,15,19,21,1,1,42,110.0,523.7320127262918
2026-09-22 06:49:46,12,18,25,0,1,44,103.0,495.0862364463429
2026-09-22 06:49:59,3,14,1,0,1,16,63.0,241.49244067554162
2026-09-22 06:50:11,9,16,10,5,3,34,127.0,578.5292038091554
2026-09-22 06:50:23,11,13,11,5,0,29,98.0,431.31734340289125
2026-09-22 06:50:35,16,11,10,6,0,27,96.0,415.8916329768196
2026-09-22 06:50:47,11,11,12,4,0,27,84.0,363.9051788547172
2026-09-22 06:51:01,17,11,25,3,1,40,96.0,452.50291840361353
2026-09-22 06:51:13,11,17,19,0,3,39,105.0,492.33234268196327
2026-09-22 06:51:25,13,19,16,0,1,36,98.0,451.86995543913395
2026-09-22 06:51:37,14,18,22,1,1,42,107.0,509.4484123792111
2026-09-22 06:51:49,22,11,27,0,0,38,71.0,331.1128768752049
2026-09-22 06:52:01,18,18,16,0,1,35,94.0,430.8507802148743
2026-09-22 06:52:14,15,17,22,2,1,42,110.0,523.7320127262918
2026-09-22 06:52:26,15,13,24,0,5,42,106.0,504.68721226351755
2026-09-22 06:52:38,17,11,26,2,1,40,90.0,424.2214860033877
2026-09-22 06:52:50,20,14,28,3,2,47,117.0,569.9305182762232
2026-09-22 06:53:02,16,21,25,0,0,46,109.0,528.6660885863963
2026-09-22 06:53:14,15,13,8,0,3,24,78.0,329.0723143397197
2026-09-22 06:53:26,12,13,14,0,1,28,72.0,314.44529975902617
2026-09-22 06:53:38,17,17,18,2,0,37,100.0,463.75861597263855
2026-09-22 06:53:51,22,11,24,1,1,37,81.0,375.6444789378372
2026-09-22 06:54:03,10,10,13,4,0,27,81.0,350.90856532419156
2026-09-22 06:54:15,20,7,28,4,2,41,96.0,454.8162833552033
2026-09-22 06:54:28,13,9,17,6,0,32,95.0,427.16821833931556
2026-09-22 06:54:41,16,15,6,5,3,29,119.0,523.7424884177966
2026-09-22 06:54:53,9,9,39,2,0,50,89.0,438.93248131246503
2026-09-22 06:55:05,17,13,28,0,1,42,86.0,409.46320994964634
2026-09-22 06:55:17,17,17,16,1,0,34,91.0,414.53667359553657
2026-09-22 06:55:29,23,17,19,0,2,38,99.0,461.692602966835
2026-09-22 06:55:41,18,18,21,0,0,39,93.0,436.06578923259605
2026-09-22 06:55:53,22,18,19,1,0,38,98.0,457.02904132070535
2026-09-22 06:56:05,8,12,14,1,0,27,69.0,298.92211120208907
2026-09-22 06:56:19,9,17,16,2,1,36,104.0,479.5354629149993
2026-09-22 06:56:30,18,14,20,1,2,37,95.0,440.57068517400666
2026-09-22 06:56:42,9,16,12,1,1,30,89.0,394.62486119917804
2026-09-22 06:56:54,21,17,39,1,1,58,120.0,609.3044932686863
2026-09-22 06:57:06,24,21,22,4,4,51,158.0,782.2965075358654
2026-09-22 06:57:18,16,12,18,2,3,35,98.0,449.1848559686988
2026-09-22 06:57:30,11,11,18,0,0,29,62.0,272.8742376630537
2026-09-22 06:57:42,19,12,23,1,2,38,90.0,419.72054815166814
2026-09-22 06:57:55,18,15,23,0,1,39,89.0,417.31027141614027
2026-09-22 06:58:06,8,8,2,5,2,17,81.0,315.12011238958934
2026-09-22 06:58:20,16,5,35,4,0,44,83.0,398.9529866509365
2026-09-22 06:58:31,17,8,22,6,1,37,102.0,473.03378829209134
2026-09-22 06:58:43,6,21,10,2,1,34,114.0,519.3096790097931
2026-09-22 06:58:57,10,11,16,5,3,35,113.0,517.9376400455404
2026-09-22 06:59:10,23,21,27,2,1,51,131.0,648.612927134167
2026-09-22 06:59:22,13,16,13,0,0,29,77.0,338.892198387986
2026-09-22 06:59:35,17,11,18,0,1,30,68.0,301.51112990498996
2026-09-22 06:59:47,9,12,15,0,2,29,75.0,330.08980362466167
2026-09-22 06:59:59,26,7,24,0,0,31,52.0,232.2182669455858
2026-09-22 07:00:11,9,14,18,0,4,36,98.0,451.86995543913395
2026-09-22 07:00:23,7,12,5,2,1,20,73.0,295.2501379538098
2026-09-22 07:00:37,16,7,21,1,3,32,74.0,332.7415595485195
2026-09-22 07:00:49,12,18,14,6,3,41,146.0,691.6997642693717
2026-09-22 07:01:04,10,14,8,8,2,32,132.0,593.5389981135753
2026-09-22 07:01:15,16,4,24,0,0,28,40.0,174.69183319945898
2026-09-22 07:01:27,13,10,23,0,1,34,69.0,314.3190162427695
2026-09-22 07:01:39,13,22,17,0,0,39,105.0,492.33234268196327
2026-09-22 07:01:51,17,21,18,0,0,39,102.0,478.2657043196215
2026-09-22 07:02:03,9,20,11,2,1,34,111.0,505.64363482532485
2026-09-22 07:02:15,22,18,17,0,0,35,89.0,407.93318552259376
2026-09-22 07:02:28,20,14,24,0,1,39,86.0,403.2436330537985
2026-09-22 07:02:40,11,20,11,2,0,33,105.0,475.267855084697
2026-09-22 07:02:52,11,16,10,0,2,28,86.0,375.58744137883684
2026-09-22 07:03:04,19,13,28,0,2,43,92.0,440.14544632048006
2026-09-22 07:03:16,6,20,12,3,0,35,113.0,517.9376400455404
2026-09-22 07:03:28,10,15,11,1,0,27,78.0,337.91195179366593
2026-09-22 07:03:40,25,16,17,1,2,36,100.0,461.0917912644224
2026-09-22 07:03:52,18,16,22,2,2,42,112.0,533.2544129576789
2026-09-22 07:04:04,15,14,17,1,0,32,80.0,359.7206049173184
2026-09-22 07:04:17,13,17,20,1,2,40,107.0,504.35221113736094
2026-09-22 07:04:29,11,19,18,1,1,39,107.0,501.71010159019113
2026-09-22 07:04:41,22,13,32,3,3,51,123.0,609.0029773855156
2026-09-22 07:04:53,6,14,4,3,2,23,93.0,388.5590062223589
2026-09-22 07:05:05,18,10,22,3,2,37,95.0,440.57068517400666
2026-09-22 07:05:17,22,11,24,7,0,42,117.0,557.0604135361467
2026-09-22 07:05:30,16,13,22,4,2,41,114.0,540.094336484304
2026-09-22 07:05:41,6,20,8,4,1,33,122.0,552.2159840031717
2026-09-22 07:05:54,13,19,19,3,1,42,122.0,580.8664141146146
2026-09-22 07:06:08,13,22,10,0,2,34,110.0,501.0882867638354
2026-09-22 07:06:20,18,18,16,0,0,34,88.0,400.87062941106836
2026-09-22 07:06:32,17,11,25,0,2,38,81.0,377.7484933365013
2026-09-22 07:06:44,14,7,22,3,1,33,77.0,348.52976039544444
2026-09-22 07:06:56,18,11,32,1,2,46,95.0,460.76402216245555
2026-09-22 07:07:08,7,11,4,0,1,16,54.0,206.99352057903567
2026-09-22 07:07:21,17,6,28,1,1,36,65.0,299.7096643218745
2026-09-22 07:07:33,15,11,22,7,2,42,127.0,604.6724146930824
2026-09-22 07:07:44,13,11,22,3,3,39,105.0,492.33234268196327
2026-09-22 07:07:56,3,20,3,2,2,27,109.0,472.2102916090973
2026-09-22 07:08:13,23,9,41,0,1,51,83.0,410.95322864225847
2026-09-22 07:08:25,17,20,24,2,1,47,124.0,604.0289253525784
2026-09-22 07:08:38,18,20,19,1,2,42,118.0,561.8216136518403
2026-09-22 07:08:50,23,19,21,0,3,43,115.0,550.1818079006001
2026-09-22 07:09:02,21,23,18,0,1,42,116.0,552.2992134204532
2026-09-22 07:09:14,11,25,21,1,1,48,134.0,655.503919946824
2026-09-22 07:09:26,16,20,18,1,1,40,111.0,523.2064994041782
2026-09-22 07:09:38,11,14,18,0,2,34,86.0,391.75993328808954
2026-09-22 07:09:50,15,13,17,2,0,32,83.0,373.21012760171783
2026-09-22 07:10:03,12,17,23,0,3,43,109.0,521.4766700970905
2026-09-22 07:10:15,6,19,6,2,1,28,102.0,445.46417465862044
2026-09-22 07:10:27,22,7,36,0,0,43,64.0,306.18813657076873
2026-09-22 07:10:39,13,20,29,0,0,49,109.0,535.410507591668
2026-09-22 07:10:51,17,22,16,1,1,40,117.0,551.4879318044041
2026-09-22 07:11:03,16,21,14,1,2,38,117.0,545.6367125971686
2026-09-22 07:11:15,11,18,16,1,3,38,113.0,526.98246601265
2026-09-22 07:11:27,13,21,17,2,4,44,139.0,668.1260860780744
2026-09-22 07:11:39,11,24,9,2,1,36,125.0,576.364739080528
2026-09-22 07:11:52,6,19,4,2,0,25,94.0,400.2610745740193
2026-09-22 07:12:04,18,7,26,1,0,34,61.0,277.8762317508542
2026-09-22 07:12:16,17,17,26,1,2,46,113.0,548.0666789932366
2026-09-22 07:12:30,11,18,8,3,1,30,107.0,474.43663087991064
2026-09-22 07:12:42,6,15,4,1,2,22,83.0,343.24601992211944
2026-09-22 07:12:56,21,12,24,2,0,38,86.0,401.0663015671496
2026-09-22 07:13:08,18,17,16,1,2,36,103.0,474.92454500235505
2026-09-22 07:13:21,18,18,21,2,4,45,131.0,632.5520229400714
2026-09-22 07:13:33,14,21,8,1,0,30,99.0,438.9647332440295
2026-09-22 07:13:45,18,10,28,1,0,39,75.0,351.6659590585452
2026-09-22 07:13:57,19,12,22,0,0,34,70.0,318.8743643042589
2026-09-22 07:14:09,11,13,19,1,0,33,78.0,353.0561209200606
2026-09-22 07:14:21,10,17,7,1,0,25,82.0,349.1639161177615
2026-09-22 07:14:34,16,6,26,2,0,34,64.0,291.54227593532244
2026-09-22 07:14:46,14,15,13,4,3,35,119.0,545.4387536762771
2026-09-22 07:14:58,7,16,12,1,4,33,107.0,484.3205761339293
2026-09-22 07:15:10,11,18,17,0,3,38,107.0,499.00109613587216
2026-09-22 07:15:22,25,9,29,2,2,42,91.0,433.2692105281141
2026-09-22 07:15:35,20,15,28,4,2,49,128.0,628.7389446948027
2026-09-22 07:15:47,10,17,14,1,2,34,101.0,460.09015421043074
2026-09-22 07:15:59,21,21,26,1,0,48,117.0,572.3429748789433
2026-09-22 07:16:11,20,22,23,2,0,47,125.0,608.9001263634864
2026-09-22 07:16:23,16,24,17,0,3,44,131.0,629.6727861599119
2026-09-22 07:16:35,24,19,21,1,1,42,110.0,523.7320127262918
2026-09-22 07:16:47,22,15,23,3,1,42,110.0,523.7320127262918
2026-09-22 07:16:59,13,18,14,3,2,37,119.0,551.8727530074399
2026-09-22 07:17:12,16,7,22,2,2,33,76.0,344.0033998708283
2026-09-22 07:17:24,19,15,22,1,1,39,95.0,445.4435481408239
2026-09-22 07:17:36,17,9,24,3,3,39,99.0,464.19906595727963
2026-09-22 07:17:48,3,20,3,5,3,31,136.0,607.3400827807628
2026-09-22 07:18:00,19,8,40,1,1,50,85.0,419.2051787815677
2026-09-22 07:18:12,20,23,20,2,1,46,132.0,640.2194834257277
2026-09-22 07:18:24,13,18,9,3,2,32,114.0,512.6018620071787
2026-09-22 07:18:36,7,22,6,0,0,28,94.0,410.52580801872864
2026-09-22 07:18:48,14,16,18,1,1,36,95.0,438.0372017012013
2026-09-22 07:19:01,20,16,23,3,1,43,114.0,545.3976182666818
2026-09-22 07:19:13,21,10,27,2,0,39,81.0,379.7992357832288
2026-09-22 07:19:25,13,16,12,0,0,28,76.0,331.91448307897207
2026-09-22 07:19:39,9,6,8,2,1,17,52.0,202.29933141060056
2026-09-22 07:19:51,15,9,25,5,3,42,114.0,542.776813189066
2026-09-22 07:20:03,15,10,18,5,0,33,93.0,420.95152878930304
2026-09-22 07:20:15,8,13,16,0,2,31,80.0,357.2588722239782
2026-09-22 07:20:27,12,12,15,1,1,29,76.0,334.49100100632387
2026-09-22 07:20:39,19,8,34,0,2,44,78.0,374.91967420208493
2026-09-22 07:20:52,19,15,27,2,2,46,113.0,548.0666789932366
2026-09-22 07:21:04,11,22,12,1,2,37,119.0,551.8727530074399
2026-09-22 07:21:16,24,14,26,0,4,44,106.0,509.5062239156539
2026-09-22 07:21:28,15,16,26,1,1,44,103.0,495.0862364463429
2026-09-22 07:21:40,17,16,20,2,0,38,98.0,457.02904132070535
2026-09-22 07:21:54,18,17,27,0,0,44,95.0,456.6329365281804
2026-09-22 07:22:06,13,18,8,0,1,27,86.0,372.56958787506755
2026-09-22 07:22:18,11,14,13,0,0,27,69.0,298.92211120208907
2026-09-22 07:22:30,22,11,33,1,3,48,102.0,498.96567040728394
2026-09-22 07:22:42,11,11,13,4,0,28,85.0,371.2201455488503
2026-09-22 07:22:54,12,14,22,4,0,40,106.0,499.63863907065667
2026-09-22 07:23:07,13,10,17,2,6,35,107.0,490.4365264148038
2026-09-22 07:23:19,16,3,31,1,2,37,62.0,287.5303419030359
2026-09-22 07:23:31,22,10,31,1,2,44,90.0,432.59962407932875
2026-09-22 07:23:43,16,21,10,3,1,35,121.0,554.6057915531893
2026-09-22 07:23:55,15,18,16,3,2,39,121.0,567.3544139477863
2026-09-22 07:24:07,19,20,17,2,3,42,129.0,614.1948149244695
2026-09-22 07:24:19,20,25,17,2,0,44,131.0,629.6727861599119
2026-09-22 07:24:31,22,20,21,0,6,47,137.0,667.354538494381
2026-09-22 07:24:43,17,14,15,1,2,32,90.0,404.68568053198317
2026-09-22 07:24:56,8,15,8,1,1,25,81.0,344.90581957974
2026-09-22 07:25:09,11,7,26,2,0,35,68.0,311.67928781501547
2026-09-22 07:25:21,13,11,19,5,1,36,104.0,479.5354629149993
2026-09-22 07:25:33,2,19,3,5,1,28,120.0,524.075499598377
2026-09-22 07:25:45,2,16,7,0,1,24,77.0,324.85343851485146
2026-09-22 07:25:58,10,17,37,0,0,54,105.0,525.7699844494094
2026-09-22 07:26:10,26,16,13,1,0,30,84.0,372.4549251767523
2026-09-22 07:26:22,18,20,23,0,2,45,115.0,555.293760596246
2026-09-22 07:26:35,16,15,16,5,2,38,123.0,573.6180824739465
2026-09-22 07:26:48,10,20,25,2,2,49,131.0,643.4750137110872
2026-09-22 07:27:00,19,17,21,0,2,40,101.0,476.07077873713513
2026-09-22 07:27:12,17,14,25,0,2,41,93.0,440.6032745003532
2026-09-22 07:27:24,3,14,2,0,1,17,64.0,248.98379250535453
2026-09-22 07:27:36,10,18,10,2,0,30,96.0,425.66277163057407
2026-09-22 07:27:49,23,8,33,1,1,43,78.0,373.16679144562437
2026-09-22 07:28:01,16,16,20,2,1,39,104.0,487.64346322784934
2026-09-22 07:28:14,15,18,17,0,3,38,107.0,499.00109613587216
2026-09-22 07:28:26,10,20,20,0,2,42,112.0,533.2544129576789
2026-09-22 07:28:38,14,16,17,3,3,39,120.0,562.6655344936723
2026-09-22 07:28:50,10,19,26,2,4,51,140.0,693.1741206013997
2026-09-22 07:29:07,18,17,26,3,4,50,139.0,685.5237629486813
2026-09-22 07:29:18,17,23,23,0,2,48,127.0,621.2611778600497
2026-09-22 07:29:30,22,18,30,1,2,51,121.0,599.1004899483527
2026-09-22 07:29:44,9,17,15,1,3,36,108.0,497.9791345655762
2026-09-22 07:29:54,18,14,21,0,4,39,101.0,473.5768248655075
2026-09-22 07:30:06,4,18,2,1,6,27,117.0,506.8679276904989
2026-09-22 07:30:18,12,9,11,1,5,26,84.0,360.8502967443636
2026-09-22 07:30:30,17,10,21,2,1,34,81.0,368.98319298064246
2026-09-22 07:30:42,16,8,20,3,2,33,85.0,384.7406445923737
2026-09-22 07:30:54,20,10,25,1,1,37,78.0,361.73172045865806
2026-09-22 07:31:08,3,18,2,1,1,22,87.0,359.787996785836
2026-09-22 07:31:20,14,18,25,0,1,44,103.0,495.0862364463429
2026-09-22 07:31:32,20,15,22,0,0,37,82.0,380.28206509756365
2026-09-22 07:31:44,15,30,11,0,0,41,131.0,620.6347199951213
2026-09-22 07:31:56,21,18,22,0,0,40,94.0,443.07577427020493
2026-09-22 07:32:09,14,22,15,1,2,40,122.0,575.0557921379256
2026-09-22 07:32:21,19,21,21,1,1,44,118.0,567.1861737928978
2026-09-22 07:32:33,17,24,15,0,1,40,117.0,551.4879318044041
2026-09-22 07:32:45,14,17,14,1,1,33,95.0,430.0042498385354
2026-09-22 07:32:57,10,16,10,1,1,28,87.0,379.9547372088233
2026-09-22 07:33:09,10,13,12,0,0,25,64.0,272.5181784333748
2026-09-22 07:33:23,13,15,18,0,0,33,78.0,353.0561209200606
2026-09-22 07:33:34,13,15,18,0,0,33,78.0,353.0561209200606
2026-09-22 07:33:45,3,22,1,1,2,26,108.0,463.9503815284676
2026-09-22 07:33:58,7,18,6,2,0,26,92.0,395.2169916723983
2026-09-22 07:34:10,10,16,23,1,0,40,94.0,443.07577427020493
2026-09-22 07:34:22,15,16,24,0,0,40,88.0,414.7943418699791
2026-09-22 07:34:34,16,24,19,0,0,43,115.0,550.1818079006001
2026-09-22 07:34:46,20,16,25,0,0,41,89.0,421.6525960272198
2026-09-22 07:34:58,14,20,18,2,2,42,124.0,590.3888143460017
2026-09-22 07:35:10,24,14,32,0,0,46,88.0,426.81298895048513
2026-09-22 07:35:24,25,11,24,0,2,37,80.0,371.00689277811085
2026-09-22 07:35:36,18,18,17,2,3,40,121.0,570.3422200712213
2026-09-22 07:35:48,10,20,10,0,2,32,102.0,458.64377126958095
2026-09-22 07:36:00,11,14,11,0,1,26,73.0,313.596091218316
2026-09-22 07:36:12,22,12,28,4,2,46,116.0,562.6171217983667
2026-09-22 07:36:25,10,18,20,4,0,42,120.0,571.3440138832275
2026-09-22 07:36:37,12,23,16,0,1,40,114.0,537.3472156042911
2026-09-22 07:36:49,18,14,35,0,1,50,97.0,478.38708637425964
2026-09-22 07:37:01,19,21,19,0,1,41,109.0,516.4059883928871
2026-09-22 07:37:14,15,19,11,0,1,31,93.0,415.3134389603746
2026-09-22 07:37:27,20,13,10,3,0,26,83.0,356.5544598783593
2026-09-22 07:37:40,14,14,21,0,0,35,77.0,352.93095826112045
2026-09-22 07:37:52,15,15,25,1,1,42,98.0,466.59761133796906
2026-09-22 07:38:07,18,17,26,2,2,47,120.0,584.5441213089468
2026-09-22 07:38:17,19,20,23,1,0,44,110.0,528.7328738747351
2026-09-22 07:38:29,2,21,1,0,1,23,91.0,380.202898561663
2026-09-22 07:38:42,7,18,0,0,1,19,78.0,311.66711733721127
2026-09-22 07:38:54,14,14,15,2,2,33,97.0,439.05697088776765
2026-09-22 07:39:06,8,13,8,8,1,30,122.0,540.9464389471879
2026-09-22 07:39:18,7,17,5,2,0,24,87.0,367.04219676353347
2026-09-22 07:39:30,16,12,26,2,0,40,88.0,414.7943418699791
2026-09-22 07:39:42,8,16,20,1,0,37,91.0,422.02034053510107
2026-09-22 07:39:54,14,24,15,1,2,42,130.0,618.956015040163
2026-09-22 07:40:07,16,16,22,0,1,39,92.0,431.3769097784821
2026-09-22 07:40:19,17,25,18,0,2,45,130.0,627.7233815435824
2026-09-22 07:40:31,15,28,12,0,0,40,124.0,584.4829362713342
2026-09-22 07:40:43,18,26,13,1,1,41,130.0,615.8970503768378
2026-09-22 07:40:55,11,25,10,0,0,35,110.0,504.1870832301721
2026-09-22 07:41:07,16,27,12,0,0,39,120.0,562.6655344936723
2026-09-22 07:41:19,7,15,5,0,2,22,77.0,318.4330546265445
2026-09-22 07:41:34,15,13,23,2,0,38,89.0,415.05698650553853
2026-09-22 07:41:45,21,15,23,2,1,41,103.0,487.9799706831869
2026-09-22 07:41:57,14,16,30,2,3,51,126.0,623.8567085412598
2026-09-22 07:42:09,0,22,1,2,1,26,109.0,468.2462183944719
2026-09-22 07:42:25,14,12,35,0,0,47,83.0,404.3096839053549
2026-09-22 07:42:34,11,23,15,4,2,44,147.0,706.579385996237
2026-09-22 07:42:46,19,17,31,0,1,49,105.0,515.7624155699554
2026-09-22 07:42:58,23,15,31,0,3,49,109.0,535.410507591668
2026-09-22 07:43:10,16,20,21,0,3,44,119.0,571.992836282668
2026-09-22 07:43:23,16,22,19,1,1,43,120.0,574.1027560701914
2026-09-22 07:43:34,15,22,16,1,3,42,129.0,614.1948149244695
2026-09-22 07:43:47,17,20,15,0,3,38,113.0,526.98246601265
2026-09-22 07:43:59,19,19,12,0,3,34,106.0,482.86689451787777
2026-09-22 07:44:15,0,12,0,0,1,13,54.0,196.50909579922396
2026-09-22 07:44:23,11,11,4,0,0,15,48.0,181.0842586675095
2026-09-22 07:44:38,13,7,26,1,1,35,67.0,307.09576887655936
2026-09-22 07:44:49,9,15,17,1,2,35,96.0,440.0178180917866
2026-09-22 07:45:03,13,14,16,3,2,35,105.0,481.26948853789156
2026-09-22 07:45:13,9,7,23,2,3,35,83.0,380.4320718918571
2026-09-22 07:45:28,11,24,12,1,1,38,121.0,564.2909591816872
2026-09-22 07:45:37,17,19,14,2,0,35,104.0,476.68596959943545
2026-09-22 07:45:49,16,17,13,2,1,33,101.0,457.1624129862323
2026-09-22 07:46:02,16,22,12,1,1,36,113.0,521.0337241287973
2026-09-22 07:46:13,20,21,17,1,3,42,126.0,599.9112145773888
2026-09-22 07:46:26,20,17,13,3,4,37,126.0,584.3358561255246
2026-09-22 07:46:38,19,11,21,0,0,32,65.0,292.2729914953212
2026-09-22 07:46:50,5,20,0,1,2,23,99.0,413.6273292044466
2026-09-22 07:47:02,13,8,3,0,0,11,35.0,121.97173274258002
2026-09-22 07:47:14,14,8,10,0,2,20,54.0,218.4042116370648
2026-09-22 07:47:26,14,16,19,4,0,39,111.0,520.4656194066469
2026-09-22 07:47:38,11,14,15,2,0,31,85.0,379.5875517379768
2026-09-22 07:47:50,6,20,2,0,0,22,82.0,339.1105257061903
2026-09-22 07:48:03,14,17,33,2,0,52,115.0,571.583570058494
2026-09-22 07:48:15,10,23,24,0,1,48,122.0,596.8020763694965
2026-09-22 07:48:28,24,19,24,1,3,47,125.0,608.9001263634864
2026-09-22 07:48:41,19,23,22,0,1,46,120.0,582.017712205207
2026-09-22 07:48:53,11,21,19,0,0,40,103.0,485.49792287054373
2026-09-22 07:49:05,19,18,19,0,1,38,97.0,452.3654796745757
2026-09-22 07:49:17,24,21,22,0,1,44,112.0,538.3461988542758
2026-09-22 07:49:29,17,28,14,0,0,42,126.0,599.9112145773888
2026-09-22 07:49:41,14,25,14,0,0,39,114.0,534.5322577689886
2026-09-22 07:49:53,10,21,5,0,0,26,89.0,382.3294810743853
2026-09-22 07:50:05,13,14,10,1,0,25,73.0,310.84104727556814
2026-09-22 07:50:18,9,14,6,4,0,24,90.0,379.6988242381381
2026-09-22 07:50:30,13,19,10,5,1,35,127.0,582.106905183926
2026-09-22 07:50:42,21,13,18,1,0,32,77.0,346.23108223291894
2026-09-22 07:50:54,12,14,23,0,3,40,97.0,457.21649047031786
2026-09-22 07:51:06,14,19,11,2,3,35,119.0,545.4387536762771
2026-09-22 07:51:18,20,26,17,0,0,43,121.0,578.8869457041096
2026-09-22 07:51:30,14,24,19,1,0,44,122.0,586.412823751979
2026-09-22 07:51:42,15,28,17,0,0,45,129.0,622.8947401470932
2026-09-22 07:51:55,10,26,14,0,0,40,118.0,556.2015038711083
2026-09-22 07:52:07,9,18,18,4,1,41,124.0,587.4710326671376
2026-09-22 07:52:19,16,17,22,1,1,41,103.0,487.9799706831869
2026-09-22 07:52:31,16,22,17,0,0,39,105.0,492.33234268196327
2026-09-22 07:52:43,2,17,2,0,1,20,76.0,307.3837052669801
2026-09-22 07:52:55,17,10,14,2,1,27,74.0,320.5831337529651
2026-09-22 07:53:07,16,11,25,4,1,41,103.0,487.9799706831869
2026-09-22 07:53:19,19,14,22,0,0,36,78.0,359.6515971862495
2026-09-22 07:53:32,5,17,5,1,3,26,98.0,420.99201286842424
2026-09-22 07:53:45,15,15,24,2,0,41,98.0,464.2916225917701
2026-09-22 07:53:57,13,19,28,2,2,51,130.0,643.6616834155856
2026-09-22 07:54:09,15,18,15,0,0,33,87.0,393.79336564160604
2026-09-22 07:54:21,18,16,27,0,0,43,91.0,435.3612566865618
2026-09-22 07:54:33,17,24,19,1,0,44,122.0,586.412823751979
2026-09-22 07:54:46,19,19,15,0,0,34,91.0,414.53667359553657
2026-09-22 07:54:58,19,18,18,1,0,37,97.0,449.8458574934594
2026-09-22 07:55:10,15,12,16,0,2,30,76.0,336.9830275408711
2026-09-22 07:55:22,13,8,4,0,0,12,36.0,128.33817686861534
2026-09-22 07:55:34,5,5,2,1,1,9,35.0,115.5904782547916
2026-09-22 07:55:46,15,10,14,2,0,26,68.0,292.11690688829435
2026-09-22 07:55:58,16,12,26,1,0,39,81.0,379.7992357832288
2026-09-22 07:56:11,20,17,31,3,0,51,120.0,594.1492462297713
2026-09-22 07:56:23,6,15,11,1,1,28,84.0,366.85284971886387
2026-09-22 07:56:35,18,10,39,0,2,51,91.0,450.56317839090985
2026-09-22 07:56:47,10,16,25,0,0,41,89.0,421.6525960272198
2026-09-22 07:56:59,16,23,21,0,0,44,113.0,543.1528613440461
2026-09-22 07:57:11,22,15,23,0,0,38,83.0,387.07561662876066
2026-09-22 07:57:23,18,16,22,0,0,38,86.0,401.0663015671496
2026-09-22 07:57:35,28,16,26,1,2,45,109.0,526.3219122173114
2026-09-22 07:57:48,15,21,15,0,0,36,99.0,456.48087335177814
2026-09-22 07:58:00,20,17,21,0,2,40,101.0,476.07077873713513
2026-09-22 07:58:12,15,20,16,1,1,38,109.0,508.32821942813143
2026-09-22 07:58:24,4,11,1,0,0,12,45.0,160.42272108576915
2026-09-22 07:58:36,13,6,9,2,1,18,53.0,209.05526589582132
2026-09-22 07:58:48,17,11,25,2,1,39,89.0,417.31027141614027
2026-09-22 07:59:00,11,12,16,3,0,31,85.0,379.5875517379768
2026-09-22 07:59:12,2,15,3,2,0,20,77.0,311.42822770470354
2026-09-22 07:59:26,22,13,25,0,1,39,83.0,389.1769946914567
2026-09-22 07:59:38,18,22,18,1,1,42,119.0,566.5828137675338
2026-09-22 07:59:50,16,19,26,0,0,45,102.0,492.5214224418877
2026-09-22 08:00:02,16,25,12,1,0,38,119.0,554.9638358894279
2026-09-22 08:00:15,12,20,12,0,0,32,92.0,413.67869565491617
2026-09-22 08:00:27,10,23,12,1,2,38,123.0,573.6180824739465
2026-09-22 08:00:39,14,18,19,0,3,40,109.0,513.7793552707695
2026-09-22 08:00:51,11,28,22,0,4,54,158.0,791.1586432667305
2026-09-22 08:01:04,15,10,13,1,0,24,60.0,253.13254949209207
2026-09-22 08:01:16,7,5,2,0,1,8,28.0,89.52228816541415
2026-09-22 08:01:28,16,12,21,1,0,34,76.0,346.2064526731954
2026-09-22 08:01:40,9,10,14,3,2,29,87.0,382.90417220460756
2026-09-22 08:01:52,22,14,24,2,1,41,100.0,473.7669618283368
2026-09-22 08:02:04,5,20,7,2,1,30,107.0,474.43663087991064
2026-09-22 08:02:18,16,17,19,4,0,40,115.0,542.0607876709954
2026-09-22 08:02:30,16,24,22,2,2,50,144.0,710.182891112303
2026-09-22 08:02:42,16,31,16,0,2,49,152.0,746.6274968250782
2026-09-22 08:02:54,15,22,19,1,1,43,120.0,574.1027560701914
2026-09-22 08:03:07,14,24,17,0,2,43,125.0,598.0237042397827
2026-09-22 08:03:19,10,29,8,0,1,38,130.0,606.263013996854
2026-09-22 08:03:31,9,36,7,0,0,43,151.0,722.4126347216575
2026-09-22 08:03:43,21,32,16,2,0,50,158.0,779.2284499704435
2026-09-22 08:03:55,15,24,14,2,3,43,142.0,679.3549280163932
2026-09-22 08:04:07,10,25,14,1,0,40,121.0,570.3422200712213
2026-09-22 08:04:19,15,25,18,1,0,44,125.0,600.83281122129
2026-09-22 08:04:31,14,21,29,3,0,53,134.0,668.5238622396128
2026-09-22 08:04:43,17,19,25,4,0,48,129.0,631.0448184562708
2026-09-22 08:04:56,9,22,16,3,1,42,131.0,623.7172151558566
2026-09-22 08:05:12,6,24,10,1,2,37,125.0,579.6982699657982
2026-09-22 08:05:20,7,18,21,1,1,41,106.0,502.192979538037
2026-09-22 08:05:32,18,18,20,1,2,41,111.0,525.8813276294538
2026-09-22 08:05:44,15,23,9,6,0,38,143.0,666.8893153965395
2026-09-22 08:05:56,17,20,14,2,0,36,108.0,497.9791345655762
2026-09-22 08:06:08,13,20,16,4,1,41,130.0,615.8970503768378
2026-09-22 08:06:20,22,21,23,1,1,46,120.0,582.017712205207
2026-09-22 08:06:33,10,24,14,0,1,39,116.0,543.9100166772165
2026-09-22 08:06:45,15,18,25,0,4,47,121.0,589.4153223198548
2026-09-22 08:06:57,18,22,17,1,3,43,130.0,621.944652409374
2026-09-22 08:07:10,11,21,13,0,3,37,115.0,533.3224083685343
2026-09-22 08:07:22,16,20,16,0,2,38,108.0,503.6646577820018
2026-09-22 08:07:34,12,17,15,0,3,35,101.0,462.9354127840671
2026-09-22 08:07:45,19,15,33,1,4,53,124.0,618.6340217739701
2026-09-22 08:07:58,14,24,11,4,3,42,153.0,728.463617701115
2026-09-22 08:08:10,10,14,24,0,1,39,86.0,403.2436330537985
2026-09-22 08:08:22,14,13,35,1,1,50,100.0,493.1825632724326
2026-09-22 08:08:34,14,19,9,0,4,32,109.0,490.1193241998463
2026-09-22 08:08:47,21,25,17,1,2,45,136.0,656.6952299225169
2026-09-22 08:08:59,14,25,15,0,0,40,115.0,542.0607876709954
2026-09-22 08:09:11,14,21,17,1,4,43,132.0,631.5130316772105
2026-09-22 08:09:23,17,17,26,1,3,47,119.0,579.672920298039
2026-09-22 08:09:35,15,23,16,0,2,41,120.0,568.5203541940042
2026-09-22 08:09:47,24,17,23,3,3,46,130.0,630.5191882223075
2026-09-22 08:10:00,3,11,2,0,3,16,64.0,245.32565401959783
2026-09-22 08:10:11,3,17,6,0,3,26,92.0,395.2169916723983
2026-09-22 08:10:24,10,10,27,1,1,39,80.0,375.1103563291149
2026-09-22 08:10:35,14,12,20,3,2,37,101.0,468.396202132365
2026-09-22 08:10:47,9,24,11,2,3,40,139.0,655.1865172718988
2026-09-22 08:10:59,5,14,12,2,3,31,100.0,446.5735902799727
2026-09-22 08:11:11,15,17,33,1,0,51,108.0,534.7343216067941
2026-09-22 08:11:23,21,17,20,2,2,41,114.0,540.094336484304
2026-09-22 08:11:36,15,18,20,1,2,41,111.0,525.8813276294538
2026-09-22 08:11:48,17,17,12,1,2,32,99.0,445.1542485851815
2026-09-22 08:12:00,15,20,16,1,5,42,133.0,633.2396153872437
2026-09-22 08:12:12,18,18,28,1,3,50,125.0,616.4782040905408
2026-09-22 08:12:24,4,28,5,0,4,37,141.0,653.8996485214204
2026-09-22 08:12:38,14,17,13,0,3,33,99.0,448.109691937
2026-09-22 08:12:50,10,13,10,0,0,23,62.0,259.0393374815726
2026-09-22 08:13:02,7,11,6,0,1,18,56.0,220.88858283332064
2026-09-22 08:13:14,22,12,31,2,1,46,99.0,480.1646125692958
2026-09-22 08:13:26,17,13,18,2,1,34,90.0,409.9813255340472
2026-09-22 08:13:38,9,14,19,4,4,41,127.0,601.6840415219878
2026-09-22 08:13:51,17,13,23,0,1,37,81.0,375.6444789378372
2026-09-22 08:14:03,12,16,24,0,1,41,94.0,445.34094411863657
2026-09-22 08:14:15,10,21,13,0,2,36,109.0,502.5900524782204
2026-09-22 08:14:27,12,24,10,0,3,37,124.0,575.0606838060718
2026-09-22 08:14:39,14,24,15,1,4,44,142.0,682.5460735473854
2026-09-22 08:14:51,20,20,19,0,1,40,105.0,494.92506700395234
2026-09-22 08:15:04,20,20,24,1,2,47,123.0,599.1577243416706
2026-09-22 08:15:15,15,22,14,0,2,38,114.0,531.6460276587796
2026-09-22 08:15:27,23,14,21,1,1,37,90.0,417.3827543753747
2026-09-22 08:15:40,8,19,8,0,1,28,90.0,393.0566246987827
2026-09-22 08:15:52,11,7,21,1,1,30,62.0,274.9072066780791
2026-09-22 08:16:05,21,13,25,2,2,42,103.0,490.4036119164369
2026-09-22 08:16:16,9,20,11,2,1,34,111.0,505.64363482532485
2026-09-22 08:16:28,8,22,17,1,2,42,124.0,590.3888143460017
2026-09-22 08:16:40,6,15,13,0,1,29,79.0,347.6945931513103
2026-09-22 08:16:52,12,12,35,0,0,47,83.0,404.3096839053549
2026-09-22 08:17:05,20,20,29,0,0,49,109.0,535.410507591668
2026-09-22 08:17:18,15,23,14,2,1,40,126.0,593.9100804047428
2026-09-22 08:17:30,11,25,15,0,0,40,115.0,542.0607876709954
2026-09-22 08:17:43,20,22,23,0,3,48,129.0,631.0448184562708
2026-09-22 08:17:55,17,19,26,0,0,45,102.0,492.5214224418877
2026-09-22 08:18:07,22,18,20,0,1,39,98.0,459.5101865031657
2026-09-22 08:18:19,22,10,25,0,0,35,65.0,297.92873099964714
2026-09-22 08:18:31,3,16,2,0,0,18,66.0,260.3329726249851
2026-09-22 08:18:43,8,10,7,0,1,18,53.0,209.05526589582132
2026-09-22 08:18:55,15,14,16,2,1,33,92.0,416.4251682646869
2026-09-22 08:19:07,15,10,22,2,2,36,88.0,405.7607763126917
2026-09-22 08:19:19,13,12,18,2,0,32,80.0,359.7206049173184
2026-09-22 08:19:32,17,15,34,0,2,51,106.0,524.8318341696313
2026-09-22 08:19:44,13,15,28,3,0,46,109.0,528.6660885863963
2026-09-22 08:19:56,14,22,9,0,3,34,115.0,523.8650270712825
2026-09-22 08:20:08,17,15,17,1,3,36,102.0,470.31362708971085
2026-09-22 08:20:20,18,11,21,3,3,38,104.0,485.0104111974832
2026-09-22 08:20:32,13,18,10,1,2,31,101.0,451.0393261827724
2026-09-22 08:20:44,15,16,10,0,0,26,74.0,317.89192808432034
2026-09-22 08:20:57,17,18,7,0,0,25,79.0,336.38962650369706
2026-09-22 08:21:09,12,11,9,2,2,24,79.0,333.2911901645879
2026-09-22 08:21:21,3,21,1,1,3,26,110.0,472.5420552604762
2026-09-22 08:21:33,13,9,15,3,1,28,78.0,340.64907473894505
2026-09-22 08:21:46,17,10,25,2,1,38,85.0,396.40273992101993
2026-09-22 08:21:59,3,18,6,2,0,26,92.0,395.2169916723983
2026-09-22 08:22:11,8,15,11,6,0,32,113.0,508.10535444571224
2026-09-22 08:22:23,6,20,8,1,0,29,95.0,418.1137512579048
2026-09-22 08:22:35,13,19,20,1,0,40,103.0,485.49792287054373
2026-09-22 08:22:47,9,30,13,0,1,44,139.0,668.1260860780744
2026-09-22 08:22:59,16,25,6,1,1,33,119.0,538.6369024293232
2026-09-22 08:23:11,13,25,13,2,0,40,127.0,598.6236524714471
2026-09-22 08:23:24,18,25,15,0,1,41,121.0,573.2580238122875
2026-09-22 08:23:36,12,26,18,1,3,48,147.0,719.0975838222622
2026-09-22 08:23:49,21,19,10,0,4,33,110.0,497.89965770777775
2026-09-22 08:24:01,14,15,24,1,2,42,103.0,490.4036119164369
2026-09-22 08:24:13,14,18,9,0,1,28,87.0,379.9547372088233
2026-09-22 08:24:26,4,19,4,0,0,23,80.0,334.2443064278356
2026-09-22 08:24:38,10,17,20,1,1,39,101.0,473.5768248655075
2026-09-22 08:24:51,6,18,8,6,2,34,134.0,610.4166402395814
2026-09-22 08:25:03,16,15,19,3,4,41,124.0,587.4710326671376
2026-09-22 08:25:18,9,23,16,0,1,40,114.0,537.3472156042911
2026-09-22 08:25:30,12,17,27,0,1,45,101.0,487.6927810453986
2026-09-22 08:25:42,19,23,17,1,3,44,134.0,644.0927736292228
2026-09-22 08:25:54,13,26,12,3,3,44,155.0,745.0326859143995
2026-09-22 08:26:07,20,16,16,2,2,36,106.0,488.75729874028775
2026-09-22 08:26:19,20,14,31,0,2,47,99.0,482.2489000798812
2026-09-22 08:26:31,12,23,17,1,3,44,134.0,644.0927736292228
2026-09-22 08:26:43,23,19,25,0,3,47,119.0,579.672920298039
2026-09-22 08:26:55,25,17,25,0,2,44,105.0,504.6995614258836
2026-09-22 08:27:08,15,14,12,0,7,33,110.0,497.89965770777775
2026-09-22 08:27:19,4,12,0,0,4,16,72.0,275.9913607720476
2026-09-22 08:27:31,23,12,29,2,1,44,97.0,466.246261507721
2026-09-22 08:27:43,7,18,17,0,2,37,101.0,468.396202132365
2026-09-22 08:27:56,3,22,16,2,2,42,130.0,618.956015040163
2026-09-22 08:28:08,5,20,8,2,0,30,102.0,452.26669485748494
2026-09-22 08:28:20,13,12,31,2,1,46,99.0,480.1646125692958
2026-09-22 08:28:34,16,20,20,0,1,41,106.0,502.192979538037
2026-09-22 08:28:46,14,20,17,2,5,44,141.0,677.739411057615
2026-09-22 08:28:58,12,23,16,0,0,39,108.0,506.39898104430506
2026-09-22 08:29:10,13,33,18,0,1,52,156.0,775.3655385141311
2026-09-22 08:29:23,20,18,27,0,3,48,117.0,572.3429748789433
2026-09-22 08:29:34,14,19,25,0,4,48,125.0,611.4775372638284
2026-09-22 08:29:46,14,23,20,2,5,50,156.0,769.3647987049949
2026-09-22 08:29:59,11,22,10,0,1,33,104.0,470.7414945600808
2026-09-22 08:30:11,6,12,6,0,0,18,54.0,212.99970487498777
2026-09-22 08:30:23,17,11,27,2,0,40,85.0,400.6536256698662
2026-09-22 08:30:35,9,16,12,3,1,32,103.0,463.1402788310474
2026-09-22 08:30:49,14,16,20,8,4,48,164.0,802.2585288901428
2026-09-22 08:31:01,12,22,16,1,1,40,117.0,551.4879318044041
2026-09-22 08:31:14,27,13,31,0,1,45,89.0,429.74908428752946
2026-09-22 08:31:26,16,17,17,2,2,38,111.0,517.6553427203908
2026-09-22 08:31:38,15,24,16,1,3,44,137.0,658.5127610985338
2026-09-22 08:31:50,16,17,16,0,1,34,90.0,409.9813255340472
2026-09-22 08:32:02,20,21,23,2,1,47,127.0,618.6425283853022
2026-09-22 08:32:14,12,18,11,0,2,31,95.0,424.24491076597405
2026-09-22 08:32:26,17,21,20,2,3,46,136.0,659.620073832568
2026-09-22 08:32:38,22,13,19,1,4,37,102.0,473.03378829209134
2026-09-22 08:32:50,13,11,10,2,1,24,74.0,312.19681104024687
2026-09-22 08:33:03,21,13,18,0,1,32,76.0,341.7345746714525
2026-09-22 08:33:15,20,13,22,0,3,38,92.0,429.04767144392747
2026-09-22 08:33:27,6,12,2,0,0,14,50.0,185.4025100551105
2026-09-22 08:33:39,9,8,14,0,1,23,52.0,217.25879917809317
2026-09-22 08:33:51,18,8,30,2,1,41,82.0,388.48890869923616
2026-09-22 08:34:03,12,18,16,4,2,40,128.0,603.3372245381514
2026-09-22 08:34:15,15,20,22,3,1,46,129.0,625.6690406205976
2026-09-22 08:34:28,11,25,10,3,2,40,143.0,674.0408055387161
2026-09-22 08:34:39,16,14,23,0,2,39,91.0,426.6880303243682
2026-09-22 08:34:52,13,28,12,4,2,46,164.0,795.4242066804496
2026-09-22 08:35:05,10,27,12,0,3,42,138.0,657.0456159657116
2026-09-22 08:35:16,19,19,24,0,3,46,118.0,572.3174170017869
2026-09-22 08:35:28,15,26,17,0,3,46,139.0,674.1705166376981
2026-09-22 08:35:45,11,31,11,0,2,44,147.0,706.579385996237
2026-09-22 08:35:52,14,26,23,1,4,54,158.0,791.1586432667305
2026-09-22 08:36:06,16,25,16,1,1,43,129.0,617.1604627754557
2026-09-22 08:36:18,13,24,11,2,2,39,133.0,623.6209673971534
2026-09-22 08:36:29,12,18,16,0,2,36,100.0,461.0917912644224
2026-09-22 08:36:41,17,22,15,4,2,43,143.0,684.1391176503114
2026-09-22 08:36:53,9,19,7,0,3,29,101.0,444.52093554787774
2026-09-22 08:37:09,8,17,28,1,1,47,109.0,530.96091018896
2026-09-22 08:37:17,14,13,15,6,2,36,121.0,557.9210674299511
2026-09-22 08:37:29,12,20,20,2,7,49,156.0,766.2755888467908
2026-09-22 08:37:41,10,17,11,1,5,34,116.0,528.4203751327719
2026-09-22 08:37:54,8,16,5,1,3,25,94.0,400.2610745740193
2026-09-22 08:38:06,10,13,30,0,5,48,112.0,547.8838733883902
2026-09-22 08:38:18,18,22,18,1,2,43,125.0,598.0237042397827
2026-09-22 08:38:30,15,25,11,0,3,39,129.0,604.8654495806977
2026-09-22 08:38:42,14,23,17,1,6,47,152.0,740.4225536579994
2026-09-22 08:38:54,18,29,20,0,3,52,154.0,765.4249546870268
2026-09-22 08:39:06,16,26,17,0,3,46,139.0,674.1705166376981
2026-09-22 08:39:19,14,20,24,0,5,49,134.0,658.2110827273716
2026-09-22 08:39:30,15,30,14,0,2,46,146.0,708.1215498496686
2026-09-22 08:39:43,21,27,20,0,1,48,134.0,655.503919946824
2026-09-22 08:39:55,22,18,24,0,2,44,108.0,519.1195488951945
2026-09-22 08:40:07,8,21,5,0,2,28,101.0,441.0968788286339
2026-09-22 08:40:19,8,18,5,0,1,24,83.0,350.1666934640607
2026-09-22 08:40:31,15,17,24,0,1,42,98.0,466.59761133796906
2026-09-22 08:40:43,20,13,27,3,1,44,106.0,509.5062239156539
2026-09-22 08:40:55,14,20,18,4,2,44,138.0,663.3194235883041
2026-09-22 08:41:09,16,13,23,0,2,38,87.0,405.7298632132792
2026-09-22 08:41:23,19,15,33,0,1,49,99.0,486.2902775373865
2026-09-22 08:41:35,17,21,17,0,2,40,113.0,532.6336435375867
2026-09-22 08:41:47,13,19,13,1,2,35,108.0,495.0200453532599
2026-09-22 08:41:59,19,18,20,0,3,41,110.0,521.1436580111705
2026-09-22 08:42:12,18,25,19,0,5,49,149.0,731.8914278087938
2026-09-22 08:42:24,13,19,30,1,5,55,143.0,718.6252917751264
2026-09-22 08:42:36,12,20,24,0,2,46,116.0,562.6171217983667
2026-09-22 08:42:48,15,23,16,3,7,49,171.0,839.9559339282131
2026-09-22 08:43:00,16,20,22,1,2,45,121.0,584.2656089751805
2026-09-22 08:43:12,13,15,29,1,4,49,120.0,589.4427606513775
2026-09-22 08:43:24,13,17,23,0,3,43,109.0,521.4766700970905
2026-09-22 08:43:37,1,22,2,0,1,25,96.0,408.77726765006224
2026-09-22 08:43:49,19,7,23,0,1,31,57.0,254.54694645958443
2026-09-22 08:44:01,17,17,22,2,3,44,122.0,586.412823751979
2026-09-22 08:44:14,11,20,9,6,2,37,143.0,663.1748208408732
2026-09-22 08:44:27,8,13,20,2,3,38,104.0,485.0104111974832
2026-09-22 08:44:39,15,16,26,2,3,47,122.0,594.2865233307626
2026-09-22 08:44:52,8,17,24,4,2,47,132.0,642.9985334398416
2026-09-22 08:45:04,15,18,24,1,4,47,127.0,618.6425283853022
2026-09-22 08:45:16,11,19,8,0,4,31,108.0,482.2994775023705
2026-09-22 08:45:28,19,19,26,0,2,47,114.0,555.3169152434996
2026-09-22 08:45:40,10,25,20,0,1,46,126.0,611.1185978154674
2026-09-22 08:45:53,14,31,12,0,2,45,148.0,714.638926680386
2026-09-22 08:46:07,12,27,13,0,2,42,133.0,633.2396153872437
2026-09-22 08:46:17,21,27,23,0,1,51,137.0,678.3203894456556
2026-09-22 08:46:29,17,21,15,0,3,39,117.0,548.5988961313304
2026-09-22 08:46:42,20,16,28,1,3,48,117.0,572.3429748789433
2026-09-22 08:46:53,8,13,6,0,0,19,58.0,231.75247186613146
2026-09-22 08:47:05,12,19,8,0,0,27,84.0,363.9051788547172
2026-09-22 08:47:17,13,10,19,1,0,30,66.0,292.64315549601963
2026-09-22 08:47:29,12,11,23,4,2,40,107.0,504.35221113736094
2026-09-22 08:47:41,16,21,19,2,0,42,117.0,557.0604135361467
2026-09-22 08:47:53,11,24,21,2,0,47,131.0,638.1273324289336
2026-09-22 08:48:06,26,15,24,0,2,41,96.0,454.8162833552033
2026-09-22 08:48:18,13,21,24,2,2,49,134.0,658.2110827273716
2026-09-22 08:48:30,22,22,18,2,4,46,144.0,698.4212546462484
2026-09-22 08:48:43,23,20,22,0,2,44,114.0,547.9595238338164
2026-09-22 08:48:54,14,21,14,0,1,36,104.0,479.5354629149993
2026-09-22 08:49:06,22,23,15,0,5,43,137.0,655.4339798468018
2026-09-22 08:49:18,12,22,21,1,1,45,122.0,589.0942503716695
2026-09-22 08:49:30,16,25,14,0,0,39,114.0,534.5322577689886
2026-09-22 08:49:43,21,20,18,0,0,38,98.0,457.02904132070535
2026-09-22 08:49:56,10,17,13,1,2,33,100.0,452.63605246161615
2026-09-22 08:50:07,16,12,19,0,5,36,97.0,447.2590375264897
2026-09-22 08:50:19,4,10,2,0,3,15,60.0,226.35532333438687
2026-09-22 08:50:31,5,13,4,2,1,20,76.0,307.3837052669801
2026-09-22 08:50:45,17,13,25,1,2,41,96.0,454.8162833552033
2026-09-22 08:50:59,17,18,19,0,0,37,91.0,422.02034053510107
2026-09-22 08:51:11,5,21,9,3,1,34,120.0,546.6417673787296
2026-09-22 08:51:23,17,21,17,2,1,41,121.0,573.2580238122875
2026-09-22 08:51:35,13,17,36,1,2,56,123.0,620.2953059436497
2026-09-22 08:51:48,21,13,17,0,1,31,75.0,334.9301927099795
2026-09-22 08:51:59,15,17,16,1,5,39,121.0,567.3544139477863
2026-09-22 08:52:13,18,14,26,0,1,41,88.0,416.91492640893637
2026-09-22 08:52:25,14,13,22,0,2,37,86.0,398.8324097364692
2026-09-22 08:52:37,18,17,23,0,1,41,97.0,459.5539529734867
2026-09-22 08:52:49,17,15,18,4,3,40,124.0,584.4829362713342
2026-09-22 08:53:01,19,11,23,2,2,38,93.0,433.7112330900571
2026-09-22 08:53:13,11,19,10,5,1,35,127.0,582.106905183926
2026-09-22 08:53:26,14,16,15,0,0,31,79.0,352.79313632117845
2026-09-22 08:53:39,17,21,13,1,2,37,116.0,537.9599945282607
2026-09-22 08:53:50,11,14,9,1,2,26,84.0,360.8502967443636
2026-09-22 08:54:02,18,7,32,2,1,42,80.0,380.89600925548496
2026-09-22 08:54:14,14,14,18,3,0,35,95.0,435.4342991533304
2026-09-22 08:54:27,7,21,12,7,2,42,157.0,747.5084181638892
2026-09-22 08:54:40,9,18,10,4,2,34,122.0,555.7524635017083
2026-09-22 08:54:52,2,23,5,1,0,29,104.0,457.7245276928642
2026-09-22 08:55:04,14,18,14,2,2,36,112.0,516.422806216153
2026-09-22 08:55:16,15,14,31,0,0,45,87.0,420.09180149455125
2026-09-22 08:55:28,15,23,16,1,2,42,127.0,604.6724146930824
2026-09-22 08:55:42,16,24,17,0,1,42,119.0,566.5828137675338
2026-09-22 08:55:53,15,14,20,0,0,34,76.0,346.2064526731954
2026-09-22 08:56:05,16,25,15,0,3,43,133.0,636.2972213111287
2026-09-22 08:56:17,22,18,28,0,4,50,124.0,611.5463784578164
2026-09-22 08:56:29,23,24,28,0,4,56,148.0,746.3715876395135
2026-09-22 08:56:41,14,21,12,1,1,35,109.0,499.603564291716
2026-09-22 08:56:54,9,23,9,3,4,39,146.0,684.5764003006346
2026-09-22 08:57:07,12,19,14,1,1,35,103.0,472.10245066097934
2026-09-22 08:57:21,15,10,15,0,2,27,67.0,290.2577021817387
2026-09-22 08:57:34,7,14,4,0,0,18,60.0,236.6663387499864
2026-09-22 08:57:44,15,14,23,2,1,40,99.0,466.64363460372647
2026-09-22 08:57:56,9,14,18,3,3,38,113.0,526.98246601265
2026-09-22 08:58:09,9,22,15,0,3,40,121.0,570.3422200712213
2026-09-22 08:58:21,9,19,16,0,3,38,110.0,512.9917810742611
2026-09-22 08:58:33,19,16,28,1,4,49,123.0,604.1788296676621
2026-09-22 08:58:48,17,22,22,0,1,45,116.0,560.122401992735
2026-09-22 08:58:57,12,22,10,1,3,36,123.0,567.1429032552395
2026-09-22 08:59:09,12,20,12,8,6,46,184.0,892.4271587146508
2026-09-22 08:59:21,11,18,14,0,1,33,92.0,416.4251682646869
2026-09-22 08:59:34,14,25,19,1,3,48,144.0,704.4221229279303
2026-09-22 08:59:46,14,18,20,0,2,40,104.0,490.211494937248
2026-09-22 08:59:58,16,32,12,0,4,48,164.0,802.2585288901428
2026-09-22 09:00:10,13,17,10,1,1,29,91.0,400.5089617312562
2026-09-22 09:00:22,15,21,18,0,1,40,108.0,509.06578320406527
2026-09-22 09:00:34,21,13,20,1,2,36,91.0,419.5935300506244
2026-09-22 09:00:47,6,12,2,1,3,18,75.0,295.83292343748303
2026-09-22 09:01:00,14,12,20,0,1,33,74.0,334.95067882159594
2026-09-22 09:01:13,16,17,20,3,1,41,115.0,544.8320061025873
2026-09-22 09:01:24,13,17,20,1,2,40,107.0,504.35221113736094
2026-09-22 09:01:36,9,16,8,3,3,30,111.0,492.17257969785123
2026-09-22 09:01:51,7,17,10,0,4,31,102.0,455.50506208557215
2026-09-22 09:02:03,11,9,32,0,1,42,74.0,352.32880856132357
2026-09-22 09:02:15,16,14,19,1,5,39,112.0,525.1544988607608
2026-09-22 09:02:27,13,25,13,1,2,41,132.0,625.3723896134046
2026-09-22 09:02:40,13,17,19,1,9,46,148.0,717.8218450530886
2026-09-22 09:02:53,23,22,19,2,6,49,157.0,771.187611852219
2026-09-22 09:03:04,20,16,22,0,4,42,110.0,523.7320127262918
2026-09-22 09:03:16,20,17,20,1,8,46,143.0,693.5711070445384
2026-09-22 09:03:29,9,19,6,4,10,39,170.0,797.1095071993691
2026-09-22 09:03:43,20,17,16,1,3,37,109.0,505.49689141017603
2026-09-22 09:03:52,18,13,21,1,3,38,98.0,457.02904132070535
2026-09-22 09:04:04,13,13,19,3,4,39,116.0,543.9100166772165
2026-09-22 09:04:16,11,15,9,0,1,25,75.0,319.35724035161115
2026-09-22 09:04:32,6,16,6,0,3,25,88.0,374.7124953458904
2026-09-22 09:04:43,18,6,22,1,2,31,65.0,290.27283368198226
2026-09-22 09:04:54,16,10,24,2,2,38,90.0,419.72054815166814
2026-09-22 09:05:07,15,14,29,3,2,48,118.0,577.234795177054
2026-09-22 09:05:19,12,21,19,5,4,49,162.0,795.7477268793597
2026-09-22 09:05:31,6,22,4,1,5,32,129.0,580.0494754291759
2026-09-22 09:05:45,26,15,25,1,4,45,116.0,560.122401992735
2026-09-22 09:05:55,18,21,26,0,0,47,110.0,535.832111199868
2026-09-22 09:06:07,24,17,17,0,4,38,109.0,508.32821942813143
2026-09-22 09:06:19,14,17,17,1,0,35,92.0,421.6837423379621
2026-09-22 09:06:31,22,19,25,2,2,48,127.0,621.2611778600497
2026-09-22 09:06:44,13,20,9,2,3,34,121.0,551.197115440219
2026-09-22 09:06:55,21,19,22,3,2,46,131.0,635.3693358240176
2026-09-22 09:07:08,10,18,13,2,2,35,111.0,508.7706021686282
2026-09-22 09:07:20,8,22,6,0,3,31,112.0,500.1624211135694
2026-09-22 09:07:36,19,19,21,0,3,43,115.0,550.1818079006001
2026-09-22 09:07:44,13,18,16,1,2,37,107.0,496.22171909072324
2026-09-22 09:07:56,15,11,19,0,1,31,69.0,308.13577729318115
2026-09-22 09:08:08,10,17,7,0,0,24,75.0,316.41568686511505
2026-09-22 09:08:20,17,9,23,0,2,34,71.0,323.42971236574834
2026-09-22 09:08:33,17,13,19,3,1,36,98.0,451.86995543913395
2026-09-22 09:08:46,10,20,12,0,2,34,104.0,473.75619839489895
2026-09-22 09:09:00,13,22,18,1,2,43,125.0,598.0237042397827
2026-09-22 09:09:12,8,20,7,0,2,29,99.0,435.71854078455345
2026-09-22 09:09:24,22,15,34,1,3,53,119.0,593.6891015411487
2026-09-22 09:09:37,7,16,14,4,4,38,130.0,606.263013996854
2026-09-22 09:09:48,14,23,16,0,0,39,108.0,506.39898104430506
2026-09-22 09:10:00,20,20,21,0,1,42,107.0,509.4484123792111
2026-09-22 09:10:13,9,19,18,0,3,40,112.0,527.9200714708825
2026-09-22 09:10:26,15,23,21,0,2,46,125.0,606.2684502137573
2026-09-22 09:10:37,16,23,16,0,1,40,114.0,537.3472156042911
2026-09-22 09:10:49,17,21,13,2,2,38,123.0,573.6180824739465
2026-09-22 09:11:01,12,17,11,2,2,32,105.0,472.1332939539804
2026-09-22 09:11:13,26,16,32,0,3,51,114.0,564.4417839182827
2026-09-22 09:11:25,13,21,13,0,6,40,133.0,626.905084871673
2026-09-22 09:11:37,23,10,21,2,2,35,87.0,398.76614764568154
2026-09-22 09:11:50,10,11,8,0,2,21,64.0,261.8267170149322
2026-09-22 09:12:02,13,3,17,0,1,21,35.0,143.18648586754105
2026-09-22 09:12:14,13,10,21,3,3,37,100.0,463.75861597263855
2026-09-22 09:12:26,9,17,14,3,4,38,127.0,592.2723290584651
2026-09-22 09:12:38,13,12,17,1,7,37,114.0,528.684822208808
2026-09-22 09:12:50,10,20,13,4,7,44,163.0,783.485985832562
2026-09-22 09:13:06,9,18,6,4,9,37,160.0,742.0137855562217
2026-09-22 09:13:14,14,18,18,0,4,40,114.0,537.3472156042911
2026-09-22 09:13:27,13,25,26,0,4,55,150.0,753.8027536102725
2026-09-22 09:13:39,14,15,17,0,2,34,89.0,405.42597747255775
2026-09-22 09:13:51,18,17,23,0,3,43,109.0,521.4766700970905
2026-09-22 09:14:03,19,17,24,2,4,47,130.0,633.2561314180258
2026-09-22 09:14:16,23,16,22,0,2,40,98.0,461.9300625370222
2026-09-22 09:14:30,11,17,11,0,6,34,115.0,523.8650270712825
2026-09-22 09:14:41,11,19,11,0,5,35,117.0,536.2717157993649
2026-09-22 09:14:53,12,15,12,2,0,29,86.0,378.5029748229454
2026-09-22 09:15:06,14,17,11,0,4,32,103.0,463.1402788310474
2026-09-22 09:15:18,18,19,17,0,2,38,105.0,489.6739728436129
2026-09-22 09:15:30,8,15,11,2,1,29,91.0,400.5089617312562
2026-09-22 09:15:42,0,17,0,0,4,21,92.0,376.3759057089651
2026-09-22 09:15:54,7,13,11,0,2,26,75.0,322.18776495032466
2026-09-22 09:16:06,11,10,17,4,1,32,91.0,409.18218809344967
2026-09-22 09:16:18,17,15,21,6,2,44,135.0,648.8994361189931
2026-09-22 09:16:31,13,28,13,4,3,48,171.0,836.5012709769172
2026-09-22 09:16:43,4,15,9,0,2,26,81.0,347.96278614635065
2026-09-22 09:16:55,11,18,8,0,1,27,86.0,372.56958787506755
2026-09-22 09:17:07,19,20,32,0,3,55,130.0,653.2957197955694
2026-09-22 09:17:19,14,14,22,0,2,38,90.0,419.72054815166814
2026-09-22 09:17:32,13,25,14,3,6,48,171.0,836.5012709769172
2026-09-22 09:17:45,10,28,9,2,6,45,171.0,825.6976787996352
2026-09-22 09:17:57,6,27,7,3,16,53,232.0,1157.4442988029116
2026-09-22 09:18:08,7,27,4,1,14,46,203.0,984.5799631471418
2026-09-22 09:18:20,14,21,13,0,8,42,145.0,690.3740167755665
2026-09-22 09:18:32,7,29,2,2,6,39,168.0,787.7317482911412
2026-09-22 09:18:44,18,30,14,1,7,52,183.0,909.5634201800384
2026-09-22 09:18:56,13,20,13,0,4,37,117.0,542.5975806879871
2026-09-22 09:19:08,17,13,14,0,7,34,108.0,491.9775906408566
2026-09-22 09:19:21,12,11,12,1,4,28,87.0,379.9547372088233
2026-09-22 09:19:32,5,15,2,0,2,19,74.0,295.68418824299533
2026-09-22 09:19:45,17,11,34,1,4,50,109.0,537.5689939669516
2026-09-22 09:19:57,16,18,19,7,1,45,146.0,704.9816438874079
2026-09-22 09:20:09,13,19,12,3,1,35,115.0,527.1046779224527
2026-09-22 09:20:21,16,23,21,3,0,47,134.0,652.7409354616574
2026-09-22 09:20:33,6,24,5,0,2,31,113.0,504.62815701636913
2026-09-22 09:20:46,21,15,28,0,3,46,106.0,514.1156457812662
2026-09-22 09:20:57,12,21,37,0,1,59,127.0,646.9817594022068
2026-09-22 09:21:09,17,19,16,0,4,39,116.0,543.9100166772165
2026-09-22 09:21:23,24,13,19,0,0,32,71.0,319.25203686412004
2026-09-22 09:21:35,18,16,15,2,2,35,105.0,481.26948853789156
2026-09-22 09:21:49,18,19,21,4,5,49,155.0,761.3635658413627
2026-09-22 09:22:01,15,15,14,2,2,33,100.0,452.63605246161615
2026-09-22 09:22:12,17,23,12,0,3,38,122.0,568.9545208278169
2026-09-22 09:22:24,15,18,9,3,3,33,120.0,543.1632629539394
2026-09-22 09:22:36,15,26,11,1,3,41,140.0,663.2737465596715
2026-09-22 09:22:48,13,18,13,0,6,37,121.0,561.1479253268926
2026-09-22 09:23:00,17,14,13,1,1,29,82.0,360.8981852962968
2026-09-22 09:23:12,8,12,7,1,0,20,62.0,250.76039113885219
2026-09-22 09:23:24,3,7,6,0,3,16,52.0,199.32709389092324
2026-09-22 09:23:38,19,6,33,1,3,43,82.0,392.30354998129746
2026-09-22 09:23:50,12,13,21,3,3,40,112.0,527.9200714708825
2026-09-22 09:24:03,12,11,21,0,1,33,71.0,321.37159724774745
2026-09-22 09:24:15,5,19,13,2,1,35,109.0,499.603564291716
2026-09-22 09:24:27,16,11,23,1,1,36,80.0,368.87343301153794
2026-09-22 09:24:39,16,16,24,0,4,44,112.0,538.3461988542758
2026-09-22 09:24:51,7,26,3,2,3,34,139.0,633.1933805470284
2026-09-22 09:25:03,14,17,12,0,9,38,134.0,624.9172605813726
2026-09-22 09:25:15,16,21,17,1,5,44,138.0,663.3194235883041
2026-09-22 09:25:28,7,27,5,0,7,39,155.0,726.77631538766
2026-09-22 09:25:39,16,23,13,3,1,40,132.0,622.1915128049686
2026-09-22 09:25:51,19,20,20,0,3,43,118.0,564.5343768023548
2026-09-22 09:26:04,19,19,27,0,2,48,115.0,562.5593342827221
2026-09-22 09:26:16,12,22,14,0,3,39,120.0,562.6655344936723
2026-09-22 09:26:28,10,28,9,0,5,42,151.0,718.9412174697278
2026-09-22 09:26:40,11,15,9,0,2,26,81.0,347.96278614635065
2026-09-22 09:26:52,5,13,5,0,1,19,63.0,251.73113323390143
2026-09-22 09:27:04,3,12,1,0,1,14,55.0,203.94276106062156
2026-09-22 09:27:16,23,7,29,4,0,40,85.0,400.6536256698662
2026-09-22 09:27:28,13,14,20,1,4,39,107.0,501.71010159019113
2026-09-22 09:27:41,6,16,15,2,3,36,111.0,511.81188830350885
2026-09-22 09:27:53,14,19,20,0,4,43,120.0,574.1027560701914
2026-09-22 09:28:05,14,21,11,1,3,36,120.0,553.3101495173069
2026-09-22 09:28:17,11,24,16,0,3,43,130.0,621.944652409374
2026-09-22 09:28:29,12,22,10,3,9,44,173.0,831.5526107302653
2026-09-22 09:28:41,12,25,10,1,5,41,147.0,696.4374338876551
2026-09-22 09:28:53,18,21,18,4,0,43,130.0,621.944652409374
2026-09-22 09:29:06,7,25,11,0,2,38,123.0,573.6180824739465
2026-09-22 09:29:18,5,31,4,0,2,37,140.0,649.262062361694
2026-09-22 09:29:30,3,20,1,1,12,34,160.0,728.855689838306
2026-09-22 09:29:42,14,21,12,0,6,39,132.0,618.9320879430395
2026-09-22 09:29:54,23,18,17,1,7,43,138.0,660.2181694807201
2026-09-22 09:30:09,17,21,20,1,2,44,123.0,591.2194862417493
2026-09-22 09:30:19,18,15,12,2,3,32,104.0,467.6367863925139
2026-09-22 09:30:30,16,12,22,0,3,37,88.0,408.10758205592197
2026-09-22 09:30:43,1,21,1,0,5,27,115.0,498.20351867014847
2026-09-22 09:30:55,8,11,6,1,1,19,63.0,251.73113323390143
2026-09-22 09:31:07,16,13,24,2,1,40,96.0,452.50291840361353
2026-09-22 09:31:21,12,12,8,4,2,26,96.0,412.4003391364156
2026-09-22 09:31:33,6,11,3,4,3,21,93.0,380.4669481623234
2026-09-22 09:31:45,5,15,4,14,2,35,174.0,797.5322952913631
2026-09-22 09:31:57,9,16,16,7,2,41,141.0,668.0114161779549
2026-09-22 09:32:09,17,13,20,3,8,44,141.0,677.739411057615
2026-09-22 09:32:21,17,25,13,8,5,51,199.0,985.297499997704
2026-09-22 09:32:34,13,25,13,7,11,56,228.0,1149.8156890662774
2026-09-22 09:32:46,12,24,12,0,7,43,150.0,717.6284450877392
2026-09-22 09:32:58,7,24,7,1,14,46,194.0,940.9286347317513
2026-09-22 09:33:10,10,35,5,5,9,54,234.0,1171.7159653443982
2026-09-22 09:33:22,5,33,5,0,5,43,167.0,798.9596688643496
2026-09-22 09:33:34,13,22,7,0,7,36,137.0,631.6957540322587
2026-09-22 09:33:46,15,22,13,0,4,39,125.0,586.109931764242
2026-09-22 09:33:58,11,25,10,1,6,42,153.0,728.463617701115
2026-09-22 09:34:10,15,25,16,0,4,45,140.0,676.0097955084733
2026-09-22 09:34:22,10,22,8,0,1,31,102.0,455.50506208557215
2026-09-22 09:34:35,4,16,0,0,0,16,64.0,245.32565401959783
2026-09-22 09:34:47,13,8,18,1,2,29,69.0,303.68261933468875
2026-09-22 09:34:59,21,10,23,4,0,37,91.0,422.02034053510107
2026-09-22 09:35:11,12,12,12,4,4,32,112.0,503.60884688424574
2026-09-22 09:35:23,16,16,19,2,4,41,121.0,573.2580238122875
2026-09-22 09:35:36,8,19,9,4,3,35,131.0,600.4409809377504
2026-09-22 09:35:50,12,8,36,3,1,48,95.0,464.72292832050954
2026-09-22 09:36:00,20,15,32,1,5,53,129.0,643.5789420067914
2026-09-22 09:36:12,21,19,20,1,4,44,127.0,610.4461362008306
2026-09-22 09:36:24,10,23,12,0,2,37,116.0,537.9599945282607
2026-09-22 09:36:36,8,29,7,1,10,47,190.0,925.5281920724992
2026-09-22 09:36:48,10,32,5,0,7,44,175.0,841.1659357098059
2026-09-22 09:37:00,15,14,16,1,7,38,121.0,564.2909591816872
2026-09-22 09:37:12,14,23,5,0,11,39,163.0,764.2873510205716
2026-09-22 09:37:24,11,26,5,0,4,35,133.0,609.6080188146626
2026-09-22 09:37:36,8,19,10,0,9,38,140.0,652.8986304581505
2026-09-22 09:37:48,15,12,8,0,6,26,92.0,395.2169916723983
2026-09-22 09:38:01,7,18,7,2,4,31,117.0,522.491100627568
2026-09-22 09:38:13,1,17,0,0,1,18,74.0,291.88848445831655
2026-09-22 09:38:25,8,22,2,0,1,25,96.0,408.77726765006224
2026-09-22 09:38:37,17,15,21,1,2,39,100.0,468.88794541139356
2026-09-22 09:38:49,8,12,12,3,3,30,99.0,438.9647332440295
2026-09-22 09:39:01,14,14,17,1,2,34,92.0,419.092021657026
2026-09-22 09:39:14,5,16,11,0,1,28,81.0,353.7509622289044
2026-09-22 09:39:26,15,17,30,2,3,52,130.0,646.1379487617759
2026-09-22 09:39:38,12,12,11,2,3,28,91.0,397.4239205287692
2026-09-22 09:39:50,20,12,15,3,1,31,90.0,401.91623125197543
2026-09-22 09:40:02,6,14,6,1,7,28,111.0,484.7698371284987
2026-09-22 09:40:15,17,17,20,0,3,40,106.0,499.63863907065667
2026-09-22 09:40:26,14,18,13,0,3,34,103.0,469.20085033340956
2026-09-22 09:40:38,8,22,9,0,5,36,127.0,585.5865749058164
2026-09-22 09:40:50,10,19,15,0,2,36,103.0,474.92454500235505
2026-09-22 09:41:03,14,13,16,2,3,34,100.0,455.5348061489413
2026-09-22 09:41:15,19,19,19,0,6,44,131.0,629.6727861599119
2026-09-22 09:41:27,13,19,16,2,2,39,118.0,553.2877755854445
2026-09-22 09:41:39,18,11,18,1,4,34,93.0,423.6473697185154
2026-09-22 09:41:51,8,14,10,0,3,27,84.0,363.9051788547172
2026-09-22 09:42:03,12,19,11,0,1,31,93.0,415.3134389603746
2026-09-22 09:42:15,0,9,1,0,0,10,37.0,125.72212509353972
2026-09-22 09:42:28,17,11,21,0,0,32,65.0,292.2729914953212
2026-09-22 09:42:40,19,18,18,6,3,45,150.0,724.2962094733642
2026-09-22 09:42:52,21,21,13,9,3,46,178.0,863.3262731043905
2026-09-22 09:43:04,20,20,20,4,2,46,140.0,679.0206642394082
2026-09-22 09:43:18,8,22,5,3,3,33,132.0,597.4795892493333
2026-09-22 09:43:30,21,18,26,3,0,47,119.0,579.672920298039
2026-09-22 09:43:42,17,15,20,1,10,46,147.0,712.9716974513786
2026-09-22 09:43:54,14,19,14,0,6,39,126.0,590.7988112183559
2026-09-22 09:44:06,18,17,21,2,6,46,139.0,674.1705166376981
2026-09-22 09:44:18,23,15,21,0,6,42,117.0,557.0604135361467
2026-09-22 09:44:30,20,15,16,2,6,39,126.0,590.7988112183559
2026-09-22 09:44:43,19,21,17,2,5,45,145.0,700.1530024909188
2026-09-22 09:44:55,17,22,18,1,5,46,143.0,693.5711070445384
2026-09-22 09:45:07,12,17,18,0,7,42,128.0,609.4336148087759
2026-09-22 09:45:19,7,29,7,0,5,41,153.0,724.8634515973553
2026-09-22 09:45:31,18,10,19,0,5,34,89.0,405.42597747255775
2026-09-22 09:45:43,14,8,14,0,3,25,64.0,272.5181784333748
2026-09-22 09:45:55,4,7,0,1,4,12,59.0,210.33201209023068
2026-09-22 09:46:07,7,8,7,1,4,20,70.0,283.11657064063957
2026-09-22 09:46:20,12,21,17,0,4,42,125.0,595.1500144616953
2026-09-22 09:46:32,15,17,14,2,7,40,138.0,650.4729452051945
2026-09-22 09:46:44,3,20,8,3,7,38,151.0,704.1978085655766
2026-09-22 09:46:56,3,20,10,2,5,37,134.0,621.4365454033357
2026-09-22 09:47:08,3,20,9,4,3,36,135.0,622.4739182069702
2026-09-22 09:47:20,11,22,20,0,6,48,144.0,704.4221229279303
2026-09-22 09:47:33,11,12,20,0,8,40,116.0,546.7743597376997
2026-09-22 09:47:45,11,14,10,0,8,32,114.0,512.6018620071787
2026-09-22 09:47:57,17,11,23,0,10,44,127.0,610.4461362008306
2026-09-22 09:48:09,18,12,20,0,11,43,134.0,641.0814109450471
2026-09-22 09:48:21,4,19,4,0,15,38,170.0,792.8054798420399
2026-09-22 09:48:33,11,18,8,0,4,30,104.0,461.1346692664552
2026-09-22 09:48:45,14,14,15,1,5,35,108.0,495.0200453532599
2026-09-22 09:48:57,12,19,7,1,7,34,132.0,601.3059441166025
2026-09-22 09:49:10,15,15,13,0,5,33,103.0,466.21513403546464
2026-09-22 09:49:21,11,7,11,2,6,26,89.0,382.3294810743853
2026-09-22 09:49:34,10,4,11,0,2,17,39.0,151.72449855795043
2026-09-22 09:49:46,2,7,1,0,3,11,47.0,163.79061254003602
2026-09-22 09:49:58,16,7,26,1,3,37,79.0,366.3693066183845
2026-09-22 09:50:10,18,14,19,4,1,38,109.0,508.32821942813143
2026-09-22 09:50:23,14,12,11,5,1,29,100.0,440.1197381662156
2026-09-22 09:50:34,12,11,11,5,4,31,114.0,509.09389291916887
2026-09-22 09:50:46,4,15,4,6,6,31,142.0,634.1344981975612
2026-09-22 09:50:58,16,18,21,3,2,44,126.0,605.6394737110603
2026-09-22 09:51:11,19,24,16,3,6,49,169.0,830.1318879173567
2026-09-22 09:51:23,15,22,12,2,5,41,144.0,682.224425032805
2026-09-22 09:51:35,17,18,11,1,14,44,174.0,836.3592732200356
2026-09-22 09:51:47,17,17,21,1,7,46,138.0,669.320369035988
2026-09-22 09:52:00,15,28,13,0,7,48,167.0,816.9339897844746
2026-09-22 09:52:11,12,26,13,1,7,47,166.0,808.6193678107098
2026-09-22 09:52:23,13,20,22,0,10,52,162.0,805.1872899954438
2026-09-22 09:52:35,18,22,13,2,14,51,199.0,985.297499997704
2026-09-22 09:52:48,19,26,15,0,3,44,137.0,658.5127610985338
2026-09-22 09:53:00,15,19,10,0,4,33,110.0,497.89965770777775
2026-09-22 09:53:12,11,19,13,1,3,36,114.0,525.6446420414416
2026-09-22 09:53:24,7,18,7,0,2,27,91.0,394.2306104259436
2026-09-22 09:53:36,6,13,7,1,2,23,78.0,325.8881987671397
2026-09-22 09:53:48,18,12,29,1,1,43,90.0,430.57706705264354
2026-09-22 09:54:00,3,18,7,3,4,32,124.0,557.5669376218435
2026-09-22 09:54:12,16,17,20,1,4,42,119.0,566.5828137675338
2026-09-22 09:54:25,4,29,4,2,2,37,146.0,677.0875793200523
2026-09-22 09:54:37,12,21,10,1,1,33,107.0,484.3205761339293
2026-09-22 09:54:49,15,21,26,0,4,51,134.0,663.4666582899113
2026-09-22 09:55:01,16,12,13,1,11,37,134.0,621.4365454033357
2026-09-22 09:55:13,18,18,13,0,4,35,109.0,499.603564291716
2026-09-22 09:55:25,16,27,12,0,5,44,150.0,720.9993734655479
2026-09-22 09:55:37,21,22,19,0,7,48,149.0,728.8812244184834
2026-09-22 09:55:50,15,23,17,2,4,46,147.0,712.9716974513786
2026-09-22 09:56:02,15,23,23,1,7,54,164.0,821.2026423781252
2026-09-22 09:56:13,13,22,13,2,6,43,151.0,722.4126347216575
2026-09-22 09:56:26,14,18,10,1,11,40,155.0,730.6036703391677
2026-09-22 09:56:38,20,15,26,0,8,49,134.0,658.2110827273716
2026-09-22 09:56:51,15,16,17,2,4,39,119.0,557.9766550395584
2026-09-22 09:57:02,20,12,21,1,4,38,100.0,466.3561646129646
2026-09-22 09:57:14,6,9,6,1,6,22,85.0,351.5170083539777
2026-09-22 09:57:26,24,13,33,1,2,49,104.0,510.8503925645272
2026-09-22 09:57:38,16,16,18,2,6,42,132.0,628.4784152715501
2026-09-22 09:57:51,13,17,16,1,4,38,115.0,536.3095893049093
2026-09-22 09:58:03,19,15,17,3,5,40,128.0,603.3372245381514
2026-09-22 09:58:15,8,23,3,2,7,35,151.0,692.1113597068726
2026-09-22 09:58:27,19,10,31,1,6,48,114.0,557.6675139846114
2026-09-22 09:58:39,18,15,26,0,4,45,110.0,531.1505536138004
2026-09-22 09:58:51,13,13,10,1,5,29,99.0,435.71854078455345
2026-09-22 09:59:04,6,26,4,0,5,35,138.0,632.5256135069432
2026-09-22 09:59:15,21,14,17,1,9,41,134.0,634.8477288499713
2026-09-22 09:59:28,13,13,23,1,4,41,106.0,502.192979538037
2026-09-22 09:59:40,20,17,18,0,3,38,104.0,485.0104111974832
2026-09-22 09:59:52,17,16,14,0,5,35,108.0,495.0200453532599
2026-09-22 10:00:04,9,14,7,0,6,27,99.0,428.88824650734523
2026-09-22 10:00:17,9,12,8,0,5,25,86.0,366.1963022698474
2026-09-22 10:00:28,15,10,19,0,4,33,83.0,375.68792354314144
2026-09-22 10:00:40,14,15,15,1,3,34,100.0,455.5348061489413
2026-09-22 10:00:52,2,19,3,0,3,25,97.0,413.03536418808375
2026-09-22 10:01:05,8,9,8,2,1,20,64.0,258.84943601429904
2026-09-22 10:01:17,22,5,22,5,6,38,113.0,526.98246601265
2026-09-22 10:01:29,14,11,16,1,2,30,79.0,350.2849891543266
2026-09-22 10:01:41,10,13,8,1,2,24,79.0,333.2911901645879
2026-09-22 10:01:55,16,16,24,1,3,44,113.0,543.1528613440461
2026-09-22 10:02:07,14,21,17,2,1,41,121.0,573.2580238122875
2026-09-22 10:02:19,22,18,24,0,8,50,144.0,710.182891112303
2026-09-22 10:02:31,11,22,18,1,3,44,131.0,629.6727861599119
2026-09-22 10:02:43,9,22,11,0,2,35,111.0,508.7706021686282
2026-09-22 10:02:55,15,17,15,0,12,44,155.0,745.0326859143995
2026-09-22 10:03:08,15,22,13,1,3,39,126.0,590.7988112183559
2026-09-22 10:03:20,7,25,4,1,11,41,177.0,838.5675224361561
2026-09-22 10:03:32,20,22,25,0,6,53,149.0,743.3586229380769
2026-09-22 10:03:44,13,19,13,1,3,36,114.0,525.6446420414416
2026-09-22 10:03:58,15,16,16,0,3,35,98.0,449.1848559686988
2026-09-22 10:04:08,11,25,8,0,6,39,144.0,675.1986413924068
2026-09-22 10:04:20,9,16,15,0,3,34,97.0,441.8687619644731
2026-09-22 10:04:33,19,8,18,0,3,29,68.0,299.2814219530266
2026-09-22 10:04:44,11,11,9,0,3,23,71.0,296.64182195470414
2026-09-22 10:04:56,14,7,17,0,1,25,51.0,217.16292343909558
2026-09-22 10:05:09,9,13,13,3,2,31,98.0,437.64211847437326
2026-09-22 10:05:21,20,14,24,2,8,48,142.0,694.638482331709
2026-09-22 10:05:34,9,19,10,3,8,40,155.0,730.6036703391677
2026-09-22 10:05:45,5,15,5,3,3,26,104.0,446.76703406445023
2026-09-22 10:05:57,8,14,10,1,3,28,91.0,397.4239205287692
2026-09-22 10:06:09,19,14,19,0,3,36,93.0,428.81536587591285
2026-09-22 10:06:21,10,18,10,0,3,31,100.0,446.5735902799727
2026-09-22 10:06:33,15,20,12,0,4,36,116.0,534.86647786673
2026-09-22 10:06:46,14,13,17,1,5,36,106.0,488.75729874028775
2026-09-22 10:06:58,14,17,11,0,2,30,91.0,403.4928356081483
2026-09-22 10:07:10,15,17,16,3,5,41,135.0,639.5853984682547
2026-09-22 10:07:22,4,23,5,0,4,32,121.0,544.077414937444
2026-09-22 10:07:34,10,16,9,2,2,29,99.0,435.71854078455345
2026-09-22 10:07:46,13,16,16,0,0,32,80.0,359.7206049173184
2026-09-22 10:07:58,14,19,11,0,3,33,105.0,475.267855084697
2026-09-22 10:08:11,12,11,12,0,2,25,68.0,289.55056458546073
2026-09-22 10:08:23,4,13,4,1,4,22,87.0,359.787996785836
2026-09-22 10:08:35,1,13,0,1,3,17,77.0,299.5586253580047
2026-09-22 10:08:48,17,10,31,2,2,45,97.0,468.37821545944223
2026-09-22 10:08:59,17,15,21,2,1,39,101.0,473.5768248655075
2026-09-22 10:09:11,3,18,5,0,0,23,77.0,321.7101449367918
2026-09-22 10:09:23,14,17,20,1,5,43,125.0,598.0237042397827
2026-09-22 10:09:35,13,21,17,0,2,40,113.0,532.6336435375867
2026-09-22 10:09:47,8,22,6,0,1,29,100.0,440.1197381662156
2026-09-22 10:10:00,27,10,28,0,10,48,128.0,626.1529981581602
2026-09-22 10:10:12,11,19,10,3,5,37,137.0,635.3493038825148
2026-09-22 10:10:24,9,20,8,0,4,32,112.0,503.60884688424574
2026-09-22 10:10:36,12,14,19,2,11,46,155.0,751.772878265059
2026-09-22 10:10:48,9,11,9,4,4,28,105.0,458.5660621485798
2026-09-22 10:11:00,10,23,12,0,5,40,134.0,631.6186569383773
2026-09-22 10:11:12,15,15,20,0,4,39,104.0,487.64346322784934
2026-09-22 10:11:24,12,19,15,0,4,38,115.0,536.3095893049093
2026-09-22 10:11:37,17,15,18,0,4,37,102.0,473.03378829209134
2026-09-22 10:11:49,13,14,12,0,2,28,80.0,349.38366639891797
2026-09-22 10:12:01,14,13,17,0,6,36,105.0,484.1463808276435
2026-09-22 10:12:13,6,14,9,0,3,26,83.0,356.5544598783593
2026-09-22 10:12:25,4,2,0,1,2,5,27.0,75.37750566915749
2026-09-22 10:12:37,17,3,28,0,2,33,52.0,235.3707472800404
2026-09-22 10:12:51,16,8,22,6,1,37,102.0,473.03378829209134
2026-09-22 10:13:03,17,16,22,5,3,46,139.0,674.1705166376981
2026-09-22 10:13:15,7,20,4,3,4,31,129.0,576.0799314611647
2026-09-22 10:13:27,11,17,14,1,2,34,101.0,460.09015421043074
2026-09-22 10:13:39,11,18,25,2,6,51,147.0,727.8328266314697
2026-09-22 10:13:51,12,18,9,0,9,36,135.0,622.4739182069702
2026-09-22 10:14:04,16,10,14,0,9,33,108.0,488.8469366585455
2026-09-22 10:14:16,15,18,21,2,7,48,149.0,728.8812244184834
2026-09-22 10:14:28,18,20,21,3,6,50,158.0,779.2284499704435
2026-09-22 10:14:42,12,23,13,0,5,41,135.0,639.5853984682547
2026-09-22 10:14:54,17,14,16,0,2,32,84.0,377.7066351631843
2026-09-22 10:15:06,20,6,16,1,1,24,53.0,223.60041871801465
2026-09-22 10:15:19,16,14,9,0,4,27,89.0,385.5662014055932
2026-09-22 10:15:30,11,10,11,0,9,30,105.0,465.56865647094037
2026-09-22 10:15:43,13,16,11,0,2,29,87.0,382.90417220460756
2026-09-22 10:15:55,11,13,12,0,5,30,94.0,416.79479722160374
2026-09-22 10:16:07,6,10,8,1,6,25,91.0,387.48678495995483
2026-09-22 10:16:19,12,7,20,0,3,30,66.0,292.64315549601963
2026-09-22 10:16:31,14,16,10,1,3,30,99.0,438.9647332440295
2026-09-22 10:16:43,7,24,6,3,2,35,135.0,618.7750566915748
2026-09-22 10:16:55,23,20,18,0,2,40,110.0,518.4929273374739
2026-09-22 10:17:07,14,16,19,0,2,37,95.0,440.57068517400666
2026-09-22 10:17:19,7,24,7,1,0,32,110.0,494.6158317613128
2026-09-22 10:17:32,17,13,26,0,8,47,126.0,613.7713273743942
2026-09-22 10:17:44,11,15,11,2,6,34,121.0,551.197115440219
2026-09-22 10:17:56,14,18,14,0,4,36,110.0,507.20097039086465
2026-09-22 10:18:08,18,14,25,0,2,41,93.0,440.6032745003532
2026-09-22 10:18:20,12,19,13,1,5,38,126.0,587.6087674123354
2026-09-22 10:18:32,9,18,9,1,7,35,130.0,595.8574619992943
2026-09-22 10:18:44,9,21,13,0,6,40,133.0,626.905084871673
2026-09-22 10:18:56,17,10,24,1,5,40,101.0,476.07077873713513
2026-09-22 10:19:09,9,14,10,0,3,27,84.0,363.9051788547172
2026-09-22 10:19:21,13,21,11,0,4,36,119.0,548.6992316046626
2026-09-22 10:19:33,9,17,7,0,14,38,159.0,741.5063017346138
2026-09-22 10:19:45,1,12,0,0,7,19,90.0,359.6159046198592
2026-09-22 10:19:57,15,6,11,0,1,18,41.0,161.72199814582405
2026-09-22 10:20:09,18,5,22,6,2,35,96.0,440.0178180917866
2026-09-22 10:20:21,7,19,10,3,6,38,143.0,666.8893153965395
2026-09-22 10:20:34,5,14,9,2,4,29,103.0,453.3233303112021
2026-09-22 10:22:50,15,24,13,1,8,46,164.0,795.4242066804496
2026-09-22 10:22:59,10,18,15,1,13,47,172.0,837.8465738761572
2026-09-22 10:23:13,12,21,11,0,8,40,143.0,674.0408055387161
2026-09-22 10:23:55,16,16,18,1,3,38,107.0,499.00109613587216
2026-09-22 10:24:00,10,17,11,2,9,39,147.0,689.2652797547486
2026-09-22 10:24:11,11,18,15,2,8,43,149.0,712.844255453821
2026-09-22 10:24:24,14,21,13,2,7,43,153.0,731.981013989494
2026-09-22 10:24:37,6,19,13,2,4,38,127.0,592.2723290584651
2026-09-22 10:24:49,19,21,12,3,10,46,177.0,858.4761255026804
2026-09-22 10:25:00,17,25,22,3,7,57,185.0,936.1819569510875
2026-09-22 10:25:12,10,21,8,0,11,40,158.0,744.7443865392806
2026-09-22 10:25:24,15,18,18,2,12,50,176.0,868.0013113594814
2026-09-22 10:25:37,14,17,18,2,5,42,130.0,618.956015040163
2026-09-22 10:25:50,11,21,10,0,18,49,202.0,992.2286470964856
2026-09-22 10:26:01,6,16,6,0,10,32,130.0,584.5459829906424
2026-09-22 10:26:13,15,19,14,0,5,38,120.0,559.6273975355575
2026-09-22 10:26:25,4,25,5,0,5,35,135.0,618.7750566915748
2026-09-22 10:26:37,7,13,8,2,9,32,128.0,575.5529678677094
2026-09-22 10:26:49,10,14,11,0,11,36,133.0,613.2520823816818
2026-09-22 10:27:01,19,16,12,0,11,39,142.0,665.8208824841789
2026-09-22 10:27:13,8,15,11,0,4,30,95.0,421.2287844260889
2026-09-22 10:27:26,3,13,3,0,1,17,61.0,237.31267723166604
2026-09-22 10:27:43,21,11,29,1,3,44,98.0,471.05292399749135
2026-09-22 10:27:50,19,16,22,2,5,45,130.0,627.7233815435824
2026-09-22 10:28:02,12,12,20,3,5,40,119.0,560.9150759378126
2026-09-22 10:28:15,7,15,5,2,9,31,133.0,593.9428750723637
2026-09-22 10:28:26,5,17,5,3,5,30,124.0,549.8144133561582
2026-09-22 10:28:38,19,12,29,2,5,48,121.0,591.9102560713859
2026-09-22 10:28:50,16,22,21,0,4,47,133.0,647.8697344507494
2026-09-22 10:29:03,19,21,12,0,10,43,156.0,746.3335828912487
2026-09-22 10:29:15,17,18,10,0,8,36,130.0,599.419328643749
2026-09-22 10:29:27,8,18,9,1,16,44,184.0,884.4258981177388
2026-09-22 10:29:39,18,12,14,1,14,41,153.0,724.8634515973553
2026-09-22 10:29:51,10,19,9,0,7,35,127.0,582.106905183926
2026-09-22 10:30:03,4,26,3,0,7,36,149.0,687.0267689839893
2026-09-22 10:30:16,6,20,6,1,10,37,153.0,709.550682438137
2026-09-22 10:30:27,10,20,10,0,10,40,150.0,707.0358100056462
2026-09-22 10:30:40,11,20,9,1,11,41,162.0,767.5024781619056
2026-09-22 10:30:52,6,14,6,0,7,27,104.0,450.5492690582212
2026-09-22 10:31:04,6,9,2,0,5,16,68.0,260.6585073958227
2026-09-22 10:31:53,6,13,7,0,6,26,95.0,408.1045022704113
2026-09-22 10:32:04,25,17,26,0,1,44,100.0,480.66624897703196
2026-09-22 10:32:16,16,16,17,1,2,36,100.0,461.0917912644224
2026-09-22 10:32:29,8,16,9,2,2,29,99.0,435.71854078455345
2026-09-22 10:32:42,16,10,30,3,3,46,109.0,528.6660885863963
2026-09-22 10:32:53,11,7,18,1,10,36,113.0,521.0337241287973
2026-09-22 10:33:05,11,29,11,1,5,46,164.0,795.4242066804496
2026-09-22 10:33:19,8,16,14,3,6,39,135.0,632.9987263053813
2026-09-22 10:33:32,34,14,30,2,2,48,112.0,547.8838733883902
2026-09-22 10:33:45,16,23,19,3,7,52,174.0,864.8307929580693
2026-09-22 10:33:56,19,22,17,2,6,47,155.0,755.036156690723
2026-09-22 10:34:08,9,17,5,3,7,32,136.0,611.5250283594412
2026-09-22 10:34:21,10,17,12,2,14,45,178.0,859.4981685750589
2026-09-22 10:34:33,8,14,9,2,6,31,115.0,513.5596288219687
2026-09-22 10:34:45,5,18,4,2,3,27,108.0,467.87808709892204
2026-09-22 10:34:57,10,12,9,1,3,25,82.0,349.1639161177615
2026-09-22 10:35:09,6,8,6,2,3,19,70.0,279.70125914877934
2026-09-22 10:35:22,0,21,0,1,1,23,97.0,405.2712215437507
2026-09-22 10:35:35,16,6,25,1,6,38,92.0,429.04767144392747
2026-09-22 10:35:47,22,8,21,3,0,32,74.0,332.7415595485195
2026-09-22 10:35:59,8,20,15,2,4,41,133.0,630.110059231688
2026-09-22 10:36:12,1,16,10,2,4,32,112.0,503.60884688424574
2026-09-22 10:36:24,10,14,16,3,3,36,111.0,511.81188830350885
2026-09-22 10:36:36,7,23,8,1,2,34,119.0,542.0864193172401
2026-09-22 10:36:48,7,25,2,1,5,33,139.0,629.1641129216465
2026-09-22 10:37:00,16,13,37,0,2,52,101.0,501.9994832687644
2026-09-22 10:37:12,23,17,16,4,4,41,136.0,644.323068086538
2026-09-22 10:37:24,17,22,15,2,3,42,135.0,642.7620156186308
2026-09-22 10:37:37,11,22,12,1,6,41,143.0,677.4867554145217
2026-09-22 10:37:49,14,18,12,3,13,46,183.0,887.5770111129407
2026-09-22 10:38:01,14,25,11,1,13,50,196.0,966.6378240139679
2026-09-22 10:38:13,13,20,9,1,13,43,174.0,832.4489963017775
2026-09-22 10:38:25,20,14,15,0,4,33,95.0,430.0042498385354
2026-09-22 10:38:39,8,10,15,2,9,36,123.0,567.1429032552395
2026-09-22 10:38:51,17,12,18,2,8,40,128.0,603.3372245381514
2026-09-22 10:39:06,8,24,8,0,9,41,158.0,748.5517996887721
2026-09-22 10:39:15,7,15,5,1,12,33,144.0,651.7959155447272
2026-09-22 10:39:25,8,16,11,1,3,31,100.0,446.5735902799727
2026-09-22 10:39:37,2,17,2,0,4,23,94.0,392.73706005270685
2026-09-22 10:39:51,13,14,13,1,2,30,88.0,390.1908739946929
2026-09-22 10:40:05,20,8,25,3,6,42,114.0,542.776813189066
2026-09-22 10:40:14,11,13,12,6,2,33,118.0,534.110541904707
2026-09-22 10:40:27,13,16,16,0,3,35,98.0,449.1848559686988
2026-09-22 10:40:38,11,17,9,5,7,38,154.0,718.1884935039656
2026-09-22 10:40:50,6,19,3,1,7,30,128.0,567.5503621740987
2026-09-22 10:41:02,15,23,15,3,3,44,146.0,701.7727235064667
2026-09-22 10:41:14,18,13,27,1,6,47,122.0,594.2865233307626
2026-09-22 10:41:28,16,15,18,3,7,43,141.0,674.5707383824748
2026-09-22 10:41:39,14,18,12,2,3,35,116.0,531.6881968609088
2026-09-22 10:41:51,14,13,19,0,5,37,101.0,468.396202132365
2026-09-22 10:42:04,16,7,11,1,3,22,64.0,264.6716298194656
2026-09-22 10:42:15,16,14,16,2,5,37,116.0,537.9599945282607
2026-09-22 10:42:29,5,19,12,0,3,34,106.0,482.86689451787777
2026-09-22 10:42:39,16,23,16,3,4,46,153.0,742.072583061639
2026-09-22 10:42:51,17,16,12,0,9,37,130.0,602.8862007644301
2026-09-22 10:43:03,14,14,12,1,8,35,123.0,563.7728294301015
2026-09-22 10:43:16,9,15,7,1,12,35,146.0,669.193765014592
2026-09-22 10:43:28,18,12,18,1,7,38,115.0,536.3095893049093
2026-09-22 10:43:40,8,8,6,0,1,15,44.0,165.99390377855036
2026-09-22 10:43:52,10,11,8,0,2,21,64.0,261.8267170149322
2026-09-22 10:44:04,9,7,4,0,2,13,44.0,160.11852250307138
2026-09-22 10:44:16,13,7,20,3,7,37,111.0,514.7720637296288
2026-09-22 10:44:28,9,13,13,3,5,34,116.0,528.4203751327719
2026-09-22 10:44:41,14,22,18,2,4,46,144.0,698.4212546462484
2026-09-22 10:44:53,16,18,16,2,3,39,120.0,562.6655344936723
2026-09-22 10:45:05,8,23,6,5,4,38,157.0,732.1791784423544
2026-09-22 10:45:17,11,16,18,6,4,44,148.0,711.3860484860073
2026-09-22 10:45:29,24,14,29,1,2,46,104.0,504.4153505778461
2026-09-22 10:45:44,20,20,27,1,3,51,132.0,653.5641708527484
2026-09-22 10:45:53,15,17,14,0,7,38,124.0,578.2816441200762
2026-09-22 10:46:05,15,13,13,1,8,35,120.0,550.0222726147332
2026-09-22 10:46:18,10,15,11,4,7,37,141.0,653.8996485214204
2026-09-22 10:46:30,16,16,15,0,8,39,127.0,595.4876906724699
2026-09-22 10:46:42,16,15,16,2,8,41,138.0,653.7984073231048
2026-09-22 10:46:54,16,17,15,1,7,40,132.0,622.1915128049686
2026-09-22 10:47:08,17,17,12,0,10,39,140.0,656.4431235759511
2026-09-22 10:47:19,18,14,19,0,5,38,105.0,489.6739728436129
2026-09-22 10:47:32,16,17,16,0,3,36,102.0,470.31362708971085
2026-09-22 10:47:44,3,21,2,0,5,28,116.0,506.60631627843105
2026-09-22 10:47:55,7,14,5,0,5,24,91.0,383.9177000630063
2026-09-22 10:48:08,2,9,2,1,1,13,51.0,185.59192381037818
2026-09-22 10:48:20,12,9,14,0,1,24,56.0,236.25704619261927
2026-09-22 10:48:31,17,5,21,2,3,31,73.0,325.9987209043801
2026-09-22 10:48:44,8,12,14,3,5,34,113.0,514.7543309483037
2026-09-22 10:48:55,9,14,11,2,4,31,105.0,468.90226979397136
2026-09-22 10:49:07,6,11,12,0,3,26,74.0,317.89192808432034
2026-09-22 10:49:19,13,15,19,0,4,38,103.0,480.34684955135356
2026-09-22 10:49:35,5,14,6,1,1,22,75.0,310.16206619468625
2026-09-22 10:49:44,20,7,33,3,5,48,112.0,547.8838733883902
2026-09-22 10:49:56,23,9,26,1,7,43,111.0,531.045049364927
2026-09-22 10:50:09,11,15,10,0,6,31,106.0,473.36800569677104
2026-09-22 10:50:20,8,15,9,2,3,29,101.0,444.52093554787774
2026-09-22 10:50:32,8,15,14,0,5,34,104.0,473.75619839489895
2026-09-22 10:50:44,13,11,18,0,10,39,122.0,572.0432934019002
2026-09-22 10:50:57,18,19,18,0,5,42,124.0,590.3888143460017
2026-09-22 10:51:09,14,13,12,0,5,30,94.0,416.79479722160374
2026-09-22 10:51:21,7,19,5,0,2,26,93.0,399.51282853840263
2026-09-22 10:51:34,11,14,16,2,8,40,134.0,631.6186569383773
2026-09-22 10:51:45,11,18,11,1,16,46,186.0,902.1274539180708
2026-09-22 10:51:57,13,5,6,1,9,21,87.0,355.9206934421735
2026-09-22 10:52:11,11,13,10,0,5,28,92.0,401.79121635875566
2026-09-22 10:52:21,6,10,4,0,5,19,74.0,295.68418824299533
2026-09-22 10:52:34,7,10,11,1,2,24,70.0,295.32130774077405
2026-09-22 10:52:45,16,12,14,4,4,34,114.0,519.3096790097931
2026-09-22 10:52:58,14,14,22,2,4,42,116.0,552.2992134204532
2026-09-22 10:53:13,6,14,14,2,3,33,102.0,461.6887735108485
2026-09-22 10:53:23,12,18,8,2,1,29,100.0,440.1197381662156
2026-09-22 10:53:36,10,22,9,1,3,35,122.0,559.1893104916454
2026-09-22 10:53:48,11,19,13,2,1,35,109.0,499.603564291716
2026-09-22 10:54:00,20,17,23,0,10,50,151.0,744.7056705413733
2026-09-22 10:54:12,17,15,21,1,11,48,154.0,753.3403259090366
2026-09-22 10:54:26,1,19,2,1,13,35,163.0,747.1135869683459
2026-09-22 10:54:38,12,9,14,0,10,33,110.0,497.89965770777775
2026-09-22 10:54:50,9,14,6,0,7,27,104.0,450.5492690582212
2026-09-22 10:55:05,11,9,8,0,8,25,92.0,391.74488149797634
2026-09-22 10:55:14,21,13,23,2,4,42,113.0,538.0156130733725
2026-09-22 10:55:26,6,11,10,3,3,27,93.0,402.895019446294
2026-09-22 10:55:39,18,13,16,0,5,34,98.0,446.4241100259625
2026-09-22 10:55:50,10,11,10,0,3,24,72.0,303.75905939051046
2026-09-22 10:56:05,12,10,11,1,4,26,82.0,352.258623012355
2026-09-22 10:56:15,7,11,6,0,6,23,86.0,359.3126294099233
2026-09-22 10:56:27,7,6,6,0,3,15,48.0,181.0842586675095
2026-09-22 10:56:39,0,11,0,1,1,13,57.0,207.42626778806974
2026-09-22 10:56:53,14,4,22,2,2,30,64.0,283.77518108704936
2026-09-22 10:57:06,17,12,20,3,1,36,95.0,438.0372017012013
2026-09-22 10:57:19,14,15,20,2,1,38,100.0,466.3561646129646
2026-09-22 10:57:29,10,13,21,1,6,41,116.0,549.5696757208707
2026-09-22 10:57:41,16,19,10,3,8,40,155.0,730.6036703391677
2026-09-22 10:57:53,12,24,8,1,4,37,135.0,626.0741315630621
2026-09-22 10:58:06,2,20,1,0,5,26,111.0,476.83789212648054
2026-09-22 10:58:19,24,16,10,2,7,35,130.0,595.8574619992943
2026-09-22 10:58:30,16,18,18,0,2,38,102.0,475.68328790522395
2026-09-22 10:58:42,6,22,5,0,3,30,111.0,492.17257969785123
2026-09-22 10:58:54,17,20,12,0,7,39,134.0,628.3098468512674
2026-09-22 10:59:06,17,17,16,1,8,42,139.0,661.8068160814051
2026-09-22 10:59:18,21,12,20,0,8,40,116.0,546.7743597376997
2026-09-22 10:59:32,18,17,16,3,7,43,147.0,703.2758761859844
2026-09-22 10:59:42,7,11,7,0,11,29,117.0,514.9400936544722
2026-09-22 10:59:55,19,11,20,1,9,41,125.0,592.2087022854209
2026-09-22 11:00:07,18,9,16,0,3,28,70.0,305.71070809905325
2026-09-22 11:00:19,14,11,13,0,1,25,63.0,268.2600818953533
2026-09-22 11:00:31,7,10,8,0,6,24,84.0,354.3855692889289
2026-09-22 11:00:43,5,10,3,0,3,16,61.0,233.82601398742918
2026-09-22 11:00:57,1,9,0,0,2,11,48.0,167.27551918982402
2026-09-22 11:01:07,15,5,30,2,5,42,94.0,447.55281087519484
2026-09-22 11:01:20,12,16,12,3,6,37,133.0,616.7989592436093
2026-09-22 11:01:31,10,13,10,4,8,35,138.0,632.5256135069432
2026-09-22 11:01:44,2,25,6,5,5,41,171.0,810.1415047264559
2026-09-22 11:01:57,6,15,8,4,3,30,114.0,505.47454131130667
2026-09-22 11:02:08,16,13,18,3,2,36,103.0,474.92454500235505
2026-09-22 11:02:22,5,19,9,1,2,31,104.0,464.4365338911716
2026-09-22 11:02:34,20,13,27,1,9,50,140.0,690.4555885814057
2026-09-22 11:02:46,4,18,5,3,7,33,140.0,633.6904734462627
2026-09-22 11:02:58,2,24,1,0,9,34,151.0,687.8575572849014
2026-09-22 11:03:11,16,18,13,0,14,45,169.0,816.040396006657
2026-09-22 11:03:22,13,19,15,1,8,43,146.0,698.4916865520662
2026-09-22 11:03:35,17,20,16,1,8,45,151.0,729.1248508698534
2026-09-22 11:03:50,6,28,5,0,10,43,177.0,846.8015652035323
2026-09-22 11:04:02,5,26,7,0,6,39,147.0,689.2652797547486
2026-09-22 11:04:14,6,20,10,0,5,35,120.0,550.0222726147332
2026-09-22 11:04:26,13,14,15,0,3,32,89.0,400.1891729705167
2026-09-22 11:04:38,19,15,19,0,2,36,91.0,419.5935300506244
2026-09-22 11:04:50,8,15,8,0,1,24,74.0,312.19681104024687
2026-09-22 11:05:02,3,12,2,0,2,16,62.0,237.6592273314854
2026-09-22 11:05:18,4,5,6,0,3,14,44.0,163.15420884849723
2026-09-22 11:05:27,18,7,31,2,2,42,85.0,404.7020098339528
2026-09-22 11:05:39,17,10,22,2,3,37,94.0,435.93309901428023
2026-09-22 11:05:51,11,17,19,3,2,41,120.0,568.5203541940042
2026-09-22 11:06:03,4,20,4,4,3,31,130.0,580.5456673639645
2026-09-22 11:06:15,6,21,12,3,5,41,147.0,696.4374338876551
2026-09-22 11:06:29,13,15,21,3,4,43,126.0,602.8078938737009
2026-09-22 11:06:40,14,13,21,2,1,37,93.0,431.29551285455386
2026-09-22 11:06:52,19,17,22,3,7,49,153.0,751.5395198305064
2026-09-22 11:07:04,10,22,9,0,8,39,145.0,679.8875208465207
2026-09-22 11:07:17,12,19,11,0,6,36,123.0,567.1429032552395
2026-09-22 11:07:29,17,22,11,0,7,40,141.0,664.6136614053074
2026-09-22 11:07:41,12,17,21,0,8,46,137.0,664.470221434278
2026-09-22 11:07:53,17,16,22,2,6,46,136.0,659.620073832568
2026-09-22 11:08:05,16,18,18,0,9,45,144.0,695.3243610944297
2026-09-22 11:08:17,14,16,12,1,7,36,125.0,576.364739080528
2026-09-22 11:08:29,9,13,10,1,10,34,129.0,587.6398999321343
2026-09-22 11:08:42,15,13,14,0,3,30,84.0,372.4549251767523
2026-09-22 11:08:54,10,12,12,0,4,28,84.0,366.85284971886387
2026-09-22 11:09:06,7,15,7,2,6,30,117.0,518.7765029247621
2026-09-22 11:09:18,2,8,1,0,3,12,51.0,181.8124172305384
2026-09-22 11:09:30,0,8,0,1,1,10,45.0,152.90528727592667
2026-09-22 11:09:42,25,3,27,3,5,38,90.0,419.72054815166814
2026-09-22 11:09:56,27,10,30,2,2,44,96.0,461.4395990179507
2026-09-22 11:10:10,8,23,4,1,3,31,121.0,540.354044238767
2026-09-22 11:10:22,14,15,21,0,2,38,93.0,433.7112330900571
2026-09-22 11:10:34,9,15,19,1,5,40,116.0,546.7743597376997
2026-09-22 11:10:46,10,19,10,0,4,33,110.0,497.89965770777775
2026-09-22 11:10:58,15,12,27,0,3,42,93.0,442.7916107595013
2026-09-22 11:11:12,8,25,13,0,4,42,137.0,652.284415850018
2026-09-22 11:11:24,9,25,9,1,7,42,158.0,752.2696182795828
2026-09-22 11:11:36,14,15,22,0,2,39,94.0,440.75466868671
2026-09-22 11:11:53,13,15,12,2,4,33,110.0,497.89965770777775
2026-09-22 11:12:00,16,12,10,1,11,34,131.0,596.7505960551131
2026-09-22 11:12:12,5,18,7,2,10,37,153.0,709.550682438137
2026-09-22 11:12:24,8,20,5,2,14,41,183.0,866.9935401458563
2026-09-22 11:12:37,7,15,10,1,10,36,137.0,631.6957540322587
2026-09-22 11:12:49,5,15,5,0,12,32,137.0,616.0215359209077
2026-09-22 11:13:01,16,8,16,0,7,31,90.0,401.91623125197543
2026-09-22 11:13:13,11,13,10,0,3,26,80.0,343.66694928034633
2026-09-22 11:13:25,6,14,2,0,7,23,100.0,417.80538303479454
2026-09-22 11:13:37,0,11,1,0,6,18,81.0,319.49955731248167
2026-09-22 11:13:49,14,18,14,0,1,33,92.0,416.4251682646869
2026-09-22 11:14:02,19,6,31,3,4,44,100.0,480.66624897703196
2026-09-22 11:14:15,11,16,12,4,4,36,128.0,590.1974928184607
2026-09-22 11:14:26,4,25,6,2,3,36,138.0,636.3066719449029
2026-09-22 11:14:38,4,21,10,2,6,39,144.0,675.1986413924068
2026-09-22 11:14:50,13,17,22,2,4,45,128.0,618.0660987506042
2026-09-22 11:15:02,7,20,3,1,6,30,126.0,558.6823877651284
2026-09-22 11:15:14,23,18,22,0,0,40,94.0,443.07577427020493
2026-09-22 11:15:27,10,18,12,2,9,41,152.0,720.1257819790719
2026-09-22 11:15:38,9,16,11,0,6,33,111.0,502.4260182323939
2026-09-22 11:15:50,21,17,19,0,2,38,99.0,461.692602966835
2026-09-22 11:16:03,19,12,17,2,9,40,133.0,626.905084871673
2026-09-22 11:16:15,12,19,12,0,4,35,112.0,513.3541211070843
2026-09-22 11:16:27,9,17,14,1,3,35,107.0,490.4365264148038
2026-09-22 11:16:39,5,22,5,0,2,29,105.0,462.1257250745264
2026-09-22 11:16:51,14,11,18,0,7,36,104.0,479.5354629149993
2026-09-22 11:17:03,15,12,17,2,9,40,133.0,626.905084871673
2026-09-22 11:17:15,7,14,12,0,7,33,110.0,497.89965770777775
2026-09-22 11:17:27,11,15,12,2,5,34,116.0,528.4203751327719
2026-09-22 11:17:39,1,13,0,0,5,18,82.0,323.4439962916481
2026-09-22 11:17:52,5,16,2,0,2,20,78.0,315.47275014242695
2026-09-22 11:18:04,3,15,3,0,2,20,75.0,303.3391828292567
2026-09-22 11:18:16,16,13,22,1,2,38,93.0,433.7112330900571
2026-09-22 11:18:28,14,20,17,3,3,43,136.0,650.6497902128835
2026-09-22 11:18:40,11,20,9,1,2,32,108.0,485.62281663837985
2026-09-22 11:18:52,17,16,18,2,6,42,132.0,628.4784152715501
2026-09-22 11:19:04,7,17,6,2,3,28,106.0,462.9333579785663
2026-09-22 11:19:16,6,13,6,0,4,23,82.0,342.6004140885315
2026-09-22 11:19:29,18,14,31,0,7,52,129.0,641.1676568482238
2026-09-22 11:19:43,9,19,15,0,7,41,133.0,630.110059231688
2026-09-22 11:19:53,14,21,10,0,9,40,148.0,697.6086658722376
2026-09-22 11:20:07,10,18,10,0,1,29,88.0,387.3053695862697
2026-09-22 11:20:19,12,18,14,0,10,42,146.0,695.13521689126
2026-09-22 11:20:31,10,9,11,0,10,30,107.0,474.43663087991064
2026-09-22 11:20:43,11,13,6,3,10,32,139.0,625.0145510438407
2026-09-22 11:20:55,16,16,21,0,11,48,151.0,738.6648650147047
2026-09-22 11:21:07,11,18,7,0,2,27,91.0,394.2306104259436
2026-09-22 11:21:20,11,17,7,1,3,28,100.0,436.72958299864746
2026-09-22 11:21:31,13,11,16,0,3,30,78.0,345.8510019498414
2026-09-22 11:21:44,16,17,18,1,6,42,129.0,614.1948149244695
2026-09-22 11:21:56,8,11,15,0,5,31,89.0,397.4504953491757
2026-09-22 11:22:08,3,10,0,0,0,10,40.0,135.91581091193484
2026-09-22 11:22:20,19,6,24,0,3,33,66.0,298.7397946246667
2026-09-22 11:22:32,18,10,19,6,9,44,155.0,745.0326859143995
2026-09-22 11:22:44,18,14,14,4,7,39,140.0,656.4431235759511
2026-09-22 11:22:57,5,12,7,1,7,27,104.0,450.5492690582212
2026-09-22 11:23:09,18,17,23,2,5,47,135.0,657.6121364725652
2026-09-22 11:23:21,8,15,8,2,7,32,124.0,557.5669376218435
2026-09-22 11:23:34,13,12,14,1,6,33,105.0,475.267855084697
2026-09-22 11:23:45,18,11,30,1,4,46,105.0,509.2654981795561
2026-09-22 11:23:58,17,16,29,0,8,53,141.0,703.4467505655628
2026-09-22 11:24:10,12,20,11,1,10,42,158.0,752.2696182795828
2026-09-22 11:24:21,18,18,15,0,10,43,147.0,703.2758761859844
2026-09-22 11:24:33,4,23,2,0,9,34,148.0,674.1915131004331
2026-09-22 11:24:45,6,26,7,0,5,38,141.0,657.5621921042801
2026-09-22 11:24:58,8,27,4,0,2,33,124.0,561.268705052404
2026-09-22 11:25:10,12,20,7,1,4,32,118.0,530.5878922530446
2026-09-22 11:25:22,9,32,6,0,6,44,170.0,817.1326232609543
2026-09-22 11:25:34,6,25,4,1,8,38,159.0,741.5063017346138
2026-09-22 11:25:46,11,27,9,1,7,44,166.0,797.905973301873
2026-09-22 11:25:58,4,28,4,0,5,37,146.0,677.0875793200523
2026-09-22 11:26:10,7,32,4,0,2,38,144.0,671.552877042669
2026-09-22 11:26:22,4,24,1,0,4,29,121.0,532.5448831811209
2026-09-22 11:26:34,4,28,4,0,6,38,152.0,708.8613702117062
2026-09-22 11:26:47,18,17,23,1,5,46,128.0,620.8188930188875
2026-09-22 11:26:59,13,20,19,6,5,50,171.0,843.3421831958598
2026-09-22 11:27:13,17,19,20,2,5,46,140.0,679.0206642394082
2026-09-22 11:27:25,2,25,4,2,4,35,142.0,650.8596892607676
2026-09-22 11:27:37,6,26,10,3,7,46,177.0,858.4761255026804
2026-09-22 11:27:49,2,32,4,0,4,40,156.0,735.3172424058721
2026-09-22 11:28:01,22,18,23,0,3,44,113.0,543.1528613440461
2026-09-22 11:28:16,18,24,10,0,4,38,130.0,606.263013996854
2026-09-22 11:28:29,17,19,10,0,9,38,140.0,652.8986304581505
2026-09-22 11:28:41,16,18,19,1,9,47,152.0,740.4225536579994
2026-09-22 11:28:53,8,18,9,1,11,39,154.0,722.0874359335461
2026-09-22 11:29:05,10,27,10,0,5,42,148.0,704.6576171226471
2026-09-22 11:29:17,11,25,12,0,8,45,160.0,772.5826234382553
2026-09-22 11:29:29,3,26,2,0,2,30,118.0,523.2104901292472
2026-09-22 11:29:42,6,22,6,2,12,42,180.0,857.0160208248411
2026-09-22 11:29:54,9,17,11,0,9,37,133.0,616.7989592436093
2026-09-22 11:30:06,11,20,9,3,8,40,158.0,744.7443865392806
2026-09-22 11:30:18,12,25,7,3,6,41,164.0,776.9778173984723
2026-09-22 11:30:30,2,22,3,1,6,32,134.0,602.5320132365083
2026-09-22 11:30:42,2,21,2,0,11,34,152.0,692.4129053463907
2026-09-22 11:30:54,9,22,10,2,2,36,124.0,571.7538211678838
2026-09-22 11:31:06,19,15,29,1,3,48,114.0,557.6675139846114
2026-09-22 11:31:20,7,21,13,3,2,39,130.0,609.5543290348116
2026-09-22 11:31:32,8,19,10,1,6,36,129.0,594.8084107311049
2026-09-22 11:31:44,8,18,10,0,7,35,124.0,568.3563483685576
2026-09-22 11:31:57,8,17,15,1,4,37,114.0,528.684822208808
2026-09-22 11:32:08,17,17,17,0,3,37,103.0,477.6713744518177
2026-09-22 11:32:21,26,18,25,0,2,45,109.0,526.3219122173114
2026-09-22 11:32:33,15,20,12,0,7,39,134.0,628.3098468512674
2026-09-22 11:32:45,6,14,7,0,10,31,123.0,549.2855160443664
2026-09-22 11:32:57,15,17,13,0,10,40,141.0,664.6136614053074
2026-09-22 11:33:09,7,12,4,0,11,27,118.0,511.2001322006741
2026-09-22 11:33:23,15,16,17,0,12,45,153.0,738.7821336628316
2026-09-22 11:33:33,13,18,14,2,11,45,166.0,801.5544718171898
2026-09-22 11:33:45,12,25,10,0,6,41,146.0,691.6997642693717
2026-09-22 11:33:57,7,15,5,0,5,25,95.0,404.51917111204074
2026-09-22 11:34:10,13,16,9,0,5,30,103.0,456.70068206197004
2026-09-22 11:34:22,16,19,15,0,4,38,115.0,536.3095893049093
2026-09-22 11:34:34,9,19,10,0,7,36,128.0,590.1974928184607
2026-09-22 11:34:46,3,17,0,0,4,21,92.0,376.3759057089651
2026-09-22 11:34:58,8,15,7,0,2,24,79.0,333.2911901645879
2026-09-22 11:35:11,10,7,8,1,1,17,49.0,190.62821613691207
2026-09-22 11:35:22,15,10,19,3,5,37,110.0,510.1344775699024
2026-09-22 11:35:34,17,12,20,2,6,40,118.0,556.2015038711083
2026-09-22 11:35:46,3,18,2,2,7,29,130.0,572.1556596160802
2026-09-22 11:35:59,14,11,23,3,4,41,112.0,530.6189972477372
2026-09-22 11:36:11,5,21,4,2,3,30,120.0,532.0784645382175
2026-09-22 11:36:23,5,16,5,0,2,23,81.0,338.4223602581836
2026-09-22 11:36:35,24,21,19,0,4,44,127.0,610.4461362008306
2026-09-22 11:36:47,17,22,17,0,6,45,141.0,680.8384369049624
2026-09-22 11:36:59,11,16,14,1,9,40,139.0,655.1865172718988
2026-09-22 11:37:11,17,12,20,0,3,35,86.0,394.18262870722543
2026-09-22 11:37:23,13,19,15,0,3,37,109.0,505.49689141017603
2026-09-22 11:37:36,9,17,9,1,11,38,150.0,699.5342469194469
2026-09-22 11:37:48,5,26,3,0,9,38,161.0,750.8334250268731
2026-09-22 11:38:00,7,24,10,1,10,45,173.0,835.3549615926134
2026-09-22 11:38:12,7,20,5,1,7,33,134.0,606.5323102985657
2026-09-22 11:38:24,17,16,15,1,7,39,128.0,600.1765701265838
2026-09-22 11:38:36,11,26,7,0,12,45,183.0,883.6413755575044
2026-09-22 11:38:49,13,22,17,0,5,44,135.0,648.8994361189931
2026-09-22 11:39:00,9,24,3,1,3,31,124.0,553.7512519471661
2026-09-22 11:39:12,9,16,11,2,1,30,95.0,421.2287844260889
2026-09-22 11:39:25,5,14,3,0,3,20,77.0,311.42822770470354
2026-09-22 11:39:37,19,11,24,1,4,40,99.0,466.64363460372647
2026-09-22 11:39:49,20,10,29,3,2,44,102.0,490.2795739565726
2026-09-22 11:40:01,18,14,23,2,2,41,105.0,497.45530991975363
2026-09-22 11:40:13,4,20,9,2,1,32,109.0,490.1193241998463
2026-09-22 11:40:25,10,22,7,1,2,32,114.0,512.6018620071787
2026-09-22 11:40:42,6,20,5,3,6,34,142.0,646.8594247314967
2026-09-22 11:40:53,19,13,34,2,5,54,130.0,650.9533140802213
2026-09-22 11:41:05,11,17,12,4,8,41,156.0,739.0764604522054
2026-09-22 11:41:17,13,18,8,2,4,32,118.0,530.5878922530446
2026-09-22 11:41:29,11,26,13,4,8,51,193.0,955.5900376862154
2026-09-22 11:41:41,9,20,7,4,7,38,157.0,732.1791784423544
2026-09-22 11:41:53,12,17,12,4,9,42,162.0,771.314418742357
2026-09-22 11:42:06,2,18,2,3,11,34,161.0,733.4110378997955
2026-09-22 11:42:17,15,20,14,3,7,44,157.0,754.6460108939402
2026-09-22 11:42:29,6,15,7,5,8,35,150.0,687.5278407684165
2026-09-22 11:42:42,11,13,13,5,9,40,154.0,725.8900982724634
2026-09-22 11:42:56,6,17,5,4,8,34,149.0,678.7468611619225
2026-09-22 11:43:07,4,17,2,5,7,31,147.0,656.4631777115599
2026-09-22 11:43:20,7,24,5,4,2,35,141.0,646.2761703223115
2026-09-22 11:43:32,0,21,0,4,5,30,142.0,629.6261830368908
2026-09-22 11:43:44,0,16,0,4,8,28,140.0,611.4214161981065
2026-09-22 11:43:56,2,19,0,4,6,29,140.0,616.1676334327018
2026-09-22 11:44:08,6,12,3,5,7,27,128.0,554.5221773024261
2026-09-22 11:44:20,3,15,8,3,5,31,119.0,531.4225724331675
2026-09-22 11:44:32,6,11,6,3,2,22,83.0,343.24601992211944
2026-09-22 11:44:45,9,10,10,1,5,26,87.0,373.73780734237664
2026-09-22 11:44:57,15,12,15,3,5,35,114.0,522.5211589839965
2026-09-22 11:45:09,17,15,26,3,7,51,149.0,737.7353140686326
2026-09-22 11:45:21,15,20,15,1,5,41,132.0,625.3723896134046
2026-09-22 11:45:33,10,21,7,2,12,42,177.0,842.7324204777605
2026-09-22 11:45:45,17,19,11,4,13,47,193.0,940.1417951052229
2026-09-22 11:45:57,14,25,13,3,14,55,218.0,1095.5266685802626
2026-09-22 11:46:09,10,24,10,1,12,47,185.0,901.1721870179598
2026-09-22 11:46:22,10,29,8,2,10,49,198.0,972.580555074773
2026-09-22 11:46:34,10,21,6,2,18,47,212.0,1032.6946143124728
2026-09-22 11:46:46,7,22,3,3,12,40,184.0,867.2972602735927
2026-09-22 11:46:59,6,22,4,1,16,43,195.0,932.916978614061
2026-09-22 11:47:11,7,27,2,3,18,50,239.0,1178.706326221114
2026-09-22 11:47:23,5,21,0,4,18,43,220.0,1052.5217194620175
2026-09-22 11:47:35,13,26,4,2,15,47,212.0,1032.6946143124728
2026-09-22 11:47:49,5,27,2,3,14,46,215.0,1042.7817343676625
2026-09-22 11:48:00,5,25,1,2,14,42,199.0,947.4788230230188
2026-09-22 11:48:12,3,29,3,2,17,51,235.0,1163.5422738666355
2026-09-22 11:48:27,7,25,4,2,16,47,214.0,1042.4370163342885
2026-09-22 11:48:38,8,21,1,1,18,41,200.0,947.5339236566736
2026-09-22 11:48:50,10,17,9,6,15,47,209.0,1018.0810112797492
2026-09-22 11:49:02,6,18,4,6,13,41,196.0,928.5832451835402
2026-09-22 11:49:15,10,17,7,7,13,44,202.0,970.9458229336045
2026-09-22 11:49:27,15,15,8,8,15,46,214.0,1037.9315867659525
2026-09-22 11:49:39,14,17,5,8,15,45,219.0,1057.4724658311118
2026-09-22 11:49:51,11,11,3,5,18,37,190.0,881.1413703480133
2026-09-22 11:50:03,13,13,7,5,15,40,184.0,867.2972602735927
2026-09-22 11:50:17,6,15,1,5,17,38,198.0,923.38520593367
2026-09-22 11:50:29,6,24,1,8,19,52,267.0,1327.0679409184168
2026-09-22 11:50:41,3,21,0,8,17,46,242.0,1173.7357196138341
2026-09-22 11:50:53,2,22,0,6,17,45,232.0,1120.24480398547
2026-09-22 11:51:06,4,23,0,5,16,44,223.0,1071.8857352187813
2026-09-22 11:51:18,5,17,5,6,10,38,175.0,816.1232880726881
2026-09-22 11:51:30,11,21,15,1,11,48,172.0,841.3930912750278
2026-09-22 11:51:42,11,24,6,0,10,40,162.0,763.5986748060978
2026-09-22 11:51:54,9,23,9,1,3,36,126.0,580.9756569931723
2026-09-22 11:52:07,9,20,10,1,4,35,121.0,554.6057915531893
2026-09-22 11:52:19,9,18,8,2,0,28,94.0,410.52580801872864
2026-09-22 11:52:30,9,13,14,3,4,34,111.0,505.64363482532485
2026-09-22 11:52:43,16,16,17,0,4,37,105.0,486.9465467712705
2026-09-22 11:52:55,20,16,22,2,2,42,112.0,533.2544129576789
2026-09-22 11:53:07,16,13,17,2,3,35,101.0,462.9354127840671
2026-09-22 11:53:19,4,18,8,1,3,30,105.0,465.56865647094037
2026-09-22 11:53:31,4,14,4,3,4,25,105.0,447.10013649225556
2026-09-22 11:53:43,20,11,21,1,10,43,132.0,631.5130316772105
2026-09-22 11:53:55,15,23,18,0,5,46,140.0,679.0206642394082
2026-09-22 11:54:07,19,31,12,1,6,50,179.0,882.7967882576544
2026-09-22 11:54:19,5,27,3,0,3,33,129.0,583.9005076754848
2026-09-22 11:54:32,5,25,9,2,5,41,153.0,724.8634515973553
2026-09-22 11:54:44,6,25,10,2,9,46,178.0,863.3262731043905
2026-09-22 11:54:56,9,21,6,5,7,39,167.0,783.0428688370273
2026-09-22 11:55:08,7,22,7,6,12,47,209.0,1018.0810112797492
2026-09-22 11:55:20,11,16,6,3,10,35,151.0,692.1113597068726
2026-09-22 11:55:32,7,19,6,2,5,32,126.0,566.5599527447764
2026-09-22 11:55:44,6,18,4,1,1,24,89.0,375.4799484132699
2026-09-22 11:55:56,10,17,11,0,4,32,103.0,463.1402788310474
2026-09-22 11:56:09,3,23,6,3,1,33,125.0,565.7950655770202
2026-09-22 11:56:21,2,17,0,0,1,18,74.0,291.88848445831655
2026-09-22 11:56:33,2,13,0,0,2,15,64.0,241.445678223346
2026-09-22 11:56:45,17,9,24,3,2,38,93.0,433.7112330900571
2026-09-22 11:56:57,14,14,19,2,8,43,137.0,655.4339798468018
2026-09-22 11:57:10,7,15,2,9,7,33,167.0,755.9022076108989
2026-09-22 11:57:21,13,13,12,7,8,40,161.0,758.8851027393936
2026-09-22 11:57:33,16,14,19,2,6,41,125.0,592.2087022854209
2026-09-22 11:57:46,5,17,3,1,6,27,114.0,493.8713141599733
2026-09-22 11:57:58,23,12,29,1,8,50,132.0,651.000983519611
2026-09-22 11:58:10,20,12,17,3,6,38,122.0,568.9545208278169
2026-09-22 11:58:22,14,17,9,5,5,36,142.0,654.7503435954798
2026-09-22 11:58:34,13,14,7,1,6,28,106.0,462.9333579785663
2026-09-22 11:58:48,8,23,7,2,6,38,149.0,694.8706852733173
2026-09-22 11:59:00,13,19,17,3,7,46,156.0,756.6230258667691
2026-09-22 11:59:12,19,16,17,2,9,44,149.0,716.1927109757776
2026-09-22 11:59:26,11,25,11,2,4,42,149.0,709.4188172383407
2026-09-22 11:59:38,9,15,7,0,9,31,121.0,540.354044238767
2026-09-22 11:59:50,5,13,1,0,11,25,119.0,506.71348802455634
2026-09-22 12:00:02,10,18,11,1,7,37,132.0,612.161373083883
2026-09-22 12:00:14,5,23,2,1,6,32,137.0,616.0215359209077
2026-09-22 12:00:26,4,19,3,1,6,29,122.0,536.946080562783
2026-09-22 12:00:38,5,15,7,4,5,31,125.0,558.2169878499659
2026-09-22 12:00:50,6,13,0,3,6,22,109.0,450.7688695362773
2026-09-22 12:01:03,14,14,13,4,5,36,127.0,585.5865749058164
2026-09-22 12:01:15,13,15,11,6,6,38,149.0,694.8706852733173
2026-09-22 12:01:27,15,13,17,5,7,42,146.0,695.13521689126
2026-09-22 12:01:39,14,16,9,6,2,33,127.0,574.8477866262525
2026-09-22 12:01:51,4,15,7,5,7,34,144.0,655.9701208544755
2026-09-22 12:02:03,7,18,6,1,3,28,103.0,449.8314704886069
2026-09-22 12:02:15,17,10,27,6,6,49,145.0,712.2433357870813
2026-09-22 12:02:27,9,15,9,1,12,37,148.0,686.3627516395051
2026-09-22 12:02:40,2,18,3,5,11,37,176.0,816.2151641118439
2026-09-22 12:02:52,11,15,7,1,12,35,146.0,669.193765014592
2026-09-22 12:03:04,6,20,1,1,10,32,148.0,665.483119097039
2026-09-22 12:03:16,7,22,3,1,1,27,104.0,450.5492690582212
2026-09-22 12:03:28,5,17,5,3,7,32,136.0,611.5250283594412
2026-09-22 12:03:42,15,11,12,7,3,33,123.0,556.7423445277878
2026-09-22 12:03:52,19,14,22,3,4,43,123.0,588.4553249719462
2026-09-22 12:04:04,11,23,9,5,5,42,166.0,790.3592192051312
2026-09-22 12:04:16,7,18,6,1,7,32,127.0,571.0564603062429
2026-09-22 12:04:29,11,22,9,1,3,35,122.0,559.1893104916454
2026-09-22 12:04:41,4,15,3,2,5,25,107.0,455.61632956829857
2026-09-22 12:04:53,1,10,0,3,4,17,85.0,330.681599421174
2026-09-22 12:05:05,4,12,1,5,3,21,102.0,417.2863302425482
2026-09-22 12:05:17,5,12,4,5,4,25,111.0,472.6487157203845
2026-09-22 12:05:29,12,15,11,4,4,34,123.0,560.3078115631978
2026-09-22 12:05:41,4,9,6,6,5,26,114.0,489.7254027244935
2026-09-22 12:05:53,16,11,18,4,4,37,114.0,528.684822208808
2026-09-22 12:06:06,7,15,6,2,3,26,98.0,420.99201286842424
2026-09-22 12:06:18,6,8,5,0,4,17,61.0,237.31267723166604
2026-09-22 12:06:30,23,4,35,0,4,43,75.0,358.8142225438696
2026-09-22 12:06:42,16,16,16,1,4,37,111.0,514.7720637296288
2026-09-22 12:06:54,8,23,3,2,5,33,139.0,629.1641129216465
2026-09-22 12:07:06,17,20,15,0,3,38,113.0,526.98246601265
2026-09-22 12:07:18,4,13,4,0,6,23,92.0,384.38095239201095
2026-09-22 12:07:30,5,13,1,4,3,21,99.0,405.0132028824733
2026-09-22 12:07:43,15,8,8,3,4,23,85.0,355.13457557957537
2026-09-22 12:07:55,17,9,21,0,1,31,63.0,281.3413618763828
2026-09-22 12:08:07,14,9,17,0,5,31,83.0,370.65607993237734
2026-09-22 12:08:19,17,17,21,0,6,44,125.0,600.83281122129
2026-09-22 12:08:31,21,14,14,3,5,36,121.0,557.9210674299511
2026-09-22 12:08:44,8,23,7,2,3,35,131.0,600.4409809377504
2026-09-22 12:08:55,12,21,8,4,3,36,138.0,636.3066719449029
2026-09-22 12:09:08,6,15,5,1,3,24,90.0,379.6988242381381
2026-09-22 12:09:20,3,5,3,0,4,12,47.0,167.5526198006922
2026-09-22 12:09:32,9,14,15,0,3,32,89.0,400.1891729705167
2026-09-22 12:09:44,21,9,30,3,2,44,99.0,475.85958648726165
2026-09-22 12:09:56,15,14,12,1,2,29,87.0,382.90417220460756
2026-09-22 12:10:08,4,17,4,2,4,27,110.0,476.54249611927247
2026-09-22 12:10:20,0,15,5,2,3,25,97.0,413.03536418808375
2026-09-22 12:10:32,1,17,9,4,6,36,141.0,650.1394256828356
2026-09-22 12:10:44,3,18,7,7,5,37,158.0,732.738613236769
2026-09-22 12:10:57,5,17,6,8,10,41,190.0,900.15722747384
2026-09-22 12:11:09,10,17,9,3,15,44,188.0,903.65254807682
2026-09-22 12:11:23,8,15,7,5,13,40,180.0,848.4429720067754
2026-09-22 12:11:35,1,12,6,2,12,32,140.0,629.5110586053072
2026-09-22 12:11:47,4,18,8,1,17,44,189.0,908.4592105665904
2026-09-22 12:11:59,11,16,9,2,11,38,153.0,713.5249318578359
2026-09-22 12:12:11,5,15,12,2,6,35,122.0,559.1893104916454
2026-09-22 12:12:23,7,17,7,2,5,31,119.0,531.4225724331675
2026-09-22 12:12:36,4,16,3,1,3,23,92.0,384.38095239201095
2026-09-22 12:12:48,5,12,4,0,3,19,70.0,279.70125914877934
2026-09-22 12:13:00,16,13,18,1,2,34,89.0,405.42597747255775
2026-09-22 12:13:12,5,17,11,1,1,30,92.0,407.9268228126335
2026-09-22 12:13:24,5,18,5,2,7,32,133.0,598.0355056750418
2026-09-22 12:13:36,1,16,2,2,4,24,104.0,438.7630857862929
2026-09-22 12:13:50,2,19,1,3,4,27,122.0,528.5289502413749
2026-09-22 12:14:01,0,15,3,1,4,23,94.0,392.73706005270685
2026-09-22 12:14:13,0,18,4,1,3,26,101.0,433.87952346643726
2026-09-22 12:14:25,2,15,4,2,3,24,96.0,405.0120791873473
2026-09-22 12:14:37,12,9,16,3,4,32,97.0,436.16123346224856
2026-09-22 12:14:49,9,10,11,3,3,27,90.0,389.89840591576836
2026-09-22 12:15:01,12,11,35,3,3,52,118.0,586.4944457991504
2026-09-22 12:15:13,14,17,16,5,6,44,155.0,745.0326859143995
2026-09-22 12:15:25,12,18,5,8,5,36,163.0,751.5796197610085
2026-09-22 12:15:37,7,27,9,5,3,44,170.0,817.1326232609543
2026-09-22 12:15:50,16,31,13,4,2,50,177.0,872.9331369922057
2026-09-22 12:16:02,17,27,14,2,9,52,190.0,944.3554635749033
2026-09-22 12:16:14,1,28,2,1,7,38,163.0,760.1605483191323
2026-09-22 12:16:26,5,24,2,1,8,35,153.0,701.2783975837848
2026-09-22 12:16:38,8,24,7,2,7,40,159.0,749.4579586059849
2026-09-22 12:16:50,11,19,8,3,4,34,129.0,587.6398999321343
2026-09-22 12:17:02,10,18,7,1,4,30,110.0,487.73859249336607
2026-09-22 12:17:15,4,18,2,1,4,25,105.0,447.10013649225556
2026-09-22 12:17:27,5,9,3,0,4,16,63.0,241.49244067554162
2026-09-22 12:17:39,14,8,19,3,5,35,102.0,467.51893172252323
2026-09-22 12:17:51,13,11,7,3,3,24,90.0,379.6988242381381
2026-09-22 12:18:04,5,16,6,3,4,29,115.0,506.1376988911479
2026-09-22 12:18:15,14,10,17,4,5,36,115.0,530.2555599540857
2026-09-22 12:18:27,14,9,18,5,4,36,113.0,521.0337241287973
2026-09-22 12:18:40,19,9,20,3,5,37,107.0,496.22171909072324
2026-09-22 12:18:51,3,19,4,5,4,32,139.0,625.0145510438407
2026-09-22 12:19:04,12,10,2,3,10,25,123.0,523.7458741766422
2026-09-22 12:19:16,18,12,19,2,6,39,117.0,548.5988961313304
2026-09-22 12:19:28,18,25,15,0,6,46,151.0,732.3722878582188
2026-09-22 12:19:40,5,21,3,1,9,34,148.0,674.1915131004331
2026-09-22 12:19:52,11,21,11,0,5,37,125.0,579.6982699657982
2026-09-22 12:20:04,12,21,6,0,9,36,144.0,663.9721794207683
2026-09-22 12:20:17,5,24,6,0,9,39,156.0,731.465194841774
2026-09-22 12:20:29,4,26,2,0,7,35,148.0,678.3608028915042
2026-09-22 12:20:41,1,17,3,1,6,27,114.0,493.8713141599733
2026-09-22 12:20:53,16,22,11,2,2,37,125.0,579.6982699657982
2026-09-22 12:21:05,10,23,8,2,7,40,156.0,735.3172424058721
2026-09-22 12:21:17,15,19,19,1,7,46,144.0,698.4212546462484
2026-09-22 12:21:29,14,20,10,1,4,35,121.0,554.6057915531893
2026-09-22 12:21:41,6,21,6,1,4,32,121.0,544.077414937444
2026-09-22 12:21:53,1,19,0,0,5,24,106.0,447.2008374360293
2026-09-22 12:22:07,6,15,4,1,4,24,95.0,400.7932033624791
2026-09-22 12:22:19,17,14,16,2,4,36,110.0,507.20097039086465
2026-09-22 12:22:31,12,15,9,3,5,32,120.0,539.5809073759776
2026-09-22 12:22:43,15,15,10,0,2,27,82.0,355.24076983436674
2026-09-22 12:22:55,6,18,8,2,1,29,100.0,440.1197381662156
2026-09-22 12:23:07,2,16,2,2,3,23,98.0,409.44927537409865
2026-09-22 12:23:20,7,9,11,2,3,25,79.0,336.38962650369706
2026-09-22 12:23:32,16,13,18,5,12,48,177.0,865.852192765581
2026-09-22 12:23:44,4,19,2,1,12,34,157.0,715.1896456538378
2026-09-22 12:23:56,4,18,3,2,12,35,161.0,737.9465490914337
2026-09-22 12:24:08,10,11,11,1,4,27,86.0,372.56958787506755
2026-09-22 12:24:20,10,16,7,3,6,32,128.0,575.5529678677094
2026-09-22 12:24:32,8,16,11,2,3,32,107.0,481.12630907691334
2026-09-22 12:24:44,10,13,10,2,8,33,124.0,561.268705052404
2026-09-22 12:24:57,18,15,13,4,9,41,155.0,734.3387908339221
2026-09-22 12:25:09,14,15,14,3,8,40,143.0,674.0408055387161
2026-09-22 12:25:21,14,16,7,2,17,42,187.0,890.3444216346961
2026-09-22 12:25:33,19,21,13,2,8,44,159.0,764.2593358734808
2026-09-22 12:25:45,7,25,2,1,11,39,175.0,820.5539044699387
2026-09-22 12:25:57,4,25,3,1,12,41,182.0,862.2558705275729
2026-09-22 12:26:09,0,23,0,0,15,38,182.0,848.7682195955956
2026-09-22 12:26:22,0,15,0,2,10,27,134.0,580.5154043634774
2026-09-22 12:26:34,4,12,5,3,11,31,140.0,625.2030263919618
2026-09-22 12:26:46,4,11,7,4,9,31,133.0,593.9428750723637
2026-09-22 12:26:58,7,11,9,3,6,29,110.0,484.13171198283715
2026-09-22 12:27:12,8,6,12,4,5,27,94.0,407.2272239564692
2026-09-22 12:27:22,17,11,17,4,3,35,107.0,490.4365264148038
2026-09-22 12:27:34,17,7,25,3,6,41,110.0,521.1436580111705
2026-09-22 12:27:48,8,19,21,2,4,46,135.0,654.7699262308579
2026-09-22 12:28:01,8,20,11,8,13,52,225.0,1118.3156805492276
2026-09-22 12:28:13,16,18,12,6,14,50,210.0,1035.6833828721085
2026-09-22 12:28:25,6,31,8,2,12,53,218.0,1087.5985221510118
2026-09-22 12:28:37,4,27,1,2,11,41,189.0,895.4195578555565
2026-09-22 12:28:49,8,24,5,4,9,42,183.0,871.2996211719218
2026-09-22 12:29:01,13,21,5,4,8,38,165.0,769.4876716113916
2026-09-22 12:29:13,7,32,3,0,10,45,191.0,922.2705067294172
2026-09-22 12:29:28,7,24,1,2,11,38,177.0,825.4504113649474
2026-09-22 12:29:37,6,23,2,3,19,47,229.0,1115.5050314979069
2026-09-22 12:29:49,6,18,3,5,19,45,224.0,1081.6156728135572
2026-09-22 12:30:01,2,25,0,2,20,47,234.0,1139.8610365524464
2026-09-22 12:30:15,5,17,5,3,16,41,190.0,900.15722747384
2026-09-22 12:30:27,5,21,2,1,8,32,141.0,634.0075661667737
2026-09-22 12:30:39,6,22,3,1,6,32,134.0,602.5320132365083
2026-09-22 12:30:52,16,15,14,1,5,35,111.0,508.7706021686282
2026-09-22 12:31:04,16,13,19,5,1,38,112.0,522.3189043665204
2026-09-22 12:31:16,4,15,2,9,5,31,155.0,692.1890649339576
2026-09-22 12:31:28,12,14,11,5,1,31,108.0,482.2994775023705
2026-09-22 12:31:40,0,16,2,6,2,26,120.0,515.5004239205196
2026-09-22 12:31:52,14,16,21,4,3,44,131.0,629.6727861599119
2026-09-22 12:32:04,13,17,23,1,6,47,134.0,652.7409354616574
2026-09-22 12:32:17,8,29,6,3,8,46,191.0,926.3781919266212
2026-09-22 12:32:29,1,24,1,3,15,43,208.0,995.1114438549984
2026-09-22 12:32:42,11,24,8,0,9,41,158.0,748.5517996887721
2026-09-22 12:32:53,7,24,4,1,5,34,137.0,624.0826844240496
2026-09-22 12:33:05,15,26,10,0,3,39,132.0,618.9320879430395
2026-09-22 12:33:17,6,24,7,0,5,36,133.0,613.2520823816818
2026-09-22 12:33:29,13,23,14,0,4,41,130.0,615.8970503768378
2026-09-22 12:33:42,13,27,11,0,7,45,161.0,777.4112648347443
2026-09-22 12:33:54,17,18,19,0,12,49,163.0,800.6597498847879
2026-09-22 12:34:06,14,14,9,0,12,35,137.0,627.942094568487
2026-09-22 12:34:18,9,18,5,4,6,33,141.0,638.2168339708787
2026-09-22 12:34:30,4,12,1,0,2,15,61.0,230.12791205662666
2026-09-22 12:34:42,19,12,19,1,2,34,86.0,391.75993328808954
2026-09-22 12:34:54,20,10,26,1,6,43,109.0,521.4766700970905
2026-09-22 12:35:06,14,9,14,0,5,28,80.0,349.38366639891797
2026-09-22 12:35:18,15,6,15,1,3,25,64.0,272.5181784333748
2026-09-22 12:35:30,9,14,5,3,3,25,100.0,425.80965380214815
2026-09-22 12:35:43,11,13,12,3,3,31,103.0,459.9707979883719
2026-09-22 12:35:55,8,18,3,1,7,29,124.0,545.7484753261074
2026-09-22 12:36:07,1,13,8,0,6,27,96.0,415.8916329768196
2026-09-22 12:36:19,12,18,21,0,2,41,105.0,497.45530991975363
2026-09-22 12:36:31,23,16,16,3,5,40,131.0,617.4779407382644
2026-09-22 12:36:43,9,16,6,1,12,35,149.0,682.9443218299604
2026-09-22 12:36:55,8,19,10,2,6,37,136.0,630.7117177227884
2026-09-22 12:37:08,9,21,12,2,10,45,170.0,820.8690374031462
2026-09-22 12:37:20,11,22,8,2,6,38,146.0,680.8800003349284
2026-09-22 12:37:32,4,20,2,1,6,29,125.0,550.1496727077695
2026-09-22 12:37:44,6,17,6,0,4,27,98.0,424.55604199717004
2026-09-22 12:37:57,10,11,8,1,3,23,77.0,321.7101449367918
2026-09-22 12:38:08,14,15,17,1,0,33,84.0,380.21428406775755
2026-09-22 12:38:20,16,11,18,1,7,37,111.0,514.7720637296288
2026-09-22 12:38:32,13,26,14,1,8,49,173.0,849.7799799390693
2026-09-22 12:38:44,10,15,6,1,4,26,97.0,416.6961760024199
2026-09-22 12:38:57,5,9,2,2,2,15,64.0,241.445678223346
2026-09-22 12:39:09,10,9,10,1,1,21,59.0,241.37150474814064
2026-09-22 12:39:21,24,5,35,5,2,47,102.0,496.8625031126048
2026-09-22 12:39:33,21,13,26,8,2,49,146.0,717.1553587925093
2026-09-22 12:39:45,15,16,19,3,2,40,116.0,546.7743597376997
2026-09-22 12:39:57,6,15,7,3,4,29,112.0,492.93410674616143
2026-09-22 12:40:09,4,18,3,3,5,29,126.0,554.5508700894317
2026-09-22 12:40:22,11,24,11,2,0,37,121.0,561.1479253268926
2026-09-22 12:40:34,25,18,20,2,5,45,136.0,656.6952299225169
2026-09-22 12:40:46,15,16,10,3,8,37,143.0,663.1748208408732
2026-09-22 12:40:58,12,18,10,2,1,31,102.0,455.50506208557215
2026-09-22 12:41:10,15,15,15,0,1,31,81.0,361.72460812677787
2026-09-22 12:41:22,14,11,14,1,9,35,119.0,545.4387536762771
2026-09-22 12:41:34,20,16,22,0,9,47,140.0,681.9681415271046
2026-09-22 12:41:48,13,18,13,1,10,42,152.0,723.7024175854215
2026-09-22 12:42:00,3,22,2,2,10,36,164.0,756.1905376736527
2026-09-22 12:42:12,11,21,6,3,3,33,129.0,583.9005076754848
2026-09-22 12:42:24,20,14,17,2,2,35,99.0,453.7683749071549
2026-09-22 12:42:36,13,12,11,0,6,29,95.0,418.1137512579048
2026-09-22 12:42:48,7,18,7,0,1,26,85.0,365.146133610368
2026-09-22 12:43:00,3,12,2,0,1,15,56.0,211.26496844542774
2026-09-22 12:43:12,19,8,23,0,1,32,61.0,274.28696124945526
2026-09-22 12:43:24,19,12,20,2,3,37,100.0,463.75861597263855
2026-09-22 12:43:36,22,9,20,2,2,33,82.0,371.16156301852527
2026-09-22 12:43:49,14,16,17,1,3,37,106.0,491.5841329309969
2026-09-22 12:44:01,4,22,5,0,4,31,117.0,522.491100627568
2026-09-22 12:44:13,7,20,5,0,2,27,97.0,420.2238374869948
2026-09-22 12:44:25,2,12,2,0,9,23,104.0,434.51759835618634
2026-09-22 12:44:37,9,9,9,0,3,21,63.0,257.7356745615739
2026-09-22 12:44:52,18,19,18,3,4,44,139.0,668.1260860780744
2026-09-22 12:45:01,18,21,13,4,8,46,173.0,839.0755350958401
2026-09-22 12:45:13,19,17,14,3,7,41,145.0,686.9620946510884
2026-09-22 12:45:26,7,20,4,0,10,34,144.0,655.9701208544755
2026-09-22 12:45:38,8,15,4,0,5,24,94.0,396.5743275376109
2026-09-22 12:45:51,16,14,15,0,3,32,89.0,400.1891729705167
2026-09-22 12:46:02,7,11,9,0,4,24,77.0,324.85343851485146
2026-09-22 12:46:14,14,12,16,1,11,40,137.0,645.7593731384902
2026-09-22 12:46:26,4,18,5,1,7,31,126.0,562.6827237527656
2026-09-22 12:46:38,17,12,15,0,0,27,63.0,272.9288841410379
2026-09-22 12:46:51,7,1,10,0,2,13,26.0,94.61549056999672
2026-09-22 12:47:03,15,9,13,0,4,26,73.0,313.596091218316
2026-09-22 12:47:15,3,4,3,0,2,9,31.0,102.38013788281542
2026-09-22 12:47:27,2,4,0,0,2,6,28.0,82.48548417354877
2026-09-22 12:47:39,14,5,19,1,1,26,52.0,223.38351703222511
2026-09-22 12:47:51,27,11,29,0,2,42,85.0,404.7020098339528
2026-09-22 12:48:03,17,16,22,4,0,42,114.0,542.776813189066
2026-09-22 12:48:15,3,20,4,1,3,28,109.0,476.0352454685257
2026-09-22 12:48:27,14,14,16,2,2,34,98.0,446.4241100259625
2026-09-22 12:48:39,13,19,7,2,3,31,115.0,513.5596288219687
2026-09-22 12:48:53,5,20,1,1,5,27,118.0,511.2001322006741
2026-09-22 12:49:05,12,21,12,0,5,38,126.0,587.6087674123354
2026-09-22 12:49:17,14,18,18,1,4,41,121.0,573.2580238122875
2026-09-22 12:49:29,14,21,12,1,5,39,133.0,623.6209673971534
2026-09-22 12:49:43,19,22,12,1,5,40,137.0,645.7593731384902
2026-09-22 12:49:54,9,19,5,3,11,38,168.0,783.4783565497805
2026-09-22 12:50:07,13,19,13,7,3,42,156.0,742.7472180481957
2026-09-22 12:50:19,6,15,5,2,4,26,103.0,442.4711971984459
2026-09-22 12:50:32,12,15,18,0,3,36,96.0,442.6481196138455
2026-09-22 12:50:44,18,14,23,2,4,43,117.0,559.7501871684366
2026-09-22 12:50:57,16,21,16,2,5,44,144.0,692.159398526926
2026-09-22 12:51:08,3,17,0,4,16,37,192.0,890.416542667466
2026-09-22 12:51:20,3,20,3,1,8,32,138.0,620.5180434823742
2026-09-22 12:51:32,3,13,2,1,6,22,97.0,401.1429389451275
2026-09-22 12:51:44,2,11,3,0,1,15,53.0,199.9472022787084
2026-09-22 12:51:57,9,7,11,1,0,19,46.0,183.80368458348357
2026-09-22 12:52:09,15,13,25,1,2,41,96.0,454.8162833552033
2026-09-22 12:52:21,18,19,15,3,2,39,124.0,581.4210523101281
2026-09-22 12:52:34,6,14,4,3,8,29,129.0,567.7544622344182
2026-09-22 12:52:45,10,16,17,2,1,36,101.0,465.7027091770666
2026-09-22 12:52:57,17,14,6,2,4,26,100.0,429.5836866004329
2026-09-22 12:53:09,9,24,4,2,4,34,138.0,628.638032485539
2026-09-22 12:53:21,14,15,18,0,4,37,102.0,473.03378829209134
2026-09-22 12:53:33,11,24,19,1,4,48,146.0,714.2057635241515
2026-09-22 12:53:46,14,18,5,4,12,39,177.0,829.9316633781666
2026-09-22 12:53:58,16,16,14,0,6,36,114.0,525.6446420414416
2026-09-22 12:54:10,15,22,11,0,10,43,159.0,760.6861517930035
2026-09-22 12:54:22,15,28,5,1,4,38,148.0,690.2071236271877
2026-09-22 12:54:34,8,23,10,0,5,38,132.0,615.5901372891133
2026-09-22 12:54:46,14,23,5,3,5,36,148.0,682.4158510713452
2026-09-22 12:54:58,13,24,9,0,4,37,129.0,598.2486146047038
2026-09-22 12:55:11,4,26,2,0,9,37,160.0,742.0137855562217
2026-09-22 12:55:23,18,18,17,0,5,40,119.0,560.9150759378126
2026-09-22 12:55:35,10,20,6,1,7,34,135.0,614.9719883010707
2026-09-22 12:55:47,8,22,5,1,5,33,130.0,588.426868200101
2026-09-22 12:55:59,14,17,14,0,9,40,136.0,641.0458010717858
2026-09-22 12:56:12,6,13,6,1,2,22,77.0,318.4330546265445
2026-09-22 12:56:23,13,3,8,1,2,14,39.0,144.6139578429862
2026-09-22 12:56:35,12,7,15,2,3,27,75.0,324.9153382631403
2026-09-22 12:56:47,19,10,24,5,8,47,147.0,716.06654860346
2026-09-22 12:57:00,8,10,7,4,2,23,87.0,363.49068324027127
2026-09-22 12:57:12,7,16,7,2,0,25,85.0,361.9382057318259
2026-09-22 12:57:24,12,15,15,0,2,32,87.0,391.1961578475837
2026-09-22 12:57:36,10,11,11,0,2,24,67.0,282.66468026616946
2026-09-22 12:57:48,9,16,6,0,2,24,82.0,345.94781763919246
2026-09-22 12:58:00,12,15,15,0,6,36,111.0,511.81188830350885
2026-09-22 12:58:13,15,13,17,0,4,34,93.0,423.6473697185154
2026-09-22 12:58:25,13,14,15,1,6,36,114.0,525.6446420414416
2026-09-22 12:58:37,16,17,9,1,1,28,90.0,393.0566246987827
2026-09-22 12:58:49,3,17,3,0,2,22,83.0,343.24601992211944
2026-09-22 12:59:01,10,19,9,3,4,35,130.0,595.8574619992943
2026-09-22 12:59:13,9,28,6,0,5,39,148.0,693.9541592088625
2026-09-22 12:59:25,6,15,7,1,9,32,128.0,575.5529678677094
2026-09-22 12:59:37,16,12,14,1,9,36,123.0,567.1429032552395
2026-09-22 12:59:49,18,12,13,1,6,32,104.0,467.6367863925139
2026-09-22 13:00:01,18,10,17,0,5,32,87.0,391.1961578475837
2026-09-22 13:00:14,3,10,0,0,1,11,46.0,160.30570589024802
2026-09-22 13:00:26,4,5,3,0,2,10,35.0,118.92633454794297
2026-09-22 13:00:38,10,11,2,0,0,13,46.0,167.3966371623019
2026-09-22 13:00:50,20,12,26,4,1,43,108.0,516.6924804631723
2026-09-22 13:01:02,13,16,12,5,1,34,117.0,532.9757231942614
2026-09-22 13:01:15,3,17,2,0,7,26,112.0,481.13372899248486
2026-09-22 13:01:26,13,21,12,0,5,38,126.0,587.6087674123354
2026-09-22 13:01:38,8,22,11,1,6,40,142.0,669.3272334720117
2026-09-22 13:01:50,22,16,23,0,1,40,93.0,438.36220220350066
2026-09-22 13:02:03,19,25,10,0,1,36,116.0,534.86647786673
2026-09-22 13:02:15,13,18,19,0,2,39,103.0,482.9545837737354
2026-09-22 13:02:28,6,17,5,1,5,28,110.0,480.40254129851223
2026-09-22 13:02:41,7,25,7,0,4,36,131.0,604.0302465563933
2026-09-22 13:02:53,10,18,12,2,1,33,104.0,470.7414945600808
2026-09-22 13:03:06,3,16,5,6,5,32,141.0,634.0075661667737
2026-09-22 13:03:17,13,18,13,0,6,37,121.0,561.1479253268926
2026-09-22 13:03:29,6,20,9,2,6,37,139.0,644.6244762019676
2026-09-22 13:03:43,1,23,1,0,3,27,111.0,480.87470062944766
2026-09-22 13:03:55,10,19,9,1,4,33,116.0,525.0578208554747
2026-09-22 13:04:07,4,10,3,0,2,15,55.0,207.49237972318795
2026-09-22 13:04:22,3,15,0,0,1,16,66.0,252.99208070771027
2026-09-22 13:04:31,14,13,27,0,2,42,91.0,433.2692105281141
2026-09-22 13:04:44,16,15,17,4,2,38,117.0,545.6367125971686
2026-09-22 13:04:56,7,18,11,2,1,32,103.0,463.1402788310474
2026-09-22 13:05:08,8,17,9,2,4,32,115.0,517.0983695686451
2026-09-22 13:05:20,13,17,7,1,4,29,106.0,466.5269224561885
2026-09-22 13:05:32,19,15,23,0,1,39,89.0,417.31027141614027
2026-09-22 13:05:49,20,21,15,0,3,39,117.0,548.5988961313304
2026-09-22 13:05:56,9,20,7,0,5,32,117.0,526.0913846915781
2026-09-22 13:06:08,14,19,20,0,8,47,144.0,701.4529455707362
2026-09-22 13:06:20,8,15,4,0,13,32,142.0,638.5040737282401
2026-09-22 13:06:33,10,18,6,0,7,31,120.0,535.8883083359673
2026-09-22 13:06:45,9,19,11,1,8,39,142.0,665.8208824841789
2026-09-22 13:06:58,14,23,12,4,5,44,162.0,778.6793233427918
2026-09-22 13:07:09,10,21,11,3,9,44,170.0,817.1326232609543
2026-09-22 13:07:21,11,9,9,0,6,24,81.0,341.7289418143243
2026-09-22 13:07:33,12,14,11,0,8,33,115.0,520.5314603308586
2026-09-22 13:07:46,5,14,5,0,5,24,91.0,383.9177000630063
2026-09-22 13:07:58,2,8,0,1,2,11,51.0,177.73023913918803
2026-09-22 13:08:10,14,8,10,0,0,18,42.0,165.6664371249905
2026-09-22 13:08:22,18,7,27,3,4,41,100.0,473.7669618283368
2026-09-22 13:08:35,18,11,22,4,3,40,112.0,527.9200714708825
2026-09-22 13:08:46,5,18,4,5,6,33,147.0,665.3749971185757
2026-09-22 13:08:58,2,21,2,5,7,35,163.0,747.1135869683459
2026-09-22 13:09:10,5,17,5,3,2,27,106.0,459.21367807857166
2026-09-22 13:09:22,1,21,1,1,3,26,110.0,472.5420552604762
2026-09-22 13:09:36,19,11,26,0,6,43,106.0,507.1241011953357
2026-09-22 13:09:47,12,19,8,1,4,32,115.0,517.0983695686451
2026-09-22 13:09:59,18,16,16,0,3,35,98.0,449.1848559686988
2026-09-22 13:10:11,19,17,17,0,7,41,127.0,601.6840415219878
2026-09-22 13:10:23,6,16,5,1,2,24,88.0,371.2610725884017
2026-09-22 13:10:36,14,20,15,1,4,40,126.0,593.9100804047428
2026-09-22 13:10:48,16,15,25,0,3,43,103.0,492.77153229358095
2026-09-22 13:10:59,8,15,9,0,3,27,87.0,376.90179238524274
2026-09-22 13:11:11,10,20,8,1,1,30,101.0,447.8327076529998
2026-09-22 13:11:23,15,14,12,1,0,27,75.0,324.9153382631403
2026-09-22 13:11:37,10,15,6,0,1,22,72.0,297.7555835468988
2026-09-22 13:11:48,0,11,0,2,0,13,58.0,211.06532511768498
2026-09-22 13:12:00,9,9,13,0,2,24,61.0,257.3514253169603
2026-09-22 13:12:13,21,4,24,5,2,35,87.0,398.76614764568154
2026-09-22 13:12:24,6,14,7,3,2,26,96.0,412.4003391364156
2026-09-22 13:12:36,10,15,6,2,5,28,110.0,480.40254129851223
2026-09-22 13:12:48,20,18,22,3,3,46,133.0,645.0696310274378
2026-09-22 13:13:02,14,11,16,3,8,38,129.0,601.5994523507244
2026-09-22 13:13:14,19,17,16,1,7,41,133.0,630.110059231688
2026-09-22 13:13:26,10,21,8,5,12,46,199.0,965.1793727403016
2026-09-22 13:13:38,19,14,14,3,9,40,145.0,683.4679496721246
2026-09-22 13:13:51,12,10,14,4,6,34,118.0,537.5310712557507
2026-09-22 13:14:05,13,18,12,1,5,36,121.0,557.9210674299511
2026-09-22 13:14:15,6,10,7,1,9,27,108.0,467.87808709892204
2026-09-22 13:14:29,12,17,17,1,7,42,134.0,638.0008155029373
2026-09-22 13:14:39,13,19,12,4,9,44,170.0,817.1326232609543
2026-09-22 13:14:51,9,21,12,2,14,49,194.0,952.9324630530604
2026-09-22 13:15:04,9,25,6,1,6,38,149.0,694.8706852733173
2026-09-22 13:15:16,10,22,9,1,5,37,134.0,621.4365454033357
2026-09-22 13:15:29,4,12,4,1,3,20,77.0,311.42822770470354
2026-09-22 13:15:40,6,9,6,1,5,21,79.0,323.19235381530694
2026-09-22 13:15:52,8,8,6,2,0,16,52.0,199.32709389092324
2026-09-22 13:16:06,17,13,19,3,2,37,104.0,482.3089606115441
2026-09-22 13:16:18,17,17,16,3,3,39,123.0,576.7321728560141
2026-09-22 13:16:30,5,23,5,1,1,30,110.0,487.73859249336607
2026-09-22 13:16:42,17,9,26,2,2,39,88.0,412.62139196202634
2026-09-22 13:16:54,8,19,2,0,4,25,102.0,434.32584687819116
2026-09-22 13:17:06,3,15,4,0,2,21,76.0,310.91922645523204
2026-09-22 13:17:19,26,13,24,0,4,41,100.0,473.7669618283368
2026-09-22 13:17:30,17,14,16,0,2,32,84.0,377.7066351631843
2026-09-22 13:17:44,7,19,7,0,2,28,95.0,414.8931038487151
2026-09-22 13:17:55,19,15,24,1,9,49,145.0,712.2433357870813
2026-09-22 13:18:07,14,14,16,1,7,38,121.0,564.2909591816872
2026-09-22 13:18:19,14,17,9,0,4,30,101.0,447.8327076529998
2026-09-22 13:18:31,11,17,8,0,3,28,94.0,410.52580801872864
2026-09-22 13:18:43,16,20,20,0,8,48,148.0,723.9894041203728
2026-09-22 13:18:55,11,7,10,0,3,20,56.0,226.49325651251166
2026-09-22 13:19:07,14,9,13,0,4,26,73.0,313.596091218316
2026-09-22 13:19:19,5,10,6,1,5,22,83.0,343.24601992211944
2026-09-22 13:19:32,5,5,2,2,10,19,96.0,383.59029826118314
2026-09-22 13:19:44,0,10,0,0,3,13,58.0,211.06532511768498
2026-09-22 13:19:56,14,8,20,0,1,29,58.0,255.26944813640503
2026-09-22 13:20:08,23,13,28,3,2,46,113.0,548.0666789932366
2026-09-22 13:20:22,15,17,14,4,3,38,128.0,596.9358907045947
2026-09-22 13:20:35,10,19,13,2,4,38,127.0,592.2723290584651
2026-09-22 13:20:46,6,20,11,2,3,36,123.0,567.1429032552395
2026-09-22 13:20:59,10,17,11,0,5,33,109.0,493.3732971831616
2026-09-22 13:21:10,16,15,24,5,6,50,155.0,764.4329730722706
2026-09-22 13:21:22,14,14,11,2,4,31,105.0,468.90226979397136
2026-09-22 13:21:34,8,19,12,0,3,34,106.0,482.86689451787777
2026-09-22 13:21:47,13,19,12,3,5,39,139.0,651.7542441218371
2026-09-22 13:21:59,21,21,17,1,4,43,132.0,631.5130316772105
2026-09-22 13:22:11,26,21,18,1,7,47,151.0,735.5513526470914
2026-09-22 13:22:23,19,19,11,2,9,41,155.0,734.3387908339221
2026-09-22 13:22:37,19,23,16,3,4,46,153.0,742.072583061639
2026-09-22 13:22:51,17,19,19,1,5,44,132.0,634.4794486496822
2026-09-22 13:22:59,19,18,16,0,3,37,106.0,491.5841329309969
2026-09-22 13:23:11,11,18,9,2,4,33,119.0,538.6369024293232
2026-09-22 13:23:23,1,12,0,1,2,15,67.0,252.76344439006533
2026-09-22 13:23:37,3,8,0,3,4,15,77.0,290.48933161246316
2026-09-22 13:23:48,17,9,24,3,3,39,99.0,464.19906595727963
2026-09-22 13:24:02,8,18,7,6,1,32,127.0,571.0564603062429
2026-09-22 13:24:13,12,16,20,1,2,39,103.0,482.9545837737354
2026-09-22 13:24:24,10,16,22,0,3,41,104.0,492.7176403014703
2026-09-22 13:24:36,9,17,8,0,5,30,106.0,470.00264367542553
2026-09-22 13:24:48,5,23,5,0,1,29,103.0,453.3233303112021
2026-09-22 13:25:01,20,17,27,0,2,46,107.0,518.9657933829762
2026-09-22 13:25:13,12,28,14,0,6,48,162.0,792.4748882939216
2026-09-22 13:25:25,15,19,14,2,7,42,146.0,695.13521689126
2026-09-22 13:25:37,11,25,12,0,6,43,148.0,708.0600658199027
2026-09-22 13:25:50,12,17,9,0,8,34,125.0,569.4185076861767
2026-09-22 13:26:01,9,17,15,2,10,44,157.0,754.6460108939402
2026-09-22 13:26:13,16,22,15,0,7,44,145.0,696.9660610166964
2026-09-22 13:26:25,18,16,15,2,8,41,141.0,668.0114161779549
2026-09-22 13:26:37,11,20,6,0,4,30,110.0,487.73859249336607
2026-09-22 13:26:51,5,20,5,0,6,31,121.0,540.354044238767
2026-09-22 13:27:04,8,24,4,0,7,35,142.0,650.8596892607676
2026-09-22 13:27:17,3,14,3,0,5,22,89.0,368.0589852176943
2026-09-22 13:27:29,6,17,2,2,3,24,102.0,430.3253341365565
2026-09-22 13:27:41,13,8,29,0,2,39,73.0,342.2882001503173
2026-09-22 13:27:53,15,15,19,2,1,37,99.0,459.1210298129122
2026-09-22 13:28:07,10,19,12,2,0,33,102.0,461.6887735108485
2026-09-22 13:28:19,8,14,3,2,5,24,103.0,434.5442099614247
2026-09-22 13:28:31,11,15,11,1,2,29,90.0,396.10776434959405
2026-09-22 13:28:44,21,12,32,0,5,49,110.0,540.3225305970961
2026-09-22 13:28:57,17,14,24,0,3,41,98.0,464.2916225917701
2026-09-22 13:29:09,3,17,3,1,5,26,108.0,463.9503815284676
2026-09-22 13:29:22,19,16,19,1,2,38,102.0,475.68328790522395
2026-09-22 13:29:34,11,17,11,0,4,32,103.0,463.1402788310474
2026-09-22 13:29:46,16,15,21,0,5,41,111.0,525.8813276294538
2026-09-22 13:29:58,16,19,17,0,7,43,135.0,645.8656005789653
2026-09-22 13:30:10,16,18,20,1,2,41,111.0,525.8813276294538
2026-09-22 13:30:22,9,22,7,0,0,29,95.0,418.1137512579048
2026-09-22 13:30:34,12,16,13,0,5,34,107.0,487.4222425793672
2026-09-22 13:30:46,8,15,9,1,3,28,94.0,410.52580801872864
2026-09-22 13:30:58,3,10,0,0,0,10,40.0,135.91581091193484
2026-09-22 13:31:10,2,9,2,0,0,11,38.0,132.426452691944
2026-09-22 13:31:23,13,5,17,0,1,23,43.0,179.65631470496166
2026-09-22 13:31:35,14,14,25,3,5,47,132.0,642.9985334398416
2026-09-22 13:31:48,9,23,10,1,7,41,151.0,715.3881123607886
2026-09-22 13:32:01,13,19,12,3,5,39,139.0,651.7542441218371
2026-09-22 13:32:12,7,21,9,2,5,37,137.0,635.3493038825148
2026-09-22 13:32:25,10,18,12,0,3,33,102.0,461.6887735108485
2026-09-22 13:32:37,20,18,27,0,4,49,123.0,604.1788296676621
2026-09-22 13:32:49,7,17,3,0,2,22,83.0,343.24601992211944
2026-09-22 13:33:01,3,16,4,3,3,26,107.0,459.6545446624632
2026-09-22 13:33:15,13,17,8,3,3,31,115.0,513.5596288219687
2026-09-22 13:33:25,16,15,15,1,6,37,118.0,547.2351668477135
2026-09-22 13:33:37,16,25,18,1,3,47,143.0,696.5817445598284
2026-09-22 13:33:49,13,27,17,0,1,45,131.0,632.5520229400714
2026-09-22 13:34:01,15,20,15,0,0,35,95.0,435.4342991533304
2026-09-22 13:34:13,9,13,8,1,3,25,85.0,361.9382057318259
2026-09-22 13:34:26,11,11,8,0,3,22,70.0,289.48459511504046
2026-09-22 13:34:38,23,7,22,0,3,32,68.0,305.7625141797206
2026-09-22 13:34:50,5,19,5,0,2,26,93.0,399.51282853840263
2026-09-22 13:35:07,2,15,0,0,2,17,72.0,280.1067665685238
2026-09-22 13:35:14,16,12,32,0,2,46,92.0,446.2135793573254
2026-09-22 13:35:28,17,10,24,3,5,42,115.0,547.5380133047596
2026-09-22 13:35:40,3,19,4,3,7,33,143.0,647.269555020111
2026-09-22 13:35:53,11,16,6,4,5,31,128.0,571.614195558365
2026-09-22 13:36:04,11,12,12,1,5,30,97.0,430.0967588350592
2026-09-22 13:36:17,8,12,7,1,4,24,86.0,362.8233209386653
2026-09-22 13:36:29,18,15,26,1,2,44,105.0,504.6995614258836
2026-09-22 13:36:42,22,19,22,0,2,43,110.0,526.2608597310087
2026-09-22 13:36:56,17,20,14,0,3,37,112.0,519.4096498893553
2026-09-22 13:37:06,18,17,27,0,5,49,125.0,614.0028756785183
2026-09-22 13:37:18,22,13,21,0,6,40,109.0,513.7793552707695
2026-09-22 13:37:30,20,6,20,0,9,35,98.0,449.1848559686988
2026-09-22 13:37:43,23,11,27,1,2,41,90.0,426.3902656455031
2026-09-22 13:37:54,17,17,19,2,2,40,113.0,532.6336435375867
2026-09-22 13:38:08,17,16,17,0,4,37,105.0,486.9465467712705
2026-09-22 13:38:23,12,24,13,0,6,43,145.0,693.707496918148
2026-09-22 13:38:31,9,16,8,1,1,26,85.0,365.146133610368
2026-09-22 13:38:44,2,19,0,0,6,25,112.0,476.9068122584059
2026-09-22 13:38:56,7,9,7,0,0,16,43.0,164.8281737944173
2026-09-22 13:39:07,14,11,28,4,2,45,112.0,540.8078364067786
2026-09-22 13:39:19,10,8,12,7,2,29,105.0,462.1257250745264
2026-09-22 13:39:31,15,14,16,4,8,42,148.0,704.6576171226471
2026-09-22 13:39:43,9,16,15,4,5,40,137.0,645.7593731384902
2026-09-22 13:39:57,13,19,12,0,8,39,136.0,637.6876057594952
2026-09-22 13:40:08,5,18,3,0,2,23,87.0,363.49068324027127
2026-09-22 13:40:21,16,11,24,3,6,44,125.0,600.83281122129
2026-09-22 13:40:32,16,12,24,0,4,40,96.0,452.50291840361353
2026-09-22 13:40:44,5,20,3,0,5,28,113.0,493.5044287884716
2026-09-22 13:40:56,19,20,19,1,6,46,142.0,688.7209594428283
2026-09-22 13:41:08,13,22,9,0,4,35,121.0,554.6057915531893
2026-09-22 13:41:20,17,24,16,0,7,47,154.0,750.1649556798152
2026-09-22 13:41:32,16,22,20,0,8,50,156.0,769.3647987049949
2026-09-22 13:41:45,10,21,7,0,3,31,109.0,486.76521340517024
2026-09-22 13:41:57,8,22,7,1,1,31,108.0,482.2994775023705
2026-09-22 13:42:09,12,30,11,0,4,45,155.0,748.4394164558097
2026-09-22 13:42:21,10,26,9,1,6,42,156.0,742.7472180481957
2026-09-22 13:42:35,5,11,5,0,5,21,79.0,323.19235381530694
2026-09-22 13:42:45,5,10,12,1,3,26,77.0,330.77943868233336
2026-09-22 13:42:59,16,14,25,1,2,42,100.0,476.12001156935617
2026-09-22 13:43:13,19,16,22,1,4,43,117.0,559.7501871684366
2026-09-22 13:43:23,7,22,10,3,7,42,161.0,766.5532186266635
2026-09-22 13:43:35,13,18,11,6,4,39,149.0,698.6430386629764
2026-09-22 13:43:47,12,16,12,5,4,37,135.0,626.0741315630621
2026-09-22 13:44:00,3,26,3,0,1,30,113.0,501.0405541068215
2026-09-22 13:44:12,22,17,18,2,3,40,118.0,556.2015038711083
2026-09-22 13:44:24,14,19,21,0,2,42,109.0,518.9708126105983
2026-09-22 13:44:36,14,27,10,1,6,44,161.0,773.8726608530214
2026-09-22 13:44:48,19,23,20,0,4,47,136.0,662.4833374834732
2026-09-22 13:45:00,11,19,18,1,9,47,155.0,755.036156690723
2026-09-22 13:45:12,12,18,14,0,5,37,116.0,537.9599945282607
2026-09-22 13:45:24,14,19,12,0,4,35,112.0,513.3541211070843
2026-09-22 13:45:37,17,13,18,0,3,34,88.0,400.87062941106836
2026-09-22 13:45:49,24,15,25,0,1,41,91.0,431.12793526378647
2026-09-22 13:46:01,13,20,11,0,3,34,109.0,496.53293870234603
2026-09-22 13:46:14,5,19,6,0,6,31,118.0,526.9568365303678
2026-09-22 13:46:25,5,14,4,0,4,22,84.0,347.3815141380486
2026-09-22 13:46:37,0,10,0,0,5,15,70.0,264.0812105567847
2026-09-22 13:46:49,5,8,19,1,1,29,64.0,281.676632426378
2026-09-22 13:47:01,19,10,27,1,1,39,80.0,375.1103563291149
2026-09-22 13:47:14,7,14,10,2,5,31,110.0,491.23094930797
2026-09-22 13:47:26,6,22,5,4,1,32,127.0,571.0564603062429
2026-09-22 13:47:38,10,21,13,1,2,37,116.0,537.9599945282607
2026-09-22 13:47:50,6,16,3,0,8,27,115.0,498.20351867014847
2026-09-22 13:48:02,26,14,29,0,6,49,121.0,594.3547836568057
2026-09-22 13:48:14,13,16,16,3,2,37,113.0,524.0472360490816
2026-09-22 13:48:27,16,15,13,0,6,34,109.0,496.53293870234603
2026-09-22 13:48:39,10,14,12,1,5,32,105.0,472.1332939539804
2026-09-22 13:48:52,20,18,18,0,5,41,120.0,568.5203541940042
2026-09-22 13:49:04,12,21,11,0,7,39,137.0,642.3764852136092
2026-09-22 13:49:16,16,18,18,0,6,42,126.0,599.9112145773888
2026-09-22 13:49:28,16,15,18,0,6,39,114.0,534.5322577689886
2026-09-22 13:49:39,16,23,17,0,5,45,139.0,671.1811541119843
2026-09-22 13:49:51,8,25,7,1,4,37,138.0,639.9868900422413
2026-09-22 13:50:04,18,15,15,0,4,34,99.0,450.9794580874519
2026-09-22 13:50:15,5,19,6,0,8,33,130.0,588.426868200101
2026-09-22 13:50:27,1,17,1,0,6,24,105.0,442.9819616111611
2026-09-22 13:50:42,12,11,12,0,5,28,86.0,375.58744137883684
2026-09-22 13:50:53,18,8,30,1,4,43,93.0,444.9296359543983
2026-09-22 13:51:05,15,16,13,1,4,34,108.0,491.9775906408566
2026-09-22 13:51:19,8,20,8,2,3,33,120.0,543.1632629539394
2026-09-22 13:51:29,13,15,11,2,7,35,127.0,582.106905183926
2026-09-22 13:51:42,9,14,7,2,5,28,107.0,467.3006538085528
2026-09-22 13:51:58,15,11,15,0,0,26,59.0,253.45437509425543
2026-09-22 13:52:06,22,7,27,0,1,35,61.0,279.5946552458227
2026-09-22 13:52:18,17,17,18,1,1,37,99.0,459.1210298129122
2026-09-22 13:52:34,15,19,9,1,2,31,104.0,464.4365338911716
2026-09-22 13:52:49,21,15,21,0,2,38,93.0,433.7112330900571
2026-09-22 13:52:59,13,22,17,1,4,44,136.0,653.7060986087635
2026-09-22 13:53:09,12,21,8,0,6,35,128.0,586.6904241223821
2026-09-22 13:53:28,18,11,18,1,7,37,111.0,514.7720637296288
2026-09-22 13:53:32,21,14,20,1,5,40,113.0,532.6336435375867
2026-09-22 13:53:45,18,12,13,1,3,29,86.0,378.5029748229454
2026-09-22 13:53:55,12,14,11,1,1,27,80.0,346.5763608140163
2026-09-22 13:54:07,7,20,6,1,5,32,123.0,553.070430060377
2026-09-22 13:54:19,2,18,2,0,4,24,98.0,413.4498308370837
2026-09-22 13:54:32,3,12,4,1,3,20,77.0,311.42822770470354
2026-09-22 13:54:45,14,7,30,1,0,38,65.0,303.131506998427
2026-09-22 13:54:55,16,18,14,4,1,37,120.0,556.5103391671663
2026-09-22 13:55:07,12,13,19,1,5,38,108.0,503.6646577820018
2026-09-22 13:55:20,4,15,3,1,6,25,106.0,451.35823303027706
2026-09-22 13:55:32,20,14,19,1,2,36,94.0,433.42628378855704
2026-09-22 13:55:44,8,15,7,0,1,23,73.0,304.9979296154
2026-09-22 13:55:56,9,14,11,0,4,29,91.0,400.5089617312562
2026-09-22 13:56:08,16,8,21,0,8,37,101.0,468.396202132365
2026-09-22 13:56:20,16,19,14,0,2,35,102.0,467.51893172252323
2026-09-22 13:56:32,20,20,20,0,2,42,112.0,533.2544129576789
2026-09-22 13:56:44,12,21,13,0,7,41,139.0,658.5360769413882
2026-09-22 13:56:57,20,29,16,0,7,52,174.0,864.8307929580693
2026-09-22 13:57:09,23,16,26,0,2,44,102.0,490.2795739565726
2026-09-22 13:57:21,14,27,10,0,6,43,154.0,736.7652036234123
2026-09-22 13:57:33,4,21,3,0,3,27,105.0,454.8814735683965
2026-09-22 13:57:45,2,29,2,0,3,34,136.0,619.5273363625602
2026-09-22 13:57:57,8,23,8,3,3,37,139.0,644.6244762019676
2026-09-22 13:58:09,12,18,10,0,0,28,82.0,358.1182580588909
2026-09-22 13:58:21,2,14,1,0,1,16,63.0,241.49244067554162
2026-09-22 13:58:34,20,8,21,3,1,33,80.0,362.10884196929294
2026-09-22 13:58:46,13,14,16,4,3,37,118.0,547.2351668477135
2026-09-22 13:58:58,12,10,20,7,5,42,139.0,661.8068160814051
2026-09-22 13:59:12,9,17,11,5,7,40,156.0,735.3172424058721
2026-09-22 13:59:23,5,23,3,2,4,32,133.0,598.0355056750418
2026-09-22 13:59:35,13,16,17,3,7,43,144.0,688.9233072842296
2026-09-22 13:59:47,20,14,28,0,4,46,108.0,523.8159409846863
2026-09-22 14:00:00,12,25,16,0,2,43,128.0,612.3762731415375
2026-09-22 14:00:12,6,17,5,3,11,36,160.0,737.7468660230759
2026-09-22 14:00:24,16,13,23,2,5,43,119.0,569.3185664362732
2026-09-22 14:00:36,11,26,10,1,5,42,151.0,718.9412174697278
2026-09-22 14:00:48,13,28,14,0,5,47,156.0,759.907357701631
2026-09-22 14:01:00,7,17,7,0,4,28,99.0,432.362287168661
2026-09-22 14:01:12,16,19,15,1,6,41,134.0,634.8477288499713
2026-09-22 14:01:26,14,16,13,0,11,40,143.0,674.0408055387161
2026-09-22 14:01:38,11,27,10,1,12,50,197.0,971.5696496466923
2026-09-22 14:01:52,12,21,7,0,12,40,163.0,768.3122468728022
2026-09-22 14:02:05,0,14,0,0,10,24,116.0,489.3895956847113
2026-09-22 14:02:16,8,19,5,1,6,31,124.0,553.7512519471661
2026-09-22 14:02:28,13,13,27,1,1,42,92.0,438.0304106438077
2026-09-22 14:02:40,11,16,10,0,3,29,92.0,404.91015911291834
2026-09-22 14:02:53,7,21,10,2,2,35,120.0,550.0222726147332
2026-09-22 14:03:05,10,16,10,1,4,31,105.0,468.90226979397136
2026-09-22 14:03:17,5,12,2,0,2,16,62.0,237.6592273314854
2026-09-22 14:03:29,24,14,29,1,7,51,134.0,663.4666582899113
2026-09-22 14:03:41,15,18,18,1,3,40,115.0,542.0607876709954
2026-09-22 14:03:53,13,20,11,0,2,33,103.0,466.21513403546464
2026-09-22 14:04:05,10,16,14,0,3,33,96.0,434.5306103631515
2026-09-22 14:04:17,18,18,19,1,4,42,122.0,580.8664141146146
2026-09-22 14:04:29,17,17,9,0,3,29,95.0,418.1137512579048
2026-09-22 14:04:42,16,19,22,2,2,45,124.0,598.7515331646478
2026-09-22 14:04:54,6,21,5,1,4,31,120.0,535.8883083359673
2026-09-22 14:05:06,7,22,6,0,6,34,130.0,592.1952479936238
2026-09-22 14:05:18,18,18,15,0,6,39,123.0,576.7321728560141
2026-09-22 14:05:30,7,15,6,0,5,26,96.0,412.4003391364156
2026-09-22 14:05:42,7,17,9,0,4,30,101.0,447.8327076529998
2026-09-22 14:05:54,11,19,7,0,2,28,95.0,414.8931038487151
2026-09-22 14:06:06,15,13,25,1,3,42,102.0,485.64241180074333
2026-09-22 14:06:18,15,14,29,0,5,48,115.0,562.5593342827221
2026-09-22 14:06:31,15,13,16,3,2,34,101.0,460.09015421043074
2026-09-22 14:06:43,4,17,6,2,7,32,130.0,584.5459829906424
2026-09-22 14:06:55,11,18,13,5,6,42,156.0,742.7472180481957
2026-09-22 14:07:07,22,15,27,3,4,49,132.0,648.3870367165154
2026-09-22 14:07:19,8,23,8,1,1,33,113.0,511.47873928162625
2026-09-22 14:07:32,9,19,5,0,7,31,123.0,549.2855160443664
2026-09-22 14:07:44,10,23,12,0,2,37,116.0,537.9599945282607
2026-09-22 14:07:56,15,23,11,0,6,40,139.0,655.1865172718988
2026-09-22 14:08:08,11,26,8,1,7,42,161.0,766.5532186266635
2026-09-22 14:08:20,10,25,10,1,6,42,153.0,728.463617701115
2026-09-22 14:08:32,7,27,5,1,6,39,156.0,731.465194841774
2026-09-22 14:08:44,5,22,5,1,7,35,142.0,650.8596892607676
2026-09-22 14:08:56,7,21,4,0,3,28,106.0,462.9333579785663
2026-09-22 14:09:09,7,11,7,0,5,23,81.0,338.4223602581836
2026-09-22 14:09:21,0,14,0,0,2,16,68.0,260.6585073958227
2026-09-22 14:09:33,3,9,4,1,4,18,71.0,280.05516752081724
2026-09-22 14:09:45,19,8,25,2,1,36,77.0,355.04067927360524
2026-09-22 14:09:57,16,12,22,4,0,38,98.0,457.02904132070535
2026-09-22 14:10:09,18,20,18,4,0,42,126.0,599.9112145773888
2026-09-22 14:10:21,14,14,25,1,2,42,100.0,476.12001156935617
2026-09-22 14:10:35,17,23,12,3,1,39,131.0,614.2432084889256
2026-09-22 14:10:47,17,17,23,2,3,45,123.0,593.9228917681587
2026-09-22 14:10:59,15,15,7,0,9,31,121.0,540.354044238767
2026-09-22 14:11:11,7,22,7,1,7,37,144.0,667.8124070005995
2026-09-22 14:11:24,5,19,7,4,5,35,141.0,646.2761703223115
2026-09-22 14:11:36,9,17,11,2,11,41,159.0,753.2894693070555
2026-09-22 14:11:48,8,19,7,0,6,32,119.0,535.0843998145111
2026-09-22 14:12:00,11,21,8,2,2,33,118.0,534.110541904707
2026-09-22 14:12:12,12,17,9,1,0,27,84.0,363.9051788547172
2026-09-22 14:12:24,17,17,14,1,3,35,107.0,490.4365264148038
2026-09-22 14:12:36,17,13,20,0,2,35,84.0,385.0155908303132
2026-09-22 14:12:48,7,13,7,0,3,23,77.0,321.7101449367918
2026-09-22 14:13:00,11,9,16,1,2,28,71.0,310.0780039290397
2026-09-22 14:13:13,5,8,4,0,0,12,36.0,128.33817686861534
2026-09-22 14:13:25,18,2,26,4,5,37,92.0,426.6579266948275
2026-09-22 14:13:37,13,12,15,5,2,34,110.0,501.0882867638354
2026-09-22 14:13:49,6,24,7,5,4,40,162.0,763.5986748060978
2026-09-22 14:14:01,4,19,3,2,4,28,117.0,510.9736121084175
2026-09-22 14:14:13,16,15,18,1,6,40,121.0,570.3422200712213
2026-09-22 14:14:26,25,15,26,0,2,43,98.0,468.8505841239896
2026-09-22 14:14:37,7,25,4,0,6,35,140.0,641.6926513838554
2026-09-22 14:14:50,11,25,9,1,4,39,140.0,656.4431235759511
2026-09-22 14:15:02,10,17,20,0,9,46,142.0,688.7209594428283
2026-09-22 14:15:14,9,21,10,0,7,38,136.0,634.2443838736319
2026-09-22 14:15:26,14,20,15,0,5,40,125.0,589.1965083380385
2026-09-22 14:15:38,11,28,12,2,6,48,174.0,851.1767318712491
2026-09-22 14:15:50,8,14,8,0,3,25,82.0,349.1639161177615
2026-09-22 14:16:03,22,13,19,0,7,39,113.0,529.8433783148747
2026-09-22 14:16:16,10,22,7,2,9,40,163.0,768.3122468728022
2026-09-22 14:16:28,13,12,18,1,4,35,97.0,444.6013370302427
2026-09-22 14:16:40,13,16,12,0,7,35,118.0,540.855234737821
2026-09-22 14:16:52,5,13,11,0,3,27,81.0,350.90856532419156
2026-09-22 14:17:06,10,18,9,0,3,30,99.0,438.9647332440295
2026-09-22 14:17:17,11,17,15,1,1,34,96.0,437.31341390298365
2026-09-22 14:17:29,18,10,28,0,3,41,86.0,407.43958717236967
2026-09-22 14:17:41,8,17,9,2,3,31,109.0,486.76521340517024
2026-09-22 14:17:53,7,22,6,1,4,33,125.0,565.7950655770202
2026-09-22 14:18:05,7,20,10,3,6,39,147.0,689.2652797547486
2026-09-22 14:18:17,18,16,15,6,7,44,163.0,783.485985832562
2026-09-22 14:18:29,15,19,18,0,3,40,112.0,527.9200714708825
2026-09-22 14:18:41,10,22,12,0,3,37,118.0,547.2351668477135
2026-09-22 14:18:54,10,12,16,1,3,32,89.0,400.1891729705167
2026-09-22 14:19:06,18,17,16,1,4,38,115.0,536.3095893049093
2026-09-22 14:19:18,10,17,15,2,7,41,139.0,658.5360769413882
2026-09-22 14:19:30,12,20,13,1,5,39,130.0,609.5543290348116
2026-09-22 14:19:42,9,13,13,0,4,30,89.0,394.62486119917804
2026-09-22 14:19:54,20,21,19,0,1,41,109.0,516.4059883928871
2026-09-22 14:20:06,18,16,22,0,5,43,116.0,554.9659975345184
2026-09-22 14:20:19,9,19,13,0,7,39,131.0,614.2432084889256
2026-09-22 14:20:31,15,15,14,0,12,41,146.0,691.6997642693717
2026-09-22 14:20:43,2,15,2,0,4,21,86.0,351.82965098881516
2026-09-22 14:20:56,5,15,3,1,2,21,82.0,335.4654811753819
2026-09-22 14:21:09,14,13,19,5,0,37,106.0,491.5841329309969
2026-09-22 14:21:21,13,24,12,5,6,47,179.0,871.9449809525124
2026-09-22 14:21:33,7,19,4,3,5,31,131.0,585.0114032667642
2026-09-22 14:21:45,19,14,30,3,3,50,125.0,616.4782040905408
2026-09-22 14:21:57,4,23,7,1,4,35,130.0,595.8574619992943
2026-09-22 14:22:09,19,17,29,1,4,51,128.0,633.7591959784227
2026-09-22 14:22:21,14,17,17,0,7,41,127.0,601.6840415219878
2026-09-22 14:22:33,11,24,2,4,8,38,174.0,811.4597264265584
2026-09-22 14:22:46,8,22,11,2,9,44,167.0,802.7126357916434
2026-09-22 14:22:58,13,21,12,1,9,43,157.0,751.1177725251671
2026-09-22 14:23:10,18,23,13,1,10,47,172.0,837.8465738761572
2026-09-22 14:23:22,19,24,16,0,3,43,130.0,621.944652409374
2026-09-22 14:23:34,16,24,13,1,3,41,134.0,634.8477288499713
2026-09-22 14:23:46,17,29,17,1,2,49,152.0,746.6274968250782
2026-09-22 14:23:59,12,26,10,0,6,42,150.0,714.1800173540342
2026-09-22 14:24:12,14,23,12,0,4,39,128.0,600.1765701265838
2026-09-22 14:24:24,13,21,12,0,8,41,144.0,682.224425032805
2026-09-22 14:24:36,3,10,3,0,1,14,49.0,181.6944598540083
2026-09-22 14:24:48,16,3,17,2,1,23,49.0,204.72463768704932
2026-09-22 14:25:00,19,17,22,4,2,45,130.0,627.7233815435824
2026-09-22 14:25:12,21,22,14,4,0,40,130.0,612.7643686715601
2026-09-22 14:25:24,13,21,16,4,3,44,146.0,701.7727235064667
2026-09-22 14:25:37,11,25,8,1,1,35,121.0,554.6057915531893
2026-09-22 14:25:49,5,21,7,0,1,29,97.0,426.9161460212291
2026-09-22 14:26:01,13,13,28,0,3,44,98.0,471.05292399749135
2026-09-22 14:26:13,10,23,8,0,1,32,106.0,476.62980151544684
2026-09-22 14:26:30,11,15,9,2,3,29,101.0,444.52093554787774
2026-09-22 14:26:38,18,15,18,0,7,40,120.0,565.628648004517
2026-09-22 14:26:51,17,15,20,4,5,44,138.0,663.3194235883041
2026-09-22 14:27:03,17,17,17,1,9,44,146.0,701.7727235064667
2026-09-22 14:27:15,6,19,7,3,10,39,164.0,768.9762304746855
2026-09-22 14:27:27,20,16,18,0,6,40,118.0,556.2015038711083
2026-09-22 14:27:39,13,17,10,0,2,29,90.0,396.10776434959405
2026-09-22 14:27:51,14,16,14,0,4,34,102.0,464.6455022719201
2026-09-22 14:28:03,11,18,12,0,2,32,96.0,431.66472590078206
2026-09-22 14:28:15,9,16,8,2,3,29,104.0,457.7245276928642
2026-09-22 14:28:28,1,16,2,0,1,19,72.0,287.69272369588737
2026-09-22 14:28:40,18,15,22,2,2,41,108.0,511.66831877460373
2026-09-22 14:28:52,12,17,18,5,4,44,145.0,696.9660610166964
2026-09-22 14:29:04,15,19,24,6,2,51,154.0,762.4915326615397
2026-09-22 14:29:16,7,25,7,0,3,35,125.0,572.9398673070137
2026-09-22 14:29:30,11,24,11,0,1,36,113.0,521.0337241287973
2026-09-22 14:29:42,11,20,15,1,0,36,102.0,470.31362708971085
2026-09-22 14:29:54,8,26,5,1,2,34,128.0,583.0845518706449
2026-09-22 14:30:06,11,21,14,1,3,39,123.0,576.7321728560141
2026-09-22 14:30:19,20,19,22,0,5,46,128.0,620.8188930188875
2026-09-22 14:30:30,11,24,12,0,4,40,132.0,622.1915128049686
2026-09-22 14:30:44,9,19,8,3,5,35,135.0,618.7750566915748
2026-09-22 14:30:56,4,22,5,3,4,34,138.0,628.638032485539
2026-09-22 14:31:08,4,25,6,0,4,35,130.0,595.8574619992943
2026-09-22 14:31:20,8,21,6,0,1,28,96.0,419.26039967870156
2026-09-22 14:31:32,9,24,12,0,3,39,126.0,590.7988112183559
2026-09-22 14:31:45,10,15,15,0,5,35,105.0,481.26948853789156
2026-09-22 14:31:58,1,19,0,0,1,20,82.0,331.65083989332066
2026-09-22 14:32:10,6,11,4,0,1,16,54.0,206.99352057903567
2026-09-22 14:32:22,17,10,30,2,4,46,108.0,523.8159409846863
2026-09-22 14:32:34,13,17,16,1,3,37,109.0,505.49689141017603
2026-09-22 14:32:48,13,20,19,0,0,39,99.0,464.19906595727963
2026-09-22 14:33:00,8,21,12,2,1,36,116.0,534.86647786673
2026-09-22 14:33:12,9,14,14,2,6,36,120.0,553.3101495173069
2026-09-22 14:33:26,25,13,32,1,3,49,109.0,535.410507591668
2026-09-22 14:33:38,13,31,8,1,8,48,187.0,914.7703957466872
2026-09-22 14:33:50,4,22,5,3,5,35,144.0,660.0267271376798
2026-09-22 14:34:02,15,17,17,1,8,43,140.0,669.7865487485566
2026-09-22 14:34:16,10,19,10,1,6,36,129.0,594.8084107311049
2026-09-22 14:34:28,9,17,5,1,14,37,164.0,760.5641301951273
2026-09-22 14:34:40,12,24,5,0,7,36,143.0,659.361261508124
2026-09-22 14:34:54,19,19,18,1,7,45,143.0,690.4957196979406
2026-09-22 14:35:06,5,26,5,0,5,36,139.0,640.9175898575471
2026-09-22 14:35:18,4,26,4,0,3,33,126.0,570.3214261016363
2026-09-22 14:35:30,8,17,6,0,1,24,80.0,337.51006598945605
2026-09-22 14:35:43,0,16,0,0,3,19,82.0,327.65004643142726
2026-09-22 14:35:55,4,14,1,0,2,17,69.0,268.43565129483534
2026-09-22 14:36:07,20,7,31,4,0,42,87.0,414.2244100653399
2026-09-22 14:36:19,11,12,15,8,4,39,143.0,670.5097619382929
2026-09-22 14:36:31,18,20,23,2,0,45,117.0,564.9510433892241
2026-09-22 14:36:43,17,19,15,3,1,38,118.0,550.3002742432983
2026-09-22 14:36:55,7,20,6,1,4,31,117.0,522.491100627568
2026-09-22 14:37:08,23,14,20,1,8,43,131.0,626.7288420432923
2026-09-22 14:37:21,9,25,11,1,2,39,130.0,609.5543290348116
2026-09-22 14:37:35,14,18,13,1,4,36,116.0,534.86647786673
2026-09-22 14:37:47,13,20,22,2,1,45,122.0,589.0942503716695
2026-09-22 14:37:59,20,11,30,0,3,44,92.0,442.2129490588694
2026-09-22 14:38:11,24,16,28,1,4,49,123.0,604.1788296676621
2026-09-22 14:38:23,2,11,5,0,7,23,91.0,380.202898561663
2026-09-22 14:38:36,9,15,10,0,4,29,94.0,413.7125538762427
2026-09-22 14:38:48,6,16,8,0,7,31,114.0,509.09389291916887
2026-09-22 14:39:00,4,12,4,0,2,18,64.0,252.44409466665218
2026-09-22 14:39:12,12,14,11,1,2,28,86.0,375.58744137883684
2026-09-22 14:39:24,11,9,9,0,1,19,51.0,203.78234595125355
2026-09-22 14:39:36,6,17,5,0,1,23,79.0,330.0662525974877
2026-09-22 14:39:48,18,6,30,2,1,39,74.0,346.97707960443125
2026-09-22 14:40:00,18,7,24,0,6,37,88.0,408.10758205592197
2026-09-22 14:40:12,3,15,4,2,2,23,90.0,376.02484473131506
2026-09-22 14:40:25,5,17,6,1,3,27,99.0,428.88824650734523
2026-09-22 14:40:37,11,17,9,0,6,32,113.0,508.10535444571224
2026-09-22 14:40:49,26,13,29,0,2,44,93.0,447.0196115486397
2026-09-22 14:41:01,17,17,17,5,8,47,168.0,818.3617698325256
2026-09-22 14:41:13,16,22,14,0,3,39,120.0,562.6655344936723
2026-09-22 14:41:25,13,14,14,0,1,29,76.0,334.49100100632387
2026-09-22 14:41:37,17,7,29,0,0,36,57.0,262.8223210207208
2026-09-22 14:41:49,15,16,20,1,1,38,97.0,452.3654796745757
2026-09-22 14:42:01,1,16,3,0,2,21,79.0,323.19235381530694
2026-09-22 14:42:14,6,14,12,1,5,32,105.0,472.1332939539804
2026-09-22 14:42:26,10,16,12,0,0,28,76.0,331.91448307897207
2026-09-22 14:42:38,10,16,8,1,4,29,103.0,453.3233303112021
2026-09-22 14:42:50,12,19,9,0,2,30,97.0,430.0967588350592
2026-09-22 14:43:02,18,16,19,1,5,41,120.0,568.5203541940042
2026-09-22 14:43:14,5,14,4,0,2,20,72.0,291.2056155160864
2026-09-22 14:43:26,11,10,17,0,3,30,75.0,332.549040336386
2026-09-22 14:43:38,18,10,28,2,4,44,106.0,509.5062239156539
2026-09-22 14:43:52,12,17,19,3,7,46,150.0,727.5221402565088
2026-09-22 14:44:04,12,16,15,1,4,36,110.0,507.20097039086465
2026-09-22 14:44:16,5,20,8,3,4,35,133.0,609.6080188146626
2026-09-22 14:44:28,8,17,7,1,5,30,112.0,496.6065669023364
2026-09-22 14:44:41,19,16,32,0,1,49,102.0,501.0263465536709
2026-09-22 14:44:53,22,22,19,0,2,43,119.0,569.3185664362732
2026-09-22 14:45:05,10,21,9,1,10,41,160.0,758.0271389253389
2026-09-22 14:45:17,7,16,7,2,8,33,133.0,602.0059497739495
2026-09-22 14:45:29,14,16,17,0,5,38,111.0,517.6553427203908
2026-09-22 14:45:41,12,19,10,0,2,31,98.0,437.64211847437326
2026-09-22 14:45:54,15,15,15,1,6,37,118.0,547.2351668477135
2026-09-22 14:46:06,15,16,15,0,3,34,97.0,441.8687619644731
2026-09-22 14:46:18,14,14,17,0,8,39,121.0,567.3544139477863
2026-09-22 14:46:30,18,12,22,0,2,36,82.0,378.09526883682634
2026-09-22 14:46:42,17,15,18,1,2,36,97.0,447.2590375264897
2026-09-22 14:46:54,11,9,7,1,2,19,62.0,247.73540096034742
2026-09-22 14:47:06,10,8,9,1,2,20,60.0,242.67134626340535
2026-09-22 14:47:18,15,5,32,2,0,39,66.0,309.46604397151975
2026-09-22 14:47:30,16,17,16,2,1,36,104.0,479.5354629149993
2026-09-22 14:47:43,18,18,24,0,1,43,102.0,487.98734265966266
2026-09-22 14:47:55,7,24,9,2,3,38,137.0,638.9079455197616
2026-09-22 14:48:07,6,21,6,2,4,33,128.0,579.3741471508687
2026-09-22 14:48:19,16,16,17,0,6,39,117.0,548.5988961313304
2026-09-22 14:48:31,11,26,15,0,2,43,131.0,626.7288420432923
2026-09-22 14:48:43,22,17,17,0,3,37,103.0,477.6713744518177
2026-09-22 14:48:55,8,19,8,1,3,31,109.0,486.76521340517024
2026-09-22 14:49:09,16,18,17,0,2,37,101.0,468.396202132365
2026-09-22 14:49:21,13,20,12,2,10,44,166.0,797.905973301873
2026-09-22 14:49:33,18,17,19,3,12,51,180.0,891.2238693446569
2026-09-22 14:49:45,15,17,8,0,8,33,124.0,561.268705052404
2026-09-22 14:49:57,9,16,7,4,9,36,153.0,705.4704406345662
2026-09-22 14:50:10,13,13,12,1,3,29,89.0,391.70656696793185
2026-09-22 14:50:22,9,15,6,0,3,24,84.0,354.3855692889289
2026-09-22 14:50:34,3,28,4,0,4,36,140.0,645.5285077701914
2026-09-22 14:50:47,0,14,0,0,3,17,74.0,287.88751008431615
2026-09-22 14:50:58,2,12,5,1,5,23,90.0,376.02484473131506
2026-09-22 14:51:11,21,9,24,6,2,41,114.0,540.094336484304
2026-09-22 14:51:25,21,11,25,2,2,40,95.0,447.78934633690926
2026-09-22 14:51:37,7,19,5,2,3,29,113.0,497.33530412782363
2026-09-22 14:51:49,9,14,14,2,4,34,108.0,491.9775906408566
2026-09-22 14:52:01,15,19,15,1,4,39,122.0,572.0432934019002
2026-09-22 14:52:14,13,23,16,0,6,45,144.0,695.3243610944297
2026-09-22 14:52:26,11,14,16,0,7,37,114.0,528.684822208808
2026-09-22 14:52:38,9,17,10,0,3,30,96.0,425.66277163057407
2026-09-22 14:52:50,9,24,11,0,6,41,143.0,677.4867554145217
2026-09-22 14:53:02,12,16,20,1,6,43,127.0,607.5920835076192
2026-09-22 14:53:14,2,22,5,0,4,31,117.0,522.491100627568
2026-09-22 14:53:26,8,20,8,1,15,44,185.0,889.2325606075092
2026-09-22 14:53:40,13,25,12,0,10,47,172.0,837.8465738761572
2026-09-22 14:53:52,10,25,9,0,4,38,133.0,620.2536989352429
2026-09-22 14:54:04,15,11,14,3,4,32,103.0,463.1402788310474
2026-09-22 14:54:16,13,13,13,0,3,29,83.0,365.29938267795893
2026-09-22 14:54:29,2,16,3,1,1,21,80.0,327.2833962686653
2026-09-22 14:54:41,1,13,1,0,7,21,95.0,388.64903306904
2026-09-22 14:54:53,23,9,34,2,2,47,96.0,467.6352970471575
2026-09-22 14:55:05,15,14,20,4,3,41,122.0,577.9956934305709
2026-09-22 14:55:17,16,20,20,0,2,42,112.0,533.2544129576789
2026-09-22 14:55:30,12,23,19,0,2,44,123.0,591.2194862417493
2026-09-22 14:55:41,7,22,8,0,2,32,108.0,485.62281663837985
2026-09-22 14:55:53,12,25,7,2,3,37,139.0,644.6244762019676
2026-09-22 14:56:06,20,16,20,0,6,42,120.0,571.3440138832275
2026-09-22 14:56:18,16,20,11,2,4,37,129.0,598.2486146047038
2026-09-22 14:56:30,10,15,7,1,10,33,134.0,606.5323102985657
2026-09-22 14:56:43,16,17,20,0,5,42,118.0,561.8216136518403
2026-09-22 14:56:54,17,14,17,1,5,37,110.0,510.1344775699024
2026-09-22 14:57:06,11,19,14,0,4,37,114.0,528.684822208808
2026-09-22 14:57:18,16,16,19,0,2,37,95.0,440.57068517400666
2026-09-22 14:57:30,6,12,7,0,1,20,61.0,246.71586870112878
2026-09-22 14:57:40,9,17,9,0,2,28,89.0,388.6893288687962
2026-09-22 14:57:54,10,11,9,0,0,20,53.0,214.3596891993414
2026-09-22 14:58:07,5,12,6,0,4,22,78.0,322.56854884247366
2026-09-22 14:58:19,3,17,4,2,1,24,92.0,388.13657588787447
2026-09-22 14:58:32,7,17,5,1,2,25,92.0,391.74488149797634
2026-09-22 14:58:43,15,11,35,2,1,49,99.0,486.2902775373865
2026-09-22 14:58:55,17,12,18,2,3,35,98.0,449.1848559686988
2026-09-22 14:59:07,9,18,17,6,0,41,131.0,620.6347199951213
2026-09-22 14:59:19,14,19,17,1,5,42,130.0,618.956015040163
2026-09-22 14:59:32,8,24,8,0,6,38,140.0,652.8986304581505
2026-09-22 14:59:44,16,24,24,1,2,51,139.0,688.2228768828184
2026-09-22 14:59:56,18,26,18,1,6,51,165.0,816.9552135659354
2026-09-22 15:00:08,17,19,15,0,4,38,115.0,536.3095893049093
2026-09-22 15:00:20,11,25,10,1,2,38,129.0,601.5994523507244
2026-09-22 15:00:32,14,25,10,1,14,50,201.0,991.2969521775896
2026-09-22 15:00:43,10,25,14,0,11,50,180.0,887.7286138903787
2026-09-22 15:00:54,8,16,5,0,17,38,171.0,797.4690414881695
2026-09-22 15:01:06,13,16,8,0,12,36,144.0,663.9721794207683
2026-09-22 15:01:20,12,20,8,0,6,34,124.0,564.8631596246872
2026-09-22 15:01:32,11,16,9,0,2,27,85.0,368.23738336489237
2026-09-22 15:01:44,4,23,2,1,3,29,119.0,523.7424884177966
2026-09-22 15:01:58,12,20,11,1,3,35,116.0,531.6881968609088
2026-09-22 15:02:10,3,16,1,0,1,18,71.0,280.05516752081724
2026-09-22 15:02:23,19,8,32,2,2,44,90.0,432.59962407932875
2026-09-22 15:02:34,10,14,14,1,2,31,89.0,397.4504953491757
2026-09-22 15:02:46,10,15,16,1,2,34,95.0,432.7580658414942
2026-09-22 15:02:58,9,18,8,1,4,31,111.0,495.6966852107697
2026-09-22 15:03:10,6,20,6,3,2,31,119.0,531.4225724331675
2026-09-22 15:03:23,8,27,7,0,4,38,139.0,648.2350688120208
2026-09-22 15:03:35,10,22,10,1,3,36,123.0,567.1429032552395
2026-09-22 15:03:47,16,14,22,0,4,40,102.0,480.7843508038394
2026-09-22 15:03:59,15,16,19,0,8,43,131.0,626.7288420432923
2026-09-22 15:04:11,11,18,11,0,2,31,95.0,424.24491076597405
2026-09-22 15:04:25,15,20,18,0,4,42,122.0,580.8664141146146
2026-09-22 15:04:37,16,21,11,0,5,37,125.0,579.6982699657982
2026-09-22 15:04:49,5,18,12,4,8,42,160.0,761.7920185109699
2026-09-22 15:05:02,9,22,7,1,11,41,168.0,795.9284958716058
2026-09-22 15:05:13,13,20,11,2,4,37,129.0,598.2486146047038
2026-09-22 15:05:25,11,19,13,0,6,38,125.0,582.9452057662057
2026-09-22 15:05:38,12,19,10,0,4,33,110.0,497.89965770777775
2026-09-22 15:05:50,14,22,11,0,2,35,111.0,508.7706021686282
2026-09-22 15:06:02,13,17,17,0,4,38,109.0,508.32821942813143
2026-09-22 15:06:14,13,16,13,0,4,33,101.0,457.1624129862323
2026-09-22 15:06:26,4,14,3,0,5,22,89.0,368.0589852176943
2026-09-22 15:06:38,14,10,15,1,1,27,68.0,294.5899066919139
2026-09-22 15:06:50,17,18,17,4,2,41,129.0,611.1593807585544
2026-09-22 15:07:02,9,23,8,2,0,33,114.0,516.0050998062425
2026-09-22 15:07:15,14,20,18,3,0,41,119.0,563.7826845757207
2026-09-22 15:07:27,6,28,6,3,1,38,145.0,676.2164386887987
2026-09-22 15:07:39,17,22,20,3,2,47,141.0,686.8393425380126
2026-09-22 15:07:51,7,24,2,2,7,35,154.0,705.8619165222409
2026-09-22 15:08:03,18,18,25,1,7,51,146.0,722.8815829128883
2026-09-22 15:08:15,18,18,24,0,1,43,102.0,487.98734265966266
2026-09-22 15:08:28,10,25,10,3,5,43,161.0,770.2545310608401
2026-09-22 15:08:40,11,23,15,1,10,49,174.0,854.6920029444975
2026-09-22 15:08:52,8,29,9,0,6,44,161.0,773.8726608530214
2026-09-22 15:09:04,10,20,11,3,10,44,172.0,826.745948240495
2026-09-22 15:09:16,12,34,7,0,5,46,173.0,839.0755350958401
2026-09-22 15:09:28,13,23,9,0,8,40,149.0,702.3222379389418
2026-09-22 15:09:40,17,25,2,3,8,38,171.0,797.4690414881695
2026-09-22 15:09:52,22,20,17,0,7,44,139.0,668.1260860780744
2026-09-22 15:10:05,11,20,11,1,2,34,110.0,501.0882867638354
2026-09-22 15:10:17,13,20,16,1,1,38,109.0,508.32821942813143
2026-09-22 15:10:29,12,22,14,0,4,40,126.0,593.9100804047428
2026-09-22 15:10:41,1,14,1,0,3,18,75.0,295.83292343748303
2026-09-22 15:10:53,10,9,13,0,2,24,61.0,257.3514253169603
2026-09-22 15:11:05,18,12,19,7,3,41,134.0,634.8477288499713
2026-09-22 15:11:17,10,18,15,4,3,40,133.0,626.905084871673
2026-09-22 15:11:29,10,19,14,5,1,39,131.0,614.2432084889256
2026-09-22 15:11:41,14,18,10,1,2,31,101.0,451.0393261827724
2026-09-22 15:11:53,8,21,7,1,1,30,104.0,461.1346692664552
2026-09-22 15:12:06,12,18,10,0,1,29,88.0,387.3053695862697
2026-09-22 15:12:18,19,11,24,0,4,39,92.0,431.3769097784821
2026-09-22 15:12:30,8,22,5,3,2,32,126.0,566.5599527447764
2026-09-22 15:12:42,12,21,10,3,3,37,133.0,616.7989592436093
2026-09-22 15:12:54,12,22,13,0,2,37,113.0,524.0472360490816
2026-09-22 15:13:06,15,23,12,0,5,40,134.0,631.6186569383773
2026-09-22 15:13:18,13,26,12,1,8,47,171.0,832.9753728652493
2026-09-22 15:13:31,14,27,12,1,6,46,163.0,790.5740590787395
2026-09-22 15:13:43,16,22,12,1,2,37,119.0,551.8727530074399
2026-09-22 15:13:55,12,17,20,1,3,41,113.0,535.3566668660205
2026-09-22 15:14:07,22,18,26,1,1,46,111.0,538.3663837898165
2026-09-22 15:14:19,9,17,7,1,4,29,106.0,466.5269224561885
2026-09-22 15:14:31,21,16,22,1,6,45,129.0,622.8947401470932
2026-09-22 15:14:43,15,20,22,0,3,45,120.0,579.4369675786915
2026-09-22 15:14:55,7,14,11,1,4,30,98.0,434.53074603954434
2026-09-22 15:15:08,9,10,2,0,4,16,66.0,252.99208070771027
2026-09-22 15:15:20,19,12,29,3,1,45,104.0,502.1787052348659
2026-09-22 15:15:32,5,18,17,3,3,41,128.0,606.4217111402711
2026-09-22 15:15:44,11,15,14,2,5,36,118.0,544.0883136920185
2026-09-22 15:15:56,23,11,24,5,4,44,127.0,610.4461362008306
2026-09-22 15:16:08,8,22,11,3,1,37,126.0,584.3358561255246
2026-09-22 15:16:20,13,13,14,5,3,35,119.0,545.4387536762771
2026-09-22 15:16:32,26,9,28,2,4,43,102.0,487.98734265966266
2026-09-22 15:16:45,18,15,24,1,4,44,115.0,552.7661863235868
2026-09-22 15:16:57,9,23,9,0,7,39,143.0,670.5097619382929
2026-09-22 15:17:09,12,22,16,0,3,41,122.0,577.9956934305709
2026-09-22 15:17:21,24,23,15,0,2,40,119.0,560.9150759378126
2026-09-22 15:17:33,9,33,3,0,7,43,177.0,846.8015652035323
2026-09-22 15:17:45,12,21,13,0,4,38,121.0,564.2909591816872
2026-09-22 15:17:57,17,16,18,2,5,41,126.0,596.9463719037044
2026-09-22 15:18:09,13,23,16,0,5,44,138.0,663.3194235883041
2026-09-22 15:18:22,4,23,3,0,5,31,125.0,558.2169878499659
2026-09-22 15:18:34,9,27,4,1,7,39,161.0,754.9095921123437
2026-09-22 15:18:46,0,24,0,0,8,32,144.0,647.4970888511731
2026-09-22 15:18:58,9,26,13,2,6,47,167.0,813.4905688216178
2026-09-22 15:19:10,20,19,25,0,0,44,101.0,485.47291146680226
2026-09-22 15:19:24,2,23,1,1,2,27,112.0,485.2069051396229
2026-09-22 15:19:36,20,10,34,1,5,50,111.0,547.4326452324002
2026-09-22 15:19:48,17,15,21,3,3,42,120.0,571.3440138832275
2026-09-22 15:20:00,14,11,21,5,2,39,112.0,525.1544988607608
2026-09-22 15:20:12,4,18,9,2,4,33,119.0,538.6369024293232
2026-09-22 15:20:24,13,13,21,2,2,38,99.0,461.692602966835
2026-09-22 15:20:37,5,23,5,3,2,33,130.0,588.426868200101
2026-09-22 15:20:49,12,17,16,1,3,37,109.0,505.49689141017603
2026-09-22 15:21:01,19,14,27,0,4,45,107.0,516.6646294243332
2026-09-22 15:21:13,9,22,7,3,6,38,152.0,708.8613702117062
2026-09-22 15:21:25,3,25,4,0,9,38,158.0,736.8427400884841
2026-09-22 15:21:37,17,19,14,0,9,42,144.0,685.6128166598729
2026-09-22 15:21:50,10,19,9,1,6,35,128.0,586.6904241223821
2026-09-22 15:22:01,11,16,8,0,6,30,108.0,478.8706180843958
2026-09-22 15:22:14,16,16,21,2,2,41,111.0,525.8813276294538
2026-09-22 15:22:26,6,25,5,2,6,38,155.0,722.8520551500952
2026-09-22 15:22:38,11,13,16,0,10,39,128.0,600.1765701265838
2026-09-22 15:22:50,10,17,8,0,5,30,106.0,470.00264367542553
2026-09-22 15:23:02,11,10,11,0,4,25,75.0,319.35724035161115
2026-09-22 15:23:14,13,16,14,0,4,34,102.0,464.6455022719201
2026-09-22 15:23:27,15,18,16,2,5,41,132.0,625.3723896134046
2026-09-22 15:23:39,4,18,3,3,2,26,108.0,463.9503815284676
2026-09-22 15:23:51,13,10,24,2,1,37,84.0,389.5572374170164
2026-09-22 15:24:03,9,15,9,4,2,30,109.0,483.30460528888096
2026-09-22 15:24:15,15,13,23,3,6,45,132.0,637.3806643365606
2026-09-22 15:24:27,10,19,14,8,5,46,176.0,853.6259779009703
2026-09-22 15:24:39,7,20,9,1,4,34,120.0,546.6417673787296
2026-09-22 15:24:51,2,24,2,2,5,33,142.0,642.7431944954949
2026-09-22 15:25:03,11,18,13,1,3,35,110.0,504.1870832301721
2026-09-22 15:25:15,20,11,31,0,2,44,87.0,418.1796366100178
2026-09-22 15:25:28,18,17,20,0,1,38,94.0,438.37479473618674
2026-09-22 15:25:40,4,24,2,2,8,36,160.0,737.7468660230759
2026-09-22 15:25:52,12,20,12,0,6,38,128.0,596.9358907045947
2026-09-22 15:26:06,11,23,8,0,10,41,160.0,758.0271389253389
2026-09-22 15:26:18,14,20,10,0,6,36,126.0,580.9756569931723
2026-09-22 15:26:30,12,17,19,1,2,39,106.0,497.0212221360772
2026-09-22 15:26:42,9,24,8,1,4,37,135.0,626.0741315630621
2026-09-22 15:26:54,13,17,13,2,6,38,131.0,610.9265756429837
2026-09-22 15:27:06,2,13,2,0,4,19,78.0,311.66711733721127
2026-09-22 15:27:18,12,18,8,1,1,28,93.0,406.1585121887421
2026-09-22 15:27:30,18,11,21,0,1,33,71.0,321.37159724774745
2026-09-22 15:27:43,15,14,14,0,0,28,70.0,305.71070809905325
2026-09-22 15:27:55,1,8,1,0,1,10,39.0,132.51791563913645
2026-09-22 15:28:07,16,4,22,0,3,29,56.0,246.46705337308072
2026-09-22 15:28:19,20,12,24,3,1,40,99.0,466.64363460372647
2026-09-22 15:28:31,15,23,18,0,0,41,110.0,521.1436580111705
2026-09-22 15:28:44,5,26,8,2,2,38,138.0,643.5715071658911
2026-09-22 15:28:56,8,26,11,3,1,41,142.0,672.7490857962382
2026-09-22 15:29:08,20,16,16,4,1,37,114.0,528.684822208808
2026-09-22 15:29:20,7,21,4,4,2,31,128.0,571.614195558365
2026-09-22 15:29:32,18,17,21,0,2,40,101.0,476.07077873713513
2026-09-22 15:29:44,13,19,12,3,5,39,139.0,651.7542441218371
2026-09-22 15:29:56,5,25,4,1,3,33,129.0,583.9005076754848
2026-09-22 15:30:08,15,14,19,0,6,39,111.0,520.4656194066469
2026-09-22 15:30:20,10,17,14,1,5,37,119.0,551.8727530074399
2026-09-22 15:30:34,13,20,10,1,3,34,115.0,523.8650270712825
2026-09-22 15:30:46,7,19,5,3,4,31,126.0,562.6827237527656
2026-09-22 15:30:58,11,18,17,2,4,41,127.0,601.6840415219878
2026-09-22 15:31:12,8,23,11,1,7,42,152.0,723.7024175854215
2026-09-22 15:31:24,4,21,4,0,0,25,88.0,374.7124953458904
2026-09-22 15:31:36,11,17,10,1,3,31,103.0,459.9707979883719
2026-09-22 15:31:48,11,12,12,1,2,27,79.0,342.2441563038411
2026-09-22 15:32:00,13,9,17,0,2,28,65.0,283.87422894912083
2026-09-22 15:32:14,0,10,0,1,3,14,65.0,241.02326307164364
2026-09-22 15:32:26,13,2,19,0,0,21,27.0,110.45814624067454
2026-09-22 15:32:38,15,10,27,4,2,43,107.0,511.908290829254
2026-09-22 15:32:50,14,21,21,5,1,48,146.0,714.2057635241515
2026-09-22 15:33:02,8,22,7,2,1,32,115.0,517.0983695686451
2026-09-22 15:33:15,5,18,9,1,2,30,100.0,443.3987204485146
2026-09-22 15:33:27,13,12,26,1,3,42,99.0,471.3588114536626
2026-09-22 15:33:39,10,27,2,0,3,32,128.0,575.5529678677094
2026-09-22 15:33:51,21,19,25,0,3,47,119.0,579.672920298039
2026-09-22 15:34:03,21,16,16,3,3,38,119.0,554.9638358894279
2026-09-22 15:34:15,6,18,10,0,3,31,100.0,446.5735902799727
2026-09-22 15:34:28,10,15,18,0,4,37,102.0,473.03378829209134
2026-09-22 15:34:40,18,15,15,1,2,33,94.0,425.4778893139192
2026-09-22 15:34:52,19,15,27,1,2,45,106.0,511.83598802784405
2026-09-22 15:35:04,18,19,12,0,6,37,124.0,575.0606838060718
2026-09-22 15:35:17,8,25,8,1,11,45,181.0,873.9840927645262
2026-09-22 15:35:29,7,20,6,0,3,29,104.0,457.7245276928642
2026-09-22 15:35:41,11,20,15,0,4,39,119.0,557.9766550395584
2026-09-22 15:35:56,8,14,10,0,1,25,72.0,306.5829507375467
2026-09-22 15:36:07,15,13,18,0,1,32,76.0,341.7345746714525
2026-09-22 15:36:19,1,11,2,0,3,16,64.0,245.32565401959783
2026-09-22 15:36:31,4,12,3,0,3,18,69.0,272.1662895624844
2026-09-22 15:36:44,10,6,17,2,2,27,67.0,290.2577021817387
2026-09-22 15:36:56,14,10,17,4,1,32,91.0,409.18218809344967
2026-09-22 15:37:08,12,17,10,4,2,33,118.0,534.110541904707
2026-09-22 15:37:20,3,22,1,2,4,29,127.0,558.9520674710938
2026-09-22 15:37:32,13,9,30,0,2,41,78.0,369.5382302261027
2026-09-22 15:37:44,13,19,10,0,1,30,92.0,407.9268228126335
2026-09-22 15:37:56,7,16,11,1,0,28,82.0,358.1182580588909
2026-09-22 15:38:09,12,21,22,1,2,46,125.0,606.2684502137573
2026-09-22 15:38:21,17,15,28,1,3,47,113.0,550.4457142325916
2026-09-22 15:38:33,13,22,10,0,1,33,104.0,470.7414945600808
2026-09-22 15:38:45,11,20,18,0,2,40,110.0,518.4929273374739
2026-09-22 15:38:57,12,26,15,0,1,42,125.0,595.1500144616953
2026-09-22 15:39:09,7,19,8,0,4,31,108.0,482.2994775023705
2026-09-22 15:39:22,12,17,15,4,2,38,123.0,573.6180824739465
2026-09-22 15:39:34,11,22,14,2,3,41,134.0,634.8477288499713
2026-09-22 15:39:46,14,26,18,0,7,51,164.0,812.003969847354
2026-09-22 15:39:58,15,17,18,1,7,43,135.0,645.8656005789653
2026-09-22 15:40:10,11,21,14,0,1,36,104.0,479.5354629149993
2026-09-22 15:40:22,13,14,13,0,3,30,87.0,385.7568867902077
2026-09-22 15:40:34,9,15,14,0,3,32,92.0,413.67869565491617
2026-09-22 15:40:46,9,11,15,0,3,29,77.0,338.892198387986
2026-09-22 15:40:59,12,7,13,1,1,22,54.0,223.31668766017407
2026-09-22 15:41:11,15,16,18,3,0,37,103.0,477.6713744518177
2026-09-22 15:41:23,21,20,24,0,3,47,122.0,594.2865233307626
2026-09-22 15:41:35,6,17,2,2,3,24,102.0,430.3253341365565
2026-09-22 15:41:47,3,23,5,2,4,34,135.0,614.9719883010707
2026-09-22 15:41:59,15,15,21,1,3,40,106.0,499.63863907065667
2026-09-22 15:42:11,12,24,14,2,4,44,148.0,711.3860484860073
2026-09-22 15:42:25,18,26,21,2,1,50,145.0,715.1147167450273
2026-09-22 15:42:37,17,28,12,1,4,45,155.0,748.4394164558097
2026-09-22 15:42:49,8,25,10,4,6,45,174.0,840.1836029891025
2026-09-22 15:43:02,11,21,13,0,4,38,121.0,564.2909591816872
2026-09-22 15:43:14,8,28,10,0,4,42,146.0,695.13521689126
2026-09-22 15:43:26,11,26,15,1,5,47,156.0,759.907357701631
2026-09-22 15:43:38,7,32,7,0,6,45,171.0,825.6976787996352
2026-09-22 15:43:50,16,27,19,0,3,49,145.0,712.2433357870813
2026-09-22 15:44:02,13,16,14,0,3,33,96.0,434.5306103631515
2026-09-22 15:44:15,13,24,9,0,2,35,117.0,536.2717157993649
2026-09-22 15:44:26,17,17,16,1,5,39,121.0,567.3544139477863
2026-09-22 15:44:39,11,24,14,0,2,40,122.0,575.0557921379256
2026-09-22 15:44:51,4,22,5,0,2,29,105.0,462.1257250745264
2026-09-22 15:45:03,2,18,0,3,4,25,117.0,498.19729494851333
2026-09-22 15:45:15,11,13,13,1,2,29,84.0,369.7005800596211
2026-09-22 15:45:27,15,7,22,2,0,31,64.0,285.8070977791825
2026-09-22 15:45:39,17,11,23,5,1,40,108.0,509.06578320406527
2026-09-22 15:45:52,6,13,13,5,6,37,136.0,630.7117177227884
2026-09-22 15:46:03,6,17,12,2,2,33,106.0,479.79421560931314
2026-09-22 15:46:16,20,10,28,3,0,41,89.0,421.6525960272198
2026-09-22 15:46:28,9,21,10,1,1,33,107.0,484.3205761339293
2026-09-22 15:46:40,19,22,18,0,2,42,118.0,561.8216136518403
2026-09-22 15:46:52,18,20,18,1,2,41,117.0,554.307345339154
2026-09-22 15:47:04,11,25,16,0,0,41,116.0,549.5696757208707
2026-09-22 15:47:16,5,28,3,1,1,33,128.0,579.3741471508687
2026-09-22 15:47:28,16,22,10,0,1,33,104.0,470.7414945600808
2026-09-22 15:47:40,17,22,16,1,1,40,117.0,551.4879318044041
2026-09-22 15:47:52,10,27,11,0,3,41,137.0,649.0607377048215
2026-09-22 15:48:05,6,27,4,0,3,34,130.0,592.1952479936238
2026-09-22 15:48:17,17,21,16,0,5,42,130.0,618.956015040163
2026-09-22 15:48:29,17,20,17,0,5,42,127.0,604.6724146930824
2026-09-22 15:48:41,12,23,11,0,4,38,127.0,592.2723290584651
2026-09-22 15:48:53,16,19,13,1,1,34,102.0,464.6455022719201
2026-09-22 15:49:07,12,14,14,1,0,29,77.0,338.892198387986
2026-09-22 15:49:19,9,9,8,0,1,18,50.0,197.221948958322
2026-09-22 15:49:31,0,7,0,0,0,7,28.0,86.2243631670354
2026-09-22 15:49:43,17,9,30,2,3,44,98.0,471.05292399749135
2026-09-22 15:49:55,10,12,9,8,1,30,119.0,527.6444773337324
2026-09-22 15:50:07,12,13,17,6,2,38,123.0,573.6180824739465
2026-09-22 15:50:19,20,11,27,9,3,50,152.0,749.6374961740976
2026-09-22 15:50:32,7,14,12,5,1,32,109.0,490.1193241998463
2026-09-22 15:50:44,3,25,4,1,1,31,117.0,522.491100627568
2026-09-22 15:50:56,24,17,36,0,1,54,110.0,550.8066503755718
2026-09-22 15:51:08,15,22,20,0,1,43,114.0,545.3976182666818
2026-09-22 15:51:20,11,25,11,0,2,38,123.0,573.6180824739465
2026-09-22 15:51:32,17,23,12,0,4,39,128.0,600.1765701265838
2026-09-22 15:51:44,13,24,15,1,2,42,130.0,618.956015040163
2026-09-22 15:51:57,9,31,10,0,4,45,158.0,762.9253406452771
2026-09-22 15:52:09,7,28,8,1,4,41,151.0,715.3881123607886
2026-09-22 15:52:21,17,21,13,1,4,39,128.0,600.1765701265838
2026-09-22 15:52:33,8,22,8,6,8,44,186.0,894.0392230972794
2026-09-22 15:52:45,13,20,13,1,3,37,118.0,547.2351668477135
2026-09-22 15:52:57,9,21,8,0,3,32,110.0,494.6158317613128
2026-09-22 15:53:09,7,23,7,0,1,31,105.0,468.90226979397136
2026-09-22 15:53:22,14,21,13,0,3,37,115.0,533.3224083685343
2026-09-22 15:53:33,6,16,7,0,3,26,89.0,382.3294810743853
2026-09-22 15:53:46,2,12,3,0,2,17,63.0,245.09342074745837
2026-09-22 15:53:58,12,12,29,0,0,41,77.0,364.8005606078193
2026-09-22 15:54:10,14,15,15,2,0,32,89.0,400.1891729705167
2026-09-22 15:54:22,15,18,20,1,3,42,117.0,557.0604135361467
2026-09-22 15:54:34,12,23,14,0,2,39,118.0,553.2877755854445
2026-09-22 15:54:46,15,23,14,1,4,42,137.0,652.284415850018
2026-09-22 15:54:58,1,20,8,2,4,34,126.0,573.973855747666
2026-09-22 15:55:11,11,17,13,0,1,31,87.0,388.5190235435762
2026-09-22 15:55:23,14,23,21,0,2,46,125.0,606.2684502137573
2026-09-22 15:55:35,16,17,13,1,7,38,130.0,606.263013996854
2026-09-22 15:55:47,19,23,23,2,5,53,159.0,793.2484634037196
2026-09-22 15:55:59,15,24,21,1,6,52,160.0,795.2467061683396
2026-09-22 15:56:11,15,23,11,0,6,40,139.0,655.1865172718988
2026-09-22 15:56:23,17,26,10,1,3,40,139.0,655.1865172718988
2026-09-22 15:56:35,13,17,20,0,3,40,106.0,499.63863907065667
2026-09-22 15:56:47,8,22,5,0,5,32,123.0,553.070430060377
2026-09-22 15:56:59,15,24,15,1,2,42,130.0,618.956015040163
2026-09-22 15:57:12,17,20,17,0,1,38,103.0,480.34684955135356
2026-09-22 15:57:28,21,18,21,0,0,39,93.0,436.06578923259605
2026-09-22 15:57:40,11,22,9,0,1,32,103.0,463.1402788310474
2026-09-22 15:57:53,16,14,13,0,1,28,75.0,327.5471872489856
2026-09-22 15:58:04,4,6,0,0,1,7,30.0,92.38324625039508
2026-09-22 15:58:16,21,4,35,0,2,41,63.0,298.4731859518522
2026-09-22 15:58:29,13,10,19,3,4,36,104.0,479.5354629149993
2026-09-22 15:58:41,6,11,10,4,6,31,118.0,526.9568365303678
2026-09-22 15:58:53,12,9,26,5,2,42,109.0,518.9708126105983
2026-09-22 15:59:05,5,23,9,0,3,35,119.0,545.4387536762771
2026-09-22 15:59:17,19,12,23,1,0,36,78.0,359.6515971862495
2026-09-22 15:59:29,11,23,13,0,1,37,111.0,514.7720637296288
2026-09-22 15:59:41,18,19,17,1,2,39,112.0,525.1544988607608
2026-09-22 15:59:55,7,17,11,1,3,32,104.0,467.6367863925139
2026-09-22 16:00:08,12,24,10,0,0,34,106.0,482.86689451787777
2026-09-22 16:02:35,18,8,30,2,1,41,82.0,388.48890869923616
2026-09-22 16:02:46,14,12,20,4,2,38,108.0,503.6646577820018
2026-09-22 16:02:59,15,17,22,1,2,42,109.0,518.9708126105983
2026-09-22 16:03:11,13,15,19,1,2,37,98.0,454.4834436531858
2026-09-22 16:03:23,3,22,4,4,1,31,126.0,562.6827237527656
2026-09-22 16:03:36,3,18,3,1,3,25,100.0,425.80965380214815
2026-09-22 16:03:47,22,12,28,1,0,41,83.0,393.22657831751957
2026-09-22 16:03:59,12,15,26,1,4,46,117.0,567.4672694000768
2026-09-22 16:04:11,24,26,25,3,1,55,156.0,783.9548637546834
2026-09-22 16:04:23,10,24,8,0,2,34,116.0,528.4203751327719
2026-09-22 16:04:36,11,22,20,0,0,42,108.0,514.2096124949047
2026-09-22 16:04:48,15,26,12,0,0,38,116.0,540.973150951039
2026-09-22 16:05:00,16,16,23,0,2,41,99.0,469.0292922100534
2026-09-22 16:05:12,11,19,16,0,1,36,98.0,451.86995543913395
2026-09-22 16:05:26,18,19,17,0,1,37,99.0,459.1210298129122
2026-09-22 16:05:38,20,23,19,0,0,42,111.0,528.4932128419854
2026-09-22 16:05:50,15,19,15,0,2,36,103.0,474.92454500235505
2026-09-22 16:06:02,13,15,11,1,0,27,78.0,337.91195179366593
2026-09-22 16:06:15,21,12,26,0,1,39,80.0,375.1103563291149
2026-09-22 16:06:26,6,18,4,1,0,23,83.0,346.77846791887947
2026-09-22 16:06:38,1,16,0,1,2,19,83.0,331.64577870498124
2026-09-22 16:06:50,15,9,29,2,4,44,103.0,495.0862364463429
2026-09-22 16:07:03,16,16,17,5,1,39,122.0,572.0432934019002
2026-09-22 16:07:15,1,14,3,5,2,24,106.0,447.2008374360293
2026-09-22 16:07:27,15,10,22,3,2,37,95.0,440.57068517400666
2026-09-22 16:07:41,7,21,8,3,3,35,131.0,600.4409809377504
2026-09-22 16:07:53,22,17,16,1,1,35,97.0,444.6013370302427
2026-09-22 16:08:05,9,18,8,2,0,28,94.0,410.52580801872864
2026-09-22 16:08:17,18,15,30,0,0,45,90.0,434.57772568401856
2026-09-22 16:08:29,21,18,22,1,0,41,101.0,478.5046314466202
2026-09-22 16:08:41,8,22,8,3,1,34,123.0,560.3078115631978
2026-09-22 16:08:54,17,17,23,1,4,45,122.0,589.0942503716695
2026-09-22 16:09:09,21,20,25,0,0,45,105.0,507.007346631355
2026-09-22 16:09:17,9,21,15,0,2,38,111.0,517.6553427203908
2026-09-22 16:09:30,16,17,15,0,1,33,89.0,402.8460866908384
2026-09-22 16:09:42,8,20,15,0,0,35,95.0,435.4342991533304
2026-09-22 16:09:54,21,16,17,1,0,34,88.0,400.87062941106836
2026-09-22 16:10:08,11,17,18,0,0,35,86.0,394.18262870722543
2026-09-22 16:10:18,13,20,18,0,0,38,98.0,457.02904132070535
2026-09-22 16:10:30,25,14,16,0,1,31,78.0,348.3274004183787
2026-09-22 16:10:43,19,14,26,0,2,42,94.0,447.55281087519484
2026-09-22 16:10:55,10,15,11,0,1,27,77.0,333.57974728349075
2026-09-22 16:11:07,12,1,14,0,0,15,18.0,67.90659700031605
2026-09-22 16:11:19,14,14,21,1,2,38,96.0,447.701918028446
2026-09-22 16:11:31,2,13,6,6,1,26,106.0,455.3587077964589
2026-09-22 16:11:43,21,8,28,4,2,42,100.0,476.12001156935617
2026-09-22 16:11:55,12,17,14,4,3,38,128.0,596.9358907045947
2026-09-22 16:12:07,10,18,21,1,1,41,106.0,502.192979538037
2026-09-22 16:12:19,12,14,19,1,2,36,94.0,433.42628378855704
2026-09-22 16:12:32,16,17,34,0,2,53,114.0,568.7441813083273
2026-09-22 16:12:44,19,20,24,4,4,52,156.0,775.3655385141311
2026-09-22 16:12:56,18,24,14,2,3,43,142.0,679.3549280163932
2026-09-22 16:13:08,15,19,17,0,6,42,129.0,614.1948149244695
2026-09-22 16:13:20,10,21,15,0,3,39,117.0,548.5988961313304
2026-09-22 16:13:33,13,21,15,2,6,44,149.0,716.1927109757776
2026-09-22 16:13:45,6,33,4,2,2,41,162.0,767.5024781619056
2026-09-22 16:13:57,5,39,7,3,1,50,190.0,937.046870217622
2026-09-22 16:14:09,9,34,7,3,3,47,182.0,886.558583985236
2026-09-22 16:14:21,5,37,2,1,2,42,169.0,804.642819552212
2026-09-22 16:14:33,8,31,3,1,2,37,146.0,677.0875793200523
2026-09-22 16:14:45,21,20,16,3,1,40,123.0,579.7693642046298
2026-09-22 16:14:58,13,27,15,2,0,44,137.0,658.5127610985338
2026-09-22 16:15:09,6,25,5,3,1,34,132.0,601.3059441166025
2026-09-22 16:15:22,7,13,16,0,1,30,74.0,328.1150531319008
2026-09-22 16:15:33,14,10,28,1,1,40,81.0,381.7993374030489
2026-09-22 16:15:45,17,17,25,3,2,47,126.0,613.7713273743942
2026-09-22 16:15:58,10,17,18,2,1,38,106.0,494.3375344897425
2026-09-22 16:16:10,4,18,6,0,0,24,78.0,329.0723143397197
2026-09-22 16:16:22,13,13,15,0,0,28,67.0,292.6088206090938
2026-09-22 16:16:35,11,12,14,0,0,26,62.0,266.3418856922684
2026-09-22 16:16:47,15,16,26,0,1,43,96.0,459.2822048561531
2026-09-22 16:16:59,21,21,24,0,1,46,114.0,552.9168265949467
2026-09-22 16:17:11,15,19,13,1,0,33,96.0,434.5306103631515
2026-09-22 16:17:23,15,20,8,0,5,33,118.0,534.110541904707
2026-09-22 16:17:35,10,18,16,1,2,37,107.0,496.22171909072324
2026-09-22 16:17:48,10,20,10,0,4,34,114.0,519.3096790097931
2026-09-22 16:18:00,9,21,14,0,3,38,116.0,540.973150951039
2026-09-22 16:18:12,7,23,6,0,3,32,116.0,521.5948771301116
2026-09-22 16:18:24,2,23,4,0,0,27,96.0,415.8916329768196
2026-09-22 16:18:36,19,13,22,0,0,35,74.0,339.1804014457521
2026-09-22 16:18:48,13,17,10,0,1,28,84.0,366.85284971886387
2026-09-22 16:19:01,10,19,16,0,3,38,110.0,512.9917810742611
2026-09-22 16:19:13,8,11,10,0,0,21,54.0,220.91629248134907
2026-09-22 16:19:25,2,12,3,0,1,16,57.0,218.49316061120433
2026-09-22 16:19:36,7,10,11,0,0,21,51.0,208.6431651212741
2026-09-22 16:19:49,5,6,12,0,0,18,36.0,141.99980324999186
2026-09-22 16:20:01,14,8,24,2,1,35,76.0,348.34743932266434
2026-09-22 16:20:13,7,16,7,3,1,27,98.0,424.55604199717004
2026-09-22 16:20:26,12,14,18,5,1,38,115.0,536.3095893049093
2026-09-22 16:20:38,4,17,12,5,0,34,115.0,523.8650270712825
2026-09-22 16:20:51,13,21,12,2,1,36,116.0,534.86647786673
2026-09-22 16:21:03,20,12,26,3,0,41,95.0,450.07861373692
2026-09-22 16:21:15,12,19,14,7,1,41,145.0,686.9620946510884
2026-09-22 16:21:27,8,21,13,0,2,36,109.0,502.5900524782204
2026-09-22 16:21:40,8,24,9,0,3,36,123.0,567.1429032552395
2026-09-22 16:21:52,4,24,4,0,2,30,112.0,496.6065669023364
2026-09-22 16:22:04,4,28,4,0,1,33,122.0,552.2159840031717
2026-09-22 16:22:16,4,31,3,1,2,37,146.0,677.0875793200523
2026-09-22 16:22:28,4,32,5,2,1,40,153.0,721.1765262057592
2026-09-22 16:22:40,10,31,6,0,0,37,130.0,602.8862007644301
2026-09-22 16:22:53,7,27,9,0,0,36,117.0,539.4773957793742
2026-09-22 16:23:04,7,28,5,0,0,33,117.0,529.5841813800909
2026-09-22 16:23:16,4,27,3,0,2,32,123.0,553.070430060377
2026-09-22 16:23:29,4,25,5,0,0,30,105.0,465.56865647094037
2026-09-22 16:23:41,16,20,18,0,1,39,104.0,487.64346322784934
2026-09-22 16:23:53,4,23,4,0,0,27,96.0,415.8916329768196
2026-09-22 16:24:05,15,5,20,1,0,26,47.0,201.90433270220348
2026-09-22 16:24:17,11,9,8,0,1,18,50.0,197.221948958322
2026-09-22 16:24:29,0,4,4,0,0,8,20.0,63.94449154672439
2026-09-22 16:24:41,3,4,2,2,1,9,38.0,125.49823353377374
2026-09-22 16:24:53,4,6,1,0,2,9,37.0,122.19564844077969
2026-09-22 16:25:05,0,5,1,0,0,6,21.0,61.864113130161584
2026-09-22 16:25:18,1,3,0,0,0,3,12.0,28.63553233343869
2026-09-22 16:25:30,6,22,5,0,2,29,105.0,462.1257250745264
2026-09-22 16:25:42,2,22,2,0,2,26,102.0,438.1753603324416
2026-09-22 16:25:54,0,21,0,2,2,25,110.0,468.39061918236297
2026-09-22 16:26:06,0,29,2,1,5,37,155.0,718.8258547575898
2026-09-22 16:26:18,1,23,4,1,4,32,127.0,571.0564603062429
2026-09-22 16:26:30,3,25,2,0,3,30,120.0,532.0784645382175
2026-09-22 16:26:42,6,32,2,0,4,38,154.0,718.1884935039656
2026-09-22 16:26:55,1,38,3,0,3,44,173.0,831.5526107302653
2026-09-22 16:27:07,3,34,2,2,1,39,158.0,740.8429537500018
2026-09-22 16:27:19,6,36,3,0,2,41,159.0,753.2894693070555
2026-09-22 16:27:31,1,34,4,0,3,41,158.0,748.5517996887721
2026-09-22 16:27:44,1,30,1,0,2,33,133.0,602.0059497739495
2026-09-22 16:27:55,2,34,2,0,4,40,162.0,763.5986748060978
2026-09-22 16:28:07,4,28,1,0,4,33,137.0,620.1113918724142
2026-09-22 16:28:20,1,31,0,2,1,34,144.0,655.9701208544755
2026-09-22 16:28:31,0,26,3,0,2,31,119.0,531.4225724331675
2026-09-22 16:28:44,1,22,0,3,0,25,109.0,464.1325226443415
2026-09-22 16:28:56,2,25,1,6,0,32,143.0,643.0005812897066
2026-09-22 16:29:08,5,16,0,2,1,19,84.0,335.6415109785352
2026-09-22 16:29:21,0,24,0,2,0,26,110.0,472.5420552604762
2026-09-22 16:29:33,1,20,1,0,0,21,81.0,331.3744387220236
2026-09-22 16:29:45,2,23,2,0,0,25,94.0,400.2610745740193
2026-09-22 16:29:56,3,23,2,0,1,26,100.0,429.5836866004329
2026-09-22 16:30:08,4,24,0,0,3,27,114.0,493.8713141599733
2026-09-22 16:30:20,0,29,0,1,2,32,135.0,607.0285207979748
2026-09-22 16:30:33,0,24,0,1,3,28,121.0,528.4427954283634
2026-09-22 16:30:45,1,24,0,1,4,29,127.0,558.9520674710938
2026-09-22 16:30:58,1,30,0,0,2,32,132.0,593.5389981135753
2026-09-22 16:31:09,4,33,2,2,3,40,166.0,782.4529630729152
2026-09-22 16:31:21,4,31,1,0,0,32,125.0,562.06344518331
2026-09-22 16:31:33,4,28,0,0,0,28,112.0,489.13713295848515
2026-09-22 16:31:46,1,36,2,0,1,39,152.0,712.7096770253182
2026-09-22 16:31:58,1,26,7,0,0,33,111.0,502.4260182323939
2026-09-22 16:32:10,3,31,6,0,1,38,136.0,634.2443838736319
2026-09-22 16:32:22,5,28,2,1,0,31,121.0,540.354044238767
2026-09-22 16:32:34,2,29,0,1,0,30,123.0,545.380426151673
2026-09-22 16:32:46,0,26,1,1,0,28,112.0,489.13713295848515
2026-09-22 16:32:58,2,28,1,2,0,31,127.0,567.1484596555654
2026-09-22 16:33:10,4,19,1,4,0,24,105.0,442.9819616111611
2026-09-22 16:33:23,2,21,5,5,0,31,124.0,553.7512519471661
2026-09-22 16:33:35,0,23,0,5,0,28,127.0,554.6465704082823
2026-09-22 16:33:47,1,26,2,5,0,33,141.0,638.2168339708787
2026-09-22 16:34:01,1,18,0,8,0,26,128.0,549.8671188485541
2026-09-22 16:34:13,0,26,0,8,1,35,166.0,760.8641437837142
2026-09-22 16:34:24,5,20,1,7,0,28,130.0,567.7484578982417
2026-09-22 16:34:35,4,26,2,8,1,37,168.0,779.1144748340328
2026-09-22 16:34:48,8,27,3,3,1,34,138.0,628.638032485539
2026-09-22 16:35:01,2,25,1,3,2,31,134.0,598.4086109751635
2026-09-22 16:35:12,2,23,0,4,0,27,120.0,519.8645412210245
2026-09-22 16:35:24,3,25,2,5,1,33,143.0,647.269555020111
2026-09-22 16:35:36,4,22,2,4,1,29,124.0,545.7484753261074
2026-09-22 16:35:48,5,23,2,5,0,30,129.0,571.9843493785838
2026-09-22 16:36:00,5,29,2,7,2,40,179.0,843.7293999400712
2026-09-22 16:36:12,4,22,2,7,2,33,151.0,683.4804392170404
2026-09-22 16:36:24,3,26,1,8,2,37,173.0,802.3024056326648
2026-09-22 16:36:36,1,30,0,6,1,37,168.0,779.1144748340328
2026-09-22 16:36:49,5,29,0,7,3,39,183.0,858.0649401028503
2026-09-22 16:37:01,6,32,3,6,2,43,185.0,885.0750822748784
2026-09-22 16:37:15,6,30,3,6,2,41,177.0,838.5675224361561
2026-09-22 16:37:27,7,26,7,8,3,44,185.0,889.2325606075092
2026-09-22 16:37:39,2,25,4,4,4,37,156.0,723.4634409173161
2026-09-22 16:37:51,4,21,2,4,6,33,150.0,678.9540786924242
2026-09-22 16:38:04,6,21,4,5,4,34,147.0,669.6361650389438
2026-09-22 16:38:16,8,22,9,5,5,41,162.0,767.5024781619056
2026-09-22 16:38:29,7,23,4,11,8,46,221.0,1071.882619977923
2026-09-22 16:38:40,10,23,6,7,5,41,177.0,838.5675224361561
2026-09-22 16:38:53,10,22,2,8,5,37,176.0,816.2151641118439
2026-09-22 16:39:05,4,23,1,7,4,35,166.0,760.8641437837142
2026-09-22 16:39:17,5,30,1,3,3,37,160.0,742.0137855562217
2026-09-22 16:39:29,7,34,2,3,4,43,183.0,875.5067030070419
2026-09-22 16:39:41,7,32,3,2,5,42,175.0,833.2100202463733
2026-09-22 16:39:53,4,34,4,3,4,45,185.0,893.2986583504826
2026-09-22 16:40:05,6,31,3,3,3,40,166.0,782.4529630729152
2026-09-22 16:40:17,6,26,4,2,2,34,134.0,610.4166402395814
2026-09-22 16:40:29,0,27,0,1,3,31,133.0,593.9428750723637
2026-09-22 16:40:42,3,22,0,0,1,23,94.0,392.73706005270685
2026-09-22 16:40:54,6,28,1,1,1,31,126.0,562.6827237527656
2026-09-22 16:41:06,5,26,4,0,0,30,108.0,478.8706180843958
2026-09-22 16:41:18,8,24,7,1,0,32,110.0,494.6158317613128
2026-09-22 16:41:30,5,23,4,1,1,29,109.0,479.730514601175
2026-09-22 16:41:42,15,18,25,0,1,44,103.0,495.0862364463429
2026-09-22 16:41:55,8,20,4,1,1,26,97.0,416.6961760024199
2026-09-22 16:42:06,6,29,2,0,2,33,130.0,588.426868200101
2026-09-22 16:42:18,6,24,2,2,2,30,124.0,549.8144133561582
2026-09-22 16:42:31,1,20,7,0,0,27,87.0,376.90179238524274
2026-09-22 16:42:43,3,21,1,1,0,23,92.0,384.38095239201095
2026-09-22 16:42:55,4,20,4,1,1,26,97.0,416.6961760024199
2026-09-22 16:43:07,13,19,12,0,4,35,112.0,513.3541211070843
2026-09-22 16:43:19,10,24,9,1,3,37,130.0,602.8862007644301
2026-09-22 16:43:31,5,29,3,1,3,36,144.0,663.9721794207683
2026-09-22 16:43:44,5,25,5,2,6,38,155.0,722.8520551500952
2026-09-22 16:43:56,8,25,4,1,4,34,135.0,614.9719883010707
2026-09-22 16:44:08,7,27,4,0,4,35,136.0,623.3585756300309
2026-09-22 16:44:20,9,22,5,2,0,29,107.0,470.92811983785066
2026-09-22 16:44:32,11,28,3,0,1,32,121.0,544.077414937444
2026-09-22 16:44:44,7,28,3,1,3,35,140.0,641.6926513838554
2026-09-22 16:44:56,4,27,3,0,0,30,111.0,492.17257969785123
2026-09-22 16:45:08,14,22,7,0,1,30,101.0,447.8327076529998
2026-09-22 16:45:20,10,31,5,0,3,39,147.0,689.2652797547486
2026-09-22 16:45:33,8,36,1,0,3,40,163.0,768.3122468728022
2026-09-22 16:45:45,10,26,8,0,1,35,118.0,540.855234737821
2026-09-22 16:45:57,4,20,4,2,1,27,104.0,450.5492690582212
2026-09-22 16:46:09,8,15,13,1,2,31,92.0,410.8477030575749
2026-09-22 16:46:21,7,17,8,3,2,30,109.0,483.30460528888096
2026-09-22 16:46:33,11,15,2,2,1,20,82.0,331.65083989332066
2026-09-22 16:46:45,5,16,3,2,1,22,87.0,359.787996785836
2026-09-22 16:46:57,9,20,5,2,1,28,105.0,458.5660621485798
2026-09-22 16:47:10,4,19,2,0,2,23,90.0,376.02484473131506
2026-09-22 16:47:22,12,14,15,2,2,33,97.0,439.05697088776765
2026-09-22 16:47:35,15,18,10,2,2,32,108.0,485.62281663837985
2026-09-22 16:47:46,10,29,6,3,1,39,149.0,698.6430386629764
2026-09-22 16:47:58,5,30,3,3,2,38,156.0,727.5156167962248
2026-09-22 16:48:10,5,23,3,2,2,30,121.0,536.5124517427028
2026-09-22 16:48:22,5,25,7,1,1,34,120.0,546.6417673787296
2026-09-22 16:48:36,8,36,4,1,2,43,167.0,798.9596688643496
2026-09-22 16:48:47,12,29,5,2,4,40,159.0,749.4579586059849
2026-09-22 16:48:59,9,26,4,1,2,33,127.0,574.8477866262525
2026-09-22 16:49:11,5,28,4,2,1,35,136.0,623.3585756300309
2026-09-22 16:49:23,14,24,11,3,2,40,140.0,659.9000893386032
2026-09-22 16:49:35,14,24,11,4,2,41,147.0,696.4374338876551
2026-09-22 16:49:47,10,22,8,4,2,36,136.0,627.0848361196145
2026-09-22 16:49:59,3,27,3,7,1,38,166.0,774.1512332575213
2026-09-22 16:50:12,3,38,4,2,0,44,170.0,817.1326232609543
2026-09-22 16:50:23,5,33,3,4,2,42,175.0,833.2100202463733
2026-09-22 16:50:36,3,17,2,1,0,20,77.0,311.42822770470354
2026-09-22 16:50:48,9,20,4,0,0,24,84.0,354.3855692889289
2026-09-22 16:51:00,9,12,8,0,1,21,62.0,253.6446321082156
2026-09-22 16:51:12,7,14,2,1,1,18,71.0,280.05516752081724
2026-09-22 16:51:24,6,10,5,2,0,17,59.0,229.53193371587372
2026-09-22 16:51:36,7,14,3,0,1,18,65.0,256.3885336458186
2026-09-22 16:51:49,12,16,10,1,3,30,99.0,438.9647332440295
2026-09-22 16:52:01,12,24,11,1,3,39,132.0,618.9320879430395
2026-09-22 16:52:12,7,31,5,1,1,38,142.0,662.2257537504098
2026-09-22 16:52:25,12,26,11,2,0,39,129.0,604.8654495806977
2026-09-22 16:52:37,12,19,11,0,1,31,93.0,415.3134389603746
2026-09-22 16:52:49,8,17,9,2,0,28,91.0,397.4239205287692
2026-09-22 16:53:01,15,23,5,6,2,36,151.0,696.2486048092778
2026-09-22 16:53:13,6,29,8,1,0,38,131.0,610.9265756429837
2026-09-22 16:53:25,4,25,3,2,0,30,117.0,518.7765029247621
2026-09-22 16:53:38,6,19,8,0,3,30,102.0,452.26669485748494
2026-09-22 16:53:50,3,32,4,0,2,38,144.0,671.552877042669
2026-09-22 16:54:02,4,28,6,0,3,37,136.0,630.7117177227884
2026-09-22 16:54:14,13,19,8,0,1,28,90.0,393.0566246987827
2026-09-22 16:54:26,8,11,4,0,0,15,48.0,181.0842586675095
2026-09-22 16:54:38,7,7,7,0,2,16,47.0,180.16102717064217
2026-09-22 16:54:50,9,9,2,2,0,13,52.0,189.23098113999345
2026-09-22 16:55:02,4,10,6,3,3,22,85.0,351.5170083539777
2026-09-22 16:55:15,0,13,4,2,2,21,82.0,335.4654811753819
2026-09-22 16:55:27,1,13,3,3,2,21,88.0,360.01173589553184
2026-09-22 16:55:38,1,8,3,2,1,14,55.0,203.94276106062156
2026-09-22 16:55:51,13,10,26,0,0,36,66.0,304.3205822345188
2026-09-22 16:56:03,8,17,14,3,2,36,115.0,530.2555599540857
2026-09-22 16:56:15,3,24,2,1,4,31,129.0,576.0799314611647
2026-09-22 16:56:27,1,23,3,1,5,32,132.0,593.5389981135753
2026-09-22 16:56:39,5,26,5,1,1,33,122.0,552.2159840031717
2026-09-22 16:56:52,8,19,9,3,2,33,118.0,534.110541904707
2026-09-22 16:57:04,12,21,4,1,7,33,137.0,620.1113918724142
2026-09-22 16:57:16,17,24,9,1,0,34,112.0,510.1989828868143
2026-09-22 16:57:28,6,18,4,3,4,29,121.0,532.5448831811209
2026-09-22 16:57:40,8,19,8,8,3,38,158.0,736.8427400884841
2026-09-22 16:57:54,10,20,3,6,1,30,131.0,580.8523237875542
2026-09-22 16:58:04,9,17,7,1,3,28,100.0,436.72958299864746
2026-09-22 16:58:16,15,8,10,2,2,22,68.0,281.2136066831822
2026-09-22 16:58:29,3,16,1,3,2,22,98.0,405.2784331610567
2026-09-22 16:58:41,1,19,1,3,2,25,110.0,468.39061918236297
2026-09-22 16:58:53,5,16,7,1,0,24,78.0,329.0723143397197
2026-09-22 16:59:05,5,7,5,1,0,13,40.0,145.56229318461033
2026-09-22 16:59:17,2,14,1,2,4,21,95.0,388.64903306904
2026-09-22 16:59:29,3,18,1,2,4,25,111.0,472.6487157203845
2026-09-22 16:59:41,2,19,3,3,0,25,100.0,425.80965380214815
2026-09-22 16:59:53,1,16,1,3,1,21,92.0,376.3759057089651
2026-09-22 17:00:05,7,11,16,1,1,29,73.0,321.2874088613374
2026-09-22 17:00:18,5,19,4,3,2,28,113.0,493.5044287884716
2026-09-22 17:00:30,4,28,3,1,1,33,128.0,579.3741471508687
2026-09-22 17:00:44,3,24,2,1,0,27,105.0,454.8814735683965
2026-09-22 17:00:56,9,24,7,2,0,33,117.0,529.5841813800909
2026-09-22 17:01:08,9,27,12,1,3,43,145.0,693.707496918148
2026-09-22 17:01:20,9,19,7,0,3,29,101.0,444.52093554787774
2026-09-22 17:01:32,11,13,9,2,2,26,87.0,373.73780734237664
2026-09-22 17:01:44,16,11,16,1,4,32,91.0,409.18218809344967
2026-09-22 17:01:56,4,14,3,3,1,21,86.0,351.82965098881516
2026-09-22 17:02:08,8,13,11,2,2,28,89.0,388.6893288687962
2026-09-22 17:02:21,3,17,2,4,1,24,104.0,438.7630857862929
2026-09-22 17:02:33,11,21,10,4,0,35,122.0,559.1893104916454
2026-09-22 17:02:45,5,12,1,4,1,18,83.0,327.38843527081457
2026-09-22 17:02:57,1,12,0,4,1,17,82.0,319.0104841474855
2026-09-22 17:03:09,8,12,3,6,1,22,99.0,409.41392737698584
2026-09-22 17:03:21,5,9,7,5,0,21,78.0,319.10131136194866
2026-09-22 17:03:33,9,9,5,4,0,18,69.0,272.1662895624844
2026-09-22 17:03:45,3,13,3,5,0,21,90.0,368.19382080224847
2026-09-22 17:03:58,7,19,12,1,1,33,101.0,457.1624129862323
2026-09-22 17:04:10,2,12,3,1,1,17,64.0,248.98379250535453
2026-09-22 17:04:22,1,20,0,0,0,20,80.0,323.5617950178738
2026-09-22 17:04:34,18,15,19,0,3,37,97.0,449.8458574934594
2026-09-22 17:04:46,18,16,18,0,1,35,88.0,403.34966658413765
2026-09-22 17:04:58,6,31,4,1,2,38,147.0,685.543561981058
2026-09-22 17:05:10,6,26,6,0,1,33,116.0,525.0578208554747
2026-09-22 17:05:22,9,25,8,2,4,39,146.0,684.5764003006346
2026-09-22 17:05:35,4,27,4,0,2,33,124.0,561.268705052404
2026-09-22 17:05:47,8,27,6,0,3,36,132.0,608.6411644690376
2026-09-22 17:06:00,1,29,0,3,2,34,149.0,678.7468611619225
2026-09-22 17:06:12,3,26,1,0,0,27,105.0,454.8814735683965
2026-09-22 17:06:26,7,22,4,1,1,28,105.0,458.5660621485798
2026-09-22 17:06:37,7,24,6,0,1,31,108.0,482.2994775023705
2026-09-22 17:06:50,7,18,5,0,0,23,77.0,321.7101449367918
2026-09-22 17:07:02,2,13,1,0,1,15,59.0,222.58273461214708
2026-09-22 17:07:15,0,11,0,4,1,16,78.0,298.99064083638484
2026-09-22 17:07:28,11,11,8,0,0,19,52.0,207.77807822480753
2026-09-22 17:07:39,2,14,4,1,4,23,91.0,380.202898561663
2026-09-22 17:07:51,3,6,3,5,3,17,80.0,311.2297406316932
2026-09-22 17:08:02,6,16,6,3,7,32,133.0,598.0355056750418
2026-09-22 17:08:13,4,20,3,4,4,31,135.0,602.8743468779631
2026-09-22 17:08:25,3,18,2,5,3,28,127.0,554.6465704082823
2026-09-22 17:08:39,1,18,0,6,5,29,144.0,633.7724229593505
2026-09-22 17:08:51,5,15,4,6,1,26,112.0,481.13372899248486
2026-09-22 17:09:06,5,16,3,5,1,25,108.0,459.87442610632
2026-09-22 17:09:18,11,12,7,5,2,26,102.0,438.1753603324416
2026-09-22 17:09:30,12,23,12,3,1,39,131.0,614.2432084889256
2026-09-22 17:09:44,11,24,15,3,2,44,144.0,692.159398526926
2026-09-22 17:09:59,8,27,5,3,0,35,134.0,614.1915377531187
2026-09-22 17:10:09,8,24,6,6,0,36,144.0,663.9721794207683
2026-09-22 17:10:18,11,20,9,2,1,32,109.0,490.1193241998463
2026-09-22 17:10:32,5,27,6,4,1,38,148.0,690.2071236271877
2026-09-22 17:10:44,10,28,5,4,1,38,151.0,704.1978085655766
2026-09-22 17:10:56,6,18,2,6,2,28,128.0,559.0138662382687
2026-09-22 17:11:11,9,20,11,4,1,36,125.0,576.364739080528
2026-09-22 17:11:21,7,25,2,6,2,35,156.0,715.0289543991531
2026-09-22 17:11:33,11,24,6,2,3,35,134.0,614.1915377531187
2026-09-22 17:11:46,8,28,5,2,1,36,137.0,631.6957540322587
2026-09-22 17:11:57,1,17,0,2,1,20,88.0,355.9179745196612
2026-09-22 17:12:09,1,18,1,2,1,22,93.0,384.6009620814109
2026-09-22 17:12:21,5,14,5,1,1,21,74.0,302.7371415485154
2026-09-22 17:12:33,5,16,4,3,4,27,113.0,489.5391096497981
2026-09-22 17:12:46,5,11,5,1,2,19,68.0,271.7097946016714
2026-09-22 17:12:58,4,3,6,3,2,14,51.0,189.11056025621272
2026-09-22 17:13:09,2,8,3,4,3,18,81.0,319.49955731248167
2026-09-22 17:13:22,0,13,2,6,0,21,96.0,392.74007552239834
2026-09-22 17:13:34,2,16,0,2,0,18,78.0,307.66624037498235
2026-09-22 17:13:46,5,11,3,5,0,19,82.0,327.65004643142726
2026-09-22 17:13:58,15,19,22,2,0,43,112.0,535.8292389988453
2026-09-22 17:14:10,9,19,17,1,0,37,100.0,463.75861597263855
2026-09-22 17:14:23,6,24,9,1,0,34,112.0,510.1989828868143
2026-09-22 17:14:35,16,29,19,0,2,50,147.0,724.978368010476
2026-09-22 17:14:46,6,25,9,1,2,37,128.0,593.6110284449774
2026-09-22 17:14:57,20,18,13,3,1,35,112.0,513.3541211070843
2026-09-22 17:15:11,13,22,9,2,2,35,123.0,563.7728294301015
2026-09-22 17:15:23,10,14,6,4,0,24,90.0,379.6988242381381
2026-09-22 17:15:35,12,15,10,2,0,27,84.0,363.9051788547172
2026-09-22 17:15:48,8,17,7,0,1,25,81.0,344.90581957974
2026-09-22 17:16:00,6,22,4,1,1,28,105.0,458.5660621485798
2026-09-22 17:16:12,7,21,14,0,1,36,104.0,479.5354629149993
2026-09-22 17:16:24,5,27,5,1,2,35,132.0,605.0244998762065
2026-09-22 17:16:36,0,18,0,0,1,19,78.0,311.66711733721127
2026-09-22 17:16:48,1,13,0,0,0,13,52.0,189.23098113999345
2026-09-22 17:17:00,8,7,9,1,2,19,56.0,223.7610073190235
2026-09-22 17:17:12,6,10,8,1,4,23,79.0,330.0662525974877
2026-09-22 17:17:24,2,6,2,4,0,12,54.0,192.50726530292297
2026-09-22 17:17:34,0,13,2,2,1,18,74.0,291.88848445831655
2026-09-22 17:17:49,0,9,2,2,0,13,52.0,189.23098113999345
2026-09-22 17:18:00,0,13,3,3,1,20,82.0,331.65083989332066
2026-09-22 17:18:12,3,11,4,1,0,16,55.0,210.8267339230919
2026-09-22 17:18:25,4,8,2,2,0,12,48.0,171.11756915815377
2026-09-22 17:18:37,9,8,10,1,1,20,55.0,222.44873407478823
2026-09-22 17:18:49,8,20,14,0,2,36,106.0,488.75729874028775
2026-09-22 17:19:01,13,18,12,1,2,33,103.0,466.21513403546464
2026-09-22 17:19:13,12,18,13,0,2,33,97.0,439.05697088776765
2026-09-22 17:19:26,5,19,2,0,2,23,90.0,376.02484473131506
2026-09-22 17:19:37,8,27,2,0,1,30,116.0,514.342515720277
2026-09-22 17:19:50,7,27,7,4,1,39,149.0,698.6430386629764
2026-09-22 17:20:01,10,30,2,5,6,43,193.0,923.3485993462244
2026-09-22 17:20:14,4,26,3,4,4,37,159.0,737.3761993964953
2026-09-22 17:20:26,6,31,2,3,0,36,147.0,677.8049331587009
2026-09-22 17:20:37,10,23,14,3,1,41,133.0,630.110059231688
2026-09-22 17:20:49,4,21,2,4,0,27,114.0,493.8713141599733
2026-09-22 17:21:02,3,30,3,5,0,38,158.0,736.8427400884841
2026-09-22 17:21:14,4,31,3,5,1,40,168.0,791.8801072063237
2026-09-22 17:21:26,0,26,3,2,0,31,121.0,540.354044238767
2026-09-22 17:21:39,0,23,0,2,1,26,112.0,481.13372899248486
2026-09-22 17:21:52,4,14,6,0,0,20,62.0,250.76039113885219
2026-09-22 17:22:03,3,15,0,0,0,15,60.0,226.35532333438687
2026-09-22 17:22:15,2,10,0,1,0,11,47.0,163.79061254003602
2026-09-22 17:22:27,1,4,0,0,0,4,16.0,41.75100659894561
2026-09-22 17:22:39,1,7,1,1,0,9,36.0,118.89306334778566
2026-09-22 17:22:51,3,6,1,3,2,12,58.0,206.76706273276912
2026-09-22 17:23:03,4,16,3,2,3,24,99.0,417.6687066619519
2026-09-22 17:23:16,4,9,1,2,2,14,63.0,233.60716266943925
2026-09-22 17:23:28,17,12,17,3,1,33,92.0,416.4251682646869
2026-09-22 17:23:40,8,19,11,2,2,34,113.0,514.7543309483037
2026-09-22 17:23:52,14,28,10,2,4,44,160.0,769.0659983632511
2026-09-22 17:24:04,12,27,9,2,1,39,137.0,642.3764852136092
2026-09-22 17:24:16,9,26,9,2,2,39,139.0,651.7542441218371
2026-09-22 17:24:28,6,26,6,2,1,35,130.0,595.8574619992943
2026-09-22 17:24:40,9,28,6,2,2,38,144.0,671.552877042669
2026-09-22 17:24:53,6,22,3,1,4,30,122.0,540.9464389471879
2026-09-22 17:25:05,5,21,7,2,1,31,111.0,495.6966852107697
2026-09-22 17:25:17,7,21,4,4,2,31,128.0,571.614195558365
2026-09-22 17:25:29,1,26,0,3,3,32,143.0,643.0005812897066
2026-09-22 17:25:42,7,32,6,0,1,39,140.0,656.4431235759511
2026-09-22 17:25:55,3,32,0,0,2,34,140.0,637.7487286085178
2026-09-22 17:26:07,2,33,3,0,1,37,141.0,653.8996485214204
2026-09-22 17:26:19,2,24,1,1,2,28,116.0,506.60631627843105
2026-09-22 17:26:31,4,9,1,2,0,12,51.0,181.8124172305384
2026-09-22 17:26:43,3,15,5,1,3,24,90.0,379.6988242381381
2026-09-22 17:26:55,4,7,3,3,2,15,64.0,241.445678223346
2026-09-22 17:27:07,2,7,0,0,1,8,34.0,108.70563562943147
2026-09-22 17:27:20,3,4,1,1,0,6,24.0,70.70184357732752
2026-09-22 17:27:31,2,10,3,4,2,19,83.0,331.64577870498124
2026-09-22 17:27:44,1,9,0,0,0,9,36.0,118.89306334778566
2026-09-22 17:27:56,0,12,0,1,0,13,55.0,200.14815312883923
2026-09-22 17:28:08,1,11,0,2,0,13,58.0,211.06532511768498
2026-09-22 17:28:20,11,11,12,4,1,28,90.0,393.0566246987827
2026-09-22 17:28:32,7,18,10,2,2,32,108.0,485.62281663837985
2026-09-22 17:28:45,11,20,6,3,0,29,107.0,470.92811983785066
2026-09-22 17:28:56,10,28,5,3,0,36,138.0,636.3066719449029
2026-09-22 17:29:08,3,25,6,3,0,34,127.0,578.5292038091554
2026-09-22 17:29:21,1,31,5,1,1,38,142.0,662.2257537504098
2026-09-22 17:29:33,4,30,1,0,0,31,121.0,540.354044238767
2026-09-22 17:29:46,6,18,6,0,1,25,84.0,357.68010919380447
2026-09-22 17:29:57,13,17,6,1,1,25,87.0,370.4543988078689
2026-09-22 17:30:09,7,20,1,1,0,22,88.0,363.92349100176517
2026-09-22 17:30:21,8,16,7,1,1,25,84.0,357.68010919380447
2026-09-22 17:30:33,6,16,4,1,0,21,75.0,306.8281840018737
2026-09-22 17:30:48,4,25,6,3,3,37,145.0,672.4499931603259
2026-09-22 17:30:59,3,23,0,2,1,26,112.0,481.13372899248486
2026-09-22 17:31:11,2,19,0,1,0,20,83.0,335.69536233104407
2026-09-22 17:31:24,3,8,1,3,0,12,54.0,192.50726530292297
2026-09-22 17:31:36,10,8,3,2,2,15,61.0,230.12791205662666
2026-09-22 17:31:48,1,7,1,0,3,11,47.0,163.79061254003602
2026-09-22 17:32:00,3,7,14,0,2,23,54.0,225.61490683878904
2026-09-22 17:32:12,5,0,3,0,0,3,3.0,7.158883083359672
2026-09-22 17:32:24,1,6,0,4,1,11,58.0,202.124585687704
2026-09-22 17:32:36,0,5,0,0,0,5,20.0,55.8351893845611
2026-09-22 17:32:48,1,3,0,4,0,7,40.0,123.17766166719343
2026-09-22 17:33:00,1,8,0,6,2,16,86.0,329.6563475888346
2026-09-22 17:33:13,11,7,11,3,0,21,60.0,245.46254720149898
2026-09-22 17:33:26,11,16,8,1,0,25,79.0,336.38962650369706
2026-09-22 17:33:38,3,22,3,3,3,31,130.0,580.5456673639645
2026-09-22 17:33:50,7,24,7,1,0,32,110.0,494.6158317613128
2026-09-22 17:34:02,2,19,5,1,1,26,94.0,403.80866540440695
2026-09-22 17:34:14,7,14,8,0,3,25,82.0,349.1639161177615
2026-09-22 17:34:29,16,15,12,1,0,28,79.0,345.0163705689315
2026-09-22 17:34:38,8,14,8,4,0,26,92.0,395.2169916723983
2026-09-22 17:34:50,6,10,4,3,0,17,65.0,252.8741642632507
2026-09-22 17:35:04,8,14,8,4,2,28,104.0,454.19876631859336
2026-09-22 17:35:15,8,15,7,3,3,28,106.0,462.9333579785663
2026-09-22 17:35:27,7,11,11,0,2,24,67.0,282.66468026616946
2026-09-22 17:35:39,2,15,5,1,0,21,72.0,294.5550566417987
2026-09-22 17:35:51,1,7,0,1,1,9,41.0,135.40598881275588
2026-09-22 17:36:03,2,4,1,0,0,5,17.0,47.459910976876934
2026-09-22 17:36:15,9,11,5,2,0,18,63.0,248.49965568748573
2026-09-22 17:36:29,0,11,1,0,0,12,45.0,160.42272108576915
2026-09-22 17:36:40,1,6,1,0,0,7,25.0,76.9860385419959
2026-09-22 17:36:53,3,11,2,0,0,13,46.0,167.3966371623019
2026-09-22 17:37:05,1,10,0,0,0,10,40.0,135.91581091193484
2026-09-22 17:37:39,7,11,4,3,1,19,75.0,299.6799205165493
2026-09-22 17:37:42,1,14,0,1,1,16,69.0,264.49172073987893
2026-09-22 17:37:54,0,9,0,2,3,14,68.0,252.1474136749503
2026-09-22 17:38:05,6,10,7,1,0,18,54.0,212.99970487498777
2026-09-22 17:38:17,6,16,12,3,2,33,109.0,493.3732971831616
2026-09-22 17:38:30,12,21,12,3,3,39,135.0,632.9987263053813
2026-09-22 17:38:42,10,22,9,2,2,35,123.0,563.7728294301015
2026-09-22 17:38:54,11,18,3,4,1,26,109.0,468.2462183944719
2026-09-22 17:39:06,5,18,7,2,1,28,99.0,432.362287168661
2026-09-22 17:39:18,1,24,2,2,2,30,124.0,549.8144133561582
2026-09-22 17:39:31,8,21,13,4,2,40,137.0,645.7593731384902
2026-09-22 17:39:42,8,20,3,2,1,26,103.0,442.4711971984459
2026-09-22 17:39:55,15,15,11,0,0,26,71.0,305.0044174863074
2026-09-22 17:40:07,7,14,13,0,0,27,69.0,298.92211120208907
2026-09-22 17:40:19,4,16,9,2,0,27,87.0,376.90179238524274
2026-09-22 17:40:31,6,14,9,3,3,29,104.0,457.7245276928642
2026-09-22 17:40:43,4,20,3,1,1,25,96.0,408.77726765006224
2026-09-22 17:40:55,1,11,0,3,1,15,71.0,267.8537992790245
2026-09-22 17:41:07,1,9,0,1,0,10,43.0,146.10949673032994
2026-09-22 17:41:19,0,11,4,1,0,16,55.0,210.8267339230919
2026-09-22 17:41:32,0,9,1,0,0,10,37.0,125.72212509353972
