timestamp,person,car,motorbike,bus,truck,total,WTI,WTI_norm
2026-09-28 22:39:52,2,1,0,0,1,2,10.0,20.986122886681102
2026-09-28 22:39:56,13,5,11,0,1,17,37.0,143.94375504215807
2026-09-28 22:40:10,8,8,5,0,1,14,43.0,159.44615864739504
2026-09-28 22:40:24,3,6,3,0,3,12,45.0,160.42272108576915
2026-09-28 22:40:34,8,4,9,2,3,18,57.0,224.8330218124871
2026-09-28 22:40:47,7,10,3,1,7,21,92.0,376.3759057089651
2026-09-28 22:40:58,5,8,3,0,7,18,77.0,303.7218013958159
2026-09-28 22:41:10,2,5,2,1,5,13,59.0,214.70438244730025
2026-09-28 22:41:22,2,1,1,0,3,5,23.0,64.21046779224527
2026-09-28 22:41:34,5,8,11,0,0,19,43.0,171.8164877628216
2026-09-28 22:41:49,9,8,0,0,0,8,32.0,102.31118647475903
2026-09-28 22:42:00,15,7,17,0,1,25,51.0,217.16292343909558
2026-09-28 22:42:12,8,6,8,2,1,17,52.0,202.29933141060056
2026-09-28 22:42:24,1,6,5,1,1,13,42.0,152.84040784384086
2026-09-28 22:42:37,10,10,9,0,1,20,55.0,222.44873407478823
2026-09-28 22:42:48,8,22,10,0,1,33,104.0,470.7414945600808
2026-09-28 22:43:01,8,4,11,0,2,17,39.0,151.72449855795043
2026-09-28 22:43:12,0,4,1,0,1,6,23.0,67.75593342827221
2026-09-28 22:43:24,6,1,8,0,4,13,36.0,131.0060638661493
2026-09-28 22:43:37,0,0,2,0,5,7,32.0,98.54212933375474
2026-09-28 22:43:50,0,5,1,0,1,7,27.0,83.14492162535556
2026-09-28 22:44:00,5,5,7,0,1,13,33.0,120.08889187730352
2026-09-28 22:44:13,8,7,7,0,2,16,47.0,180.16102717064217
2026-09-28 22:44:24,3,9,3,0,3,15,57.0,215.03755716766753
2026-09-28 22:44:37,18,5,16,0,4,25,60.0,255.4857922812889
2026-09-28 22:44:49,4,13,8,0,5,26,90.0,386.6253179403896
2026-09-28 22:45:01,8,9,5,1,6,21,84.0,343.64756608209854
2026-09-28 22:45:13,3,11,2,5,8,26,129.0,554.1629557145585
2026-09-28 22:45:25,3,7,3,2,3,15,63.0,237.6730895011062
2026-09-28 22:45:35,1,0,1,0,0,1,1.0,1.6931471805599454
2026-09-28 22:45:47,5,1,4,0,0,5,8.0,22.33407575382444
2026-09-28 22:45:59,13,2,14,0,0,16,22.0,84.33069356923676
2026-09-28 22:46:11,5,5,2,0,1,8,28.0,89.52228816541415
2026-09-28 22:46:23,4,5,7,0,3,15,45.0,169.76649250079015
2026-09-28 22:46:35,20,6,17,0,2,25,53.0,225.67911651513853
2026-09-28 22:46:48,5,16,5,0,5,26,99.0,425.28784973442856
2026-09-28 22:47:00,0,8,2,1,1,12,47.0,167.5526198006922
2026-09-28 22:47:12,0,13,0,0,0,13,52.0,189.23098113999345
2026-09-28 22:47:25,9,4,10,0,0,14,26.0,96.40930522865746
2026-09-28 22:47:37,0,2,0,0,0,2,8.0,16.78889830934488
2026-09-28 22:47:48,0,2,0,0,2,4,20.0,52.18875824868201
2026-09-28 22:48:00,8,2,6,0,0,8,14.0,44.76114408270708
2026-09-28 22:48:17,9,7,7,2,2,18,61.0,240.61077772915286
2026-09-28 22:48:25,3,6,1,0,3,10,43.0,146.10949673032994
2026-09-28 22:48:36,9,0,10,0,0,10,10.0,33.97895272798371
2026-09-28 22:48:49,5,3,4,1,8,16,71.0,272.15814742799137
2026-09-28 22:49:01,0,2,1,2,5,10,53.0,180.08844945831365
2026-09-28 22:49:13,4,3,1,4,7,15,83.0,313.12486394590184
2026-09-28 22:49:25,1,7,0,0,9,16,82.0,314.3234942126097
2026-09-28 22:49:37,11,4,4,0,5,13,50.0,181.9528664807629
2026-09-28 22:49:49,1,0,0,0,4,4,24.0,62.62650989841841
2026-09-28 22:50:01,1,3,0,0,1,4,18.0,46.96988242381381
2026-09-28 22:50:13,9,5,11,1,0,17,38.0,147.83412680005426
2026-09-28 22:50:26,4,5,0,1,1,7,33.0,101.62157087543459
2026-09-28 22:50:38,3,2,0,0,1,3,14.0,33.40812105567847
2026-09-28 22:50:50,7,12,7,0,1,20,61.0,246.71586870112878
2026-09-28 22:51:02,5,10,6,0,2,18,58.0,228.77746079165354
2026-09-28 22:51:14,4,7,4,1,4,16,63.0,241.49244067554162
2026-09-28 22:51:26,4,6,2,0,5,13,56.0,203.78721045845447
2026-09-28 22:51:38,2,10,2,2,0,14,56.0,207.65081126172376
2026-09-28 22:51:50,1,7,1,0,3,11,47.0,163.79061254003602
2026-09-28 22:52:02,0,0,0,0,0,0,0.0,0.0
2026-09-28 22:52:15,16,4,14,1,1,20,43.0,173.91446482210716
2026-09-28 22:52:27,13,10,9,0,0,19,49.0,195.79088140414555
2026-09-28 22:52:39,0,6,0,0,2,8,36.0,115.1000847841039
2026-09-28 22:52:51,18,2,27,0,1,30,41.0,181.793475383891
2026-09-28 22:53:03,4,5,2,0,8,15,70.0,264.0812105567847
2026-09-28 22:53:17,8,5,8,0,4,17,52.0,202.29933141060056
2026-09-28 22:53:29,8,2,7,4,2,15,55.0,207.49237972318795
2026-09-28 22:53:41,2,2,2,0,0,4,10.0,26.094379124341003
2026-09-28 22:53:59,2,3,1,0,0,4,13.0,33.922692861643306
2026-09-28 22:54:05,1,3,1,0,0,4,13.0,33.922692861643306
2026-09-28 22:54:18,16,6,14,0,0,20,38.0,153.69185263349004
2026-09-28 22:54:30,6,11,5,0,3,19,67.0,267.7140623281174
2026-09-28 22:54:42,3,11,1,0,2,14,57.0,211.35886146282598
2026-09-28 22:54:54,7,8,8,0,4,20,64.0,258.84943601429904
2026-09-28 22:55:08,4,10,6,0,4,20,70.0,283.11657064063957
2026-09-28 22:55:20,11,1,12,0,2,15,28.0,105.63248422271387
2026-09-28 22:55:32,0,4,2,0,3,9,36.0,118.89306334778566
2026-09-28 22:55:47,0,3,0,0,2,5,24.0,67.00222726147332
2026-09-28 22:55:55,8,1,11,0,0,12,15.0,53.47424036192305
2026-09-28 22:56:07,4,3,3,0,0,6,15.0,44.1886522358297
2026-09-28 22:56:19,12,3,8,2,2,15,46.0,173.53908122302994
2026-09-28 22:56:31,5,9,4,0,1,14,46.0,170.57030925070165
2026-09-28 22:56:43,7,11,5,1,5,22,86.0,355.65250256990686
2026-09-28 22:56:55,13,3,15,1,1,20,40.0,161.7808975089369
2026-09-28 22:57:08,10,8,5,0,2,15,49.0,184.85684738974928
2026-09-28 22:57:20,8,2,3,1,6,12,54.0,192.50726530292297
2026-09-28 22:57:32,7,7,5,0,3,15,51.0,192.40202483422883
2026-09-28 22:57:46,3,1,3,0,1,5,13.0,36.292873099964716
2026-09-28 22:57:58,6,2,6,0,0,8,14.0,44.76114408270708
2026-09-28 22:58:14,2,2,0,0,0,2,8.0,16.78889830934488
2026-09-28 22:58:23,11,0,14,1,2,17,33.0,128.38226801057343
2026-09-28 22:58:32,8,6,13,0,2,21,49.0,200.46108021455748
2026-09-28 22:58:47,3,7,5,1,1,14,46.0,170.57030925070165
2026-09-28 22:58:56,10,1,9,0,0,10,13.0,44.17263854637882
2026-09-28 22:59:09,5,11,8,1,5,25,89.0,378.9705918839119
2026-09-28 22:59:21,11,17,11,0,0,28,79.0,345.0163705689315
2026-09-28 22:59:33,3,4,3,0,0,7,19.0,58.50938929191688
2026-09-28 22:59:46,3,3,4,0,1,8,22.0,70.33894070139684
2026-09-28 22:59:58,5,4,9,1,4,18,56.0,220.88858283332064
2026-09-28 23:00:09,2,2,2,0,1,5,16.0,44.66815150764888
2026-09-28 23:00:21,2,0,0,0,0,0,0.0,0.0
2026-09-28 23:01:07,0,2,0,0,3,5,26.0,72.58574619992943
2026-09-28 23:01:11,10,5,13,0,4,22,57.0,235.72317030796154
2026-09-28 23:01:22,6,9,5,0,1,15,47.0,177.31166994526973
2026-09-28 23:01:34,5,6,4,0,0,10,28.0,95.14106763835437
2026-09-28 23:01:46,6,6,5,0,0,11,29.0,101.062292843852
2026-09-28 23:01:58,5,1,7,0,0,8,11.0,35.16947035069842
2026-09-28 23:02:13,0,0,0,0,0,0,0.0,0.0
2026-09-28 23:02:25,0,1,0,0,0,1,4.0,6.772588722239782
2026-09-28 23:02:36,8,3,8,0,1,12,26.0,92.68868329399996
2026-09-28 23:02:49,3,7,11,0,3,21,57.0,233.189419841424
2026-09-28 23:03:01,1,4,3,0,0,7,19.0,58.50938929191688
2026-09-28 23:03:13,15,3,6,0,2,11,30.0,104.54719949364001
2026-09-28 23:03:25,6,7,6,0,3,16,52.0,199.32709389092324
2026-09-28 23:03:37,6,1,2,0,6,9,42.0,138.70857390574992
2026-09-28 23:03:49,7,4,5,0,3,12,39.0,139.03302494099992
2026-09-28 23:04:01,2,4,2,0,4,10,42.0,142.71160145753157
2026-09-28 23:04:14,7,4,6,0,1,11,28.0,97.577386194064
2026-09-28 23:04:26,1,1,0,0,0,1,4.0,6.772588722239782
2026-09-28 23:04:38,13,3,13,0,0,16,25.0,95.8303336014054
2026-09-28 23:04:50,8,7,8,0,2,17,48.0,186.73784437901588
2026-09-28 23:05:02,0,5,0,0,5,10,50.0,169.89476363991852
2026-09-28 23:05:14,16,2,14,0,1,17,28.0,108.9304092210926
2026-09-28 23:05:26,7,3,12,1,5,21,61.0,249.5535896548573
2026-09-28 23:05:39,2,10,4,0,4,18,68.0,268.2218505833179
2026-09-28 23:05:50,3,2,1,0,4,7,33.0,101.62157087543459
2026-09-28 23:06:02,3,0,2,0,5,7,32.0,98.54212933375474
2026-09-28 23:06:15,9,2,6,3,2,13,47.0,171.03569449191716
2026-09-28 23:06:27,0,3,0,0,1,4,18.0,46.96988242381381
2026-09-28 23:06:39,14,9,15,0,0,24,51.0,215.16266706827824
2026-09-28 23:06:51,3,6,12,0,0,18,36.0,141.99980324999186
2026-09-28 23:07:03,2,5,2,0,3,10,40.0,135.91581091193484
2026-09-28 23:07:15,17,3,13,0,0,16,25.0,95.8303336014054
2026-09-28 23:07:27,2,9,1,2,6,18,87.0,343.1661911874803
2026-09-28 23:07:40,6,3,4,0,5,12,46.0,163.98767044323068
2026-09-28 23:07:52,3,2,0,3,4,9,53.0,175.03700992868443
2026-09-28 23:08:04,4,10,2,0,5,17,72.0,280.1067665685238
2026-09-28 23:08:16,2,13,5,0,0,18,57.0,224.8330218124871
2026-09-28 23:08:28,0,6,0,0,0,6,24.0,70.70184357732752
2026-09-28 23:08:40,10,2,13,0,0,15,21.0,79.2243631670354
2026-09-28 23:08:52,5,8,6,0,0,14,38.0,140.90590764188397
2026-09-28 23:09:04,6,5,5,0,3,13,43.0,156.4794651734561
2026-09-28 23:09:16,12,1,16,0,0,17,20.0,77.8074351579233
2026-09-28 23:09:29,8,11,8,0,1,20,58.0,234.58230138795852
2026-09-28 23:09:41,4,8,3,0,6,17,71.0,276.21639481062766
2026-09-28 23:09:53,1,3,0,0,2,5,24.0,67.00222726147332
2026-09-28 23:10:05,0,3,0,1,6,10,55.0,186.88424000391038
2026-09-28 23:10:17,2,6,3,0,1,10,33.0,112.13054400234623
2026-09-28 23:10:30,0,0,0,1,1,2,13.0,27.28195975268543
2026-09-28 23:10:46,17,1,10,0,0,11,14.0,48.788693097032
2026-09-28 23:10:55,8,8,9,0,1,18,47.0,185.38863202082268
2026-09-28 23:11:07,2,4,2,1,1,8,31.0,99.11396189742281
2026-09-28 23:11:22,7,0,8,0,1,9,14.0,46.23619130191664
2026-09-28 23:11:32,2,10,5,2,4,21,83.0,339.55652362874025
2026-09-28 23:11:45,5,8,3,0,1,12,41.0,146.162923655923
2026-09-28 23:11:56,1,1,0,0,3,4,22.0,57.40763407355021
2026-09-28 23:12:09,5,10,4,2,5,21,88.0,360.01173589553184
2026-09-28 23:12:20,0,8,0,2,6,16,82.0,314.3234942126097
2026-09-28 23:12:32,0,2,0,0,0,2,8.0,16.78889830934488
2026-09-28 23:12:46,2,2,0,0,0,2,8.0,16.78889830934488
2026-09-28 23:12:59,10,2,11,1,0,14,26.0,96.40930522865746
2026-09-28 23:13:09,0,5,0,0,2,7,32.0,98.54212933375474
2026-09-28 23:13:20,1,1,2,0,3,6,24.0,70.70184357732752
2026-09-28 23:13:33,1,3,6,0,4,13,42.0,152.84040784384086
2026-09-28 23:13:45,4,2,1,1,6,10,52.0,176.69055418551528
2026-09-28 23:13:57,2,1,3,0,5,9,37.0,122.19564844077969
2026-09-28 23:14:09,0,5,2,1,3,11,47.0,163.79061254003602
2026-09-28 23:14:21,5,2,6,0,1,9,20.0,66.05170185988092
2026-09-28 23:14:33,1,5,2,0,0,7,22.0,67.74771391695639
2026-09-28 23:14:46,0,2,0,0,0,2,8.0,16.78889830934488
2026-09-28 23:14:59,13,8,15,3,1,27,74.0,320.5831337529651
2026-09-28 23:15:09,4,5,7,0,4,16,51.0,195.49388054686702
2026-09-28 23:15:22,1,4,0,0,1,5,22.0,61.418708323017206
2026-09-28 23:15:34,8,11,2,2,2,17,72.0,280.1067665685238
2026-09-28 23:15:46,2,6,4,2,6,18,78.0,307.66624037498235
2026-09-28 23:15:58,0,1,0,0,5,6,34.0,100.16094506788066
2026-09-28 23:16:10,2,3,2,0,6,11,50.0,174.24533248940003
2026-09-28 23:16:22,10,5,8,0,3,16,46.0,176.32781382658595
2026-09-28 23:16:34,1,4,0,0,0,4,16.0,41.75100659894561
2026-09-28 23:16:47,0,7,2,0,1,10,36.0,122.32422982074135
2026-09-28 23:17:01,16,2,9,0,2,13,29.0,105.53266255884249
2026-09-28 23:17:11,10,6,4,1,2,13,47.0,171.03569449191716
2026-09-28 23:17:23,3,7,2,0,0,9,30.0,99.07755278982138
2026-09-28 23:17:36,14,2,14,0,4,20,46.0,186.04803213527742
2026-09-28 23:17:47,3,9,9,0,0,18,45.0,177.4997540624898
2026-09-28 23:18:00,4,2,1,0,3,6,27.0,79.53957402449346
2026-09-28 23:18:11,3,4,2,0,8,14,66.0,244.73131327274587
2026-09-28 23:18:23,6,9,4,0,2,15,52.0,196.1746135564686
2026-09-28 23:18:35,4,1,4,2,0,7,22.0,67.74771391695639
2026-09-28 23:18:48,0,1,0,0,0,1,4.0,6.772588722239782
2026-09-28 23:19:01,9,1,13,0,0,14,17.0,63.03685341873757
2026-09-28 23:19:12,2,3,3,1,4,11,46.0,160.30570589024802
2026-09-28 23:19:24,1,3,0,0,1,4,18.0,46.96988242381381
2026-09-28 23:19:36,14,0,15,0,0,15,15.0,56.58883083359672
2026-09-28 23:19:48,3,7,2,0,4,13,54.0,196.50909579922396
2026-09-28 23:20:01,2,3,1,0,8,12,61.0,217.46191080515374
2026-09-28 23:20:12,1,2,0,0,6,8,44.0,140.67788140279367
2026-09-28 23:20:29,5,9,4,0,3,16,58.0,222.32637395526055
2026-09-28 23:20:37,1,5,2,0,4,11,46.0,160.30570589024802
2026-09-28 23:20:49,5,5,6,0,2,13,38.0,138.28417852537982
2026-09-28 23:21:01,5,1,2,0,0,3,6.0,14.317766166719345
2026-09-28 23:21:13,8,2,12,0,0,14,20.0,74.1610040220442
2026-09-28 23:21:25,4,9,5,0,3,17,59.0,229.53193371587372
2026-09-28 23:21:37,9,0,6,1,2,9,25.0,82.56462732485114
2026-09-28 23:21:51,8,1,12,1,7,21,65.0,265.91775946829057
2026-09-28 23:22:03,1,1,3,0,4,8,31.0,99.11396189742281
2026-09-28 23:22:15,0,2,2,0,2,6,22.0,64.81002327921689
2026-09-28 23:22:27,2,2,1,0,2,5,21.0,58.62694885378915
2026-09-28 23:22:40,4,5,7,1,0,13,34.0,123.72794920691878
2026-09-28 23:22:52,3,1,1,0,0,2,5.0,10.493061443340551
2026-09-28 23:23:04,3,2,3,0,0,5,11.0,30.709354161508603
2026-09-28 23:23:16,3,6,3,0,1,10,33.0,112.13054400234623
2026-09-28 23:23:28,9,3,10,2,4,19,60.0,239.74393641323945
2026-09-28 23:23:40,3,0,2,0,1,3,8.0,19.090354888959126
2026-09-28 23:23:52,4,5,6,0,6,17,62.0,241.2030489895622
2026-09-28 23:24:04,5,8,7,0,6,21,75.0,306.8281840018737
2026-09-28 23:24:16,5,5,5,0,2,12,37.0,131.90312622607686
2026-09-28 23:24:29,2,3,2,1,1,7,27.0,83.14492162535556
2026-09-28 23:24:41,1,6,3,0,1,10,33.0,112.13054400234623
2026-09-28 23:24:53,0,3,0,0,1,4,18.0,46.96988242381381
2026-09-28 23:25:05,1,0,0,0,0,0,0.0,0.0
2026-09-28 23:25:17,10,5,12,0,2,19,44.0,175.8122200363756
2026-09-28 23:25:29,3,3,2,0,7,12,56.0,199.63716401784606
2026-09-28 23:25:46,0,0,0,0,2,2,12.0,25.18334746401732
2026-09-28 23:25:53,11,6,7,0,0,13,31.0,112.81077721807301
2026-09-28 23:26:05,5,4,3,0,2,9,31.0,102.38013788281542
2026-09-28 23:26:18,1,3,4,1,4,12,47.0,167.5526198006922
2026-09-28 23:26:30,4,0,2,0,4,6,26.0,76.59366387543815
2026-09-28 23:26:42,0,2,3,1,3,9,36.0,118.89306334778566
2026-09-28 23:26:54,2,3,3,0,4,10,39.0,132.51791563913645
2026-09-28 23:27:06,0,3,0,0,0,3,12.0,28.63553233343869
2026-09-28 23:27:18,10,0,21,0,0,21,21.0,85.91189152052463
2026-09-28 23:27:32,6,5,6,0,1,12,32.0,114.07837943876918
2026-09-28 23:27:43,1,0,1,0,0,1,1.0,1.6931471805599454
2026-09-28 23:27:55,12,6,17,0,0,23,41.0,171.30020704426576
2026-09-28 23:28:07,4,2,4,0,7,13,54.0,196.50909579922396
2026-09-28 23:28:22,5,8,3,1,5,17,72.0,280.1067665685238
2026-09-28 23:28:31,5,6,5,0,5,16,59.0,226.15958729931674
2026-09-28 23:28:44,7,7,10,1,5,23,75.0,313.3540372760959
2026-09-28 23:28:57,1,7,0,0,1,8,34.0,108.70563562943147
2026-09-28 23:29:09,2,5,3,0,0,8,23.0,73.53616527873305
2026-09-28 23:29:21,12,5,14,0,0,19,34.0,135.8548973008357
2026-09-28 23:29:34,1,8,1,0,3,12,51.0,181.8124172305384
2026-09-28 23:29:45,3,2,3,0,0,5,11.0,30.709354161508603
2026-09-28 23:30:00,14,10,13,0,0,23,53.0,221.4368530084411
2026-09-28 23:30:10,4,9,4,1,4,18,71.0,280.05516752081724
2026-09-28 23:30:22,1,9,1,0,4,14,61.0,226.19106226723483
2026-09-28 23:30:34,3,5,4,0,0,9,24.0,79.2620422318571
2026-09-28 23:30:47,8,3,11,0,0,14,23.0,85.28515462535083
2026-09-28 23:30:59,1,4,1,0,0,5,17.0,47.459910976876934
2026-09-28 23:31:11,2,3,1,0,0,4,13.0,33.922692861643306
2026-09-28 23:31:23,16,1,14,0,1,16,24.0,91.9971202573492
2026-09-28 23:31:35,3,6,3,1,1,11,40.0,139.39626599152
2026-09-28 23:31:48,2,2,2,0,0,4,10.0,26.094379124341003
2026-09-28 23:32:00,18,2,19,0,0,21,27.0,110.45814624067454
2026-09-28 23:32:13,8,11,14,0,1,26,64.0,274.93355942427706
2026-09-28 23:32:25,4,5,7,0,1,13,33.0,120.08889187730352
2026-09-28 23:32:37,3,2,1,0,3,6,27.0,79.53957402449346
2026-09-28 23:32:49,6,2,4,0,2,8,24.0,76.73338985606927
2026-09-28 23:33:01,3,4,2,0,1,7,24.0,73.90659700031605
2026-09-28 23:33:13,1,2,0,1,0,3,15.0,35.79441541679836
2026-09-28 23:33:25,9,2,8,0,0,10,16.0,54.36632436477393
2026-09-28 23:33:37,11,2,14,0,1,17,28.0,108.9304092210926
2026-09-28 23:33:49,2,0,4,0,3,7,22.0,67.74771391695639
2026-09-28 23:34:02,11,2,11,0,0,13,19.0,69.14208926268991
2026-09-28 23:34:14,5,7,11,0,1,19,45.0,179.8079523099296
2026-09-28 23:34:26,4,3,7,0,3,13,37.0,134.64512119576457
2026-09-28 23:34:38,2,2,3,0,1,6,17.0,50.08047253394033
2026-09-28 23:34:50,1,3,1,0,2,6,25.0,73.64775372638283
2026-09-28 23:35:02,3,9,1,0,0,10,37.0,125.72212509353972
2026-09-28 23:35:15,1,6,0,0,0,6,24.0,70.70184357732752
2026-09-28 23:35:27,13,1,4,0,0,5,8.0,22.33407575382444
2026-09-28 23:35:39,4,2,4,1,3,10,37.0,125.72212509353972
2026-09-28 23:35:51,0,4,0,1,7,12,65.0,231.72170823499988
2026-09-28 23:36:03,3,1,0,1,1,3,17.0,40.56700413903815
2026-09-28 23:36:15,3,9,5,0,1,15,47.0,177.31166994526973
2026-09-28 23:36:27,2,17,2,0,4,23,94.0,392.73706005270685
2026-09-28 23:36:39,2,7,3,1,3,14,56.0,207.65081126172376
2026-09-28 23:36:52,0,1,3,1,5,10,44.0,149.5073920031283
2026-09-28 23:37:04,2,2,3,1,6,12,54.0,192.50726530292297
2026-09-28 23:37:16,1,3,1,1,2,7,32.0,98.54212933375474
2026-09-28 23:37:29,0,3,0,0,0,3,12.0,28.63553233343869
2026-09-28 23:37:43,6,4,4,0,0,8,20.0,63.94449154672439
2026-09-28 23:37:52,0,3,0,1,5,9,49.0,161.82666955670825
2026-09-28 23:38:05,1,1,1,0,2,4,17.0,44.36044451137971
2026-09-28 23:38:17,3,18,4,0,0,22,76.0,314.29756041061535
2026-09-28 23:38:32,2,12,4,0,6,22,88.0,363.92349100176517
2026-09-28 23:38:41,0,6,0,0,1,7,30.0,92.38324625039508
2026-09-28 23:38:54,2,1,1,0,4,6,29.0,85.43139432260409
2026-09-28 23:39:05,2,2,2,1,1,6,23.0,67.75593342827221
2026-09-28 23:39:17,1,7,0,0,2,9,40.0,132.10340371976184
2026-09-28 23:39:29,1,0,0,0,0,0,0.0,0.0
2026-09-28 23:39:41,12,6,16,0,0,22,40.0,165.419768637166
2026-09-28 23:39:53,3,3,1,0,4,8,37.0,118.29730936144013
2026-09-28 23:40:05,1,2,0,0,1,3,14.0,33.40812105567847
2026-09-28 23:40:18,5,10,6,0,2,18,58.0,228.77746079165354
2026-09-28 23:40:33,0,11,1,3,2,17,78.0,303.44899711590085
2026-09-28 23:40:42,3,5,3,1,3,12,48.0,171.11756915815377
2026-09-28 23:40:54,3,8,5,0,2,15,49.0,184.85684738974928
2026-09-28 23:41:06,1,0,2,0,2,4,14.0,36.53213077407741
2026-09-28 23:41:18,4,7,5,1,2,15,52.0,196.1746135564686
2026-09-28 23:41:32,1,0,0,0,0,0,0.0,0.0
2026-09-28 23:41:43,10,3,12,0,2,17,36.0,140.0533832842619
2026-09-28 23:41:54,5,9,3,0,1,13,45.0,163.75757983268662
2026-09-28 23:42:07,3,0,2,0,0,2,2.0,4.19722457733622
2026-09-28 23:42:19,15,4,13,0,1,18,35.0,138.0553642708254
2026-09-28 23:42:31,5,8,4,0,5,17,66.0,256.76453602114685
2026-09-28 23:42:45,4,9,3,2,3,17,71.0,276.21639481062766
2026-09-28 23:42:55,2,6,0,0,1,7,30.0,92.38324625039508
2026-09-28 23:43:07,2,1,1,0,2,4,17.0,44.36044451137971
2026-09-28 23:43:19,1,3,1,0,3,7,31.0,95.4626877920749
2026-09-28 23:43:31,2,0,0,0,0,0,0.0,0.0
2026-09-28 23:43:44,7,5,13,0,0,18,33.0,130.16648631249254
2026-09-28 23:43:56,4,3,6,0,1,10,24.0,81.5494865471609
2026-09-28 23:44:08,1,6,1,0,0,7,25.0,76.9860385419959
2026-09-28 23:44:20,4,2,4,0,0,6,12.0,35.35092178866376
2026-09-28 23:44:33,5,4,5,0,7,16,63.0,241.49244067554162
2026-09-28 23:44:45,7,9,5,0,2,16,53.0,203.16030723497946
2026-09-28 23:44:56,8,6,7,0,1,14,37.0,137.19785744078177
2026-09-28 23:45:08,9,5,5,0,0,10,25.0,84.94738181995926
2026-09-28 23:45:21,2,1,5,0,1,7,15.0,46.19162312519754
2026-09-28 23:45:33,0,1,0,0,1,2,10.0,20.986122886681102
2026-09-28 23:45:45,4,4,0,0,0,4,16.0,41.75100659894561
2026-09-28 23:46:01,3,3,9,0,0,12,21.0,74.86393650669227
2026-09-28 23:46:09,2,3,2,1,3,9,39.0,128.80081862676778
2026-09-28 23:46:24,1,2,0,0,0,2,8.0,16.78889830934488
2026-09-28 23:46:34,15,7,6,0,3,16,52.0,199.32709389092324
2026-09-28 23:46:45,0,2,0,0,4,6,32.0,94.26912476977003
2026-09-28 23:46:58,0,3,0,0,5,8,42.0,134.28343224812122
2026-09-28 23:47:13,1,4,1,1,4,10,48.0,163.0989730943218
2026-09-28 23:47:22,5,3,1,0,3,7,31.0,95.4626877920749
2026-09-28 23:47:34,9,1,6,0,2,9,22.0,72.65687204586901
2026-09-28 23:47:46,3,0,0,0,0,0,0.0,0.0
2026-09-28 23:47:58,12,2,14,0,0,16,22.0,84.33069356923676
2026-09-28 23:48:15,4,8,9,0,1,18,47.0,185.38863202082268
2026-09-28 23:48:22,0,2,0,0,0,2,8.0,16.78889830934488
2026-09-28 23:48:34,9,1,12,0,3,16,34.0,130.32925369791135
2026-09-28 23:48:47,6,11,4,0,0,15,48.0,181.0842586675095
2026-09-28 23:48:59,1,7,3,0,1,11,37.0,128.941546042156
2026-09-28 23:49:11,0,2,1,0,1,4,15.0,39.141568686511505
2026-09-28 23:49:24,3,1,3,0,0,4,7.0,18.266065387038704
2026-09-28 23:49:35,1,0,1,0,2,3,13.0,31.02182669455858
2026-09-28 23:49:47,0,1,0,0,0,1,4.0,6.772588722239782
2026-09-28 23:49:59,11,3,12,0,1,16,30.0,114.99640032168648
2026-09-28 23:50:13,3,7,3,0,1,11,37.0,128.941546042156
2026-09-28 23:50:24,0,4,0,0,0,4,16.0,41.75100659894561
2026-09-28 23:50:36,10,8,6,0,0,14,38.0,140.90590764188397
2026-09-28 23:50:48,7,8,5,1,5,19,74.0,295.68418824299533
2026-09-28 23:51:01,1,4,1,0,0,5,17.0,47.459910976876934
2026-09-28 23:51:15,2,7,1,1,1,10,42.0,142.71160145753157
2026-09-28 23:51:28,0,5,0,0,0,5,20.0,55.8351893845611
2026-09-28 23:51:36,2,1,1,1,2,5,24.0,67.00222726147332
2026-09-28 23:51:48,1,0,0,0,0,0,0.0,0.0
2026-09-28 23:52:01,10,1,15,1,1,18,32.0,126.22204733332609
2026-09-28 23:52:13,3,6,8,1,0,15,39.0,147.13096016735147
2026-09-28 23:52:25,0,1,0,0,1,2,10.0,20.986122886681102
2026-09-28 23:52:37,13,3,14,0,0,17,26.0,101.14966570530028
2026-09-28 23:52:49,7,11,2,1,2,16,65.0,249.15886736365405
2026-09-28 23:53:02,2,5,2,0,0,7,22.0,67.74771391695639
2026-09-28 23:53:13,4,2,3,0,1,6,17.0,50.08047253394033
2026-09-28 23:53:29,1,2,0,0,2,4,20.0,52.18875824868201
2026-09-28 23:53:42,0,0,0,0,0,0,0.0,0.0
2026-09-28 23:53:50,0,2,0,0,0,2,8.0,16.78889830934488
2026-09-28 23:54:02,3,2,13,0,0,15,21.0,79.2243631670354
2026-09-28 23:54:14,0,2,3,1,3,9,36.0,118.89306334778566
2026-09-28 23:54:26,0,2,0,1,2,5,27.0,75.37750566915749
2026-09-28 23:54:38,7,2,3,0,0,5,11.0,30.709354161508603
2026-09-28 23:54:50,5,13,11,1,1,26,76.0,326.48360181632904
2026-09-28 23:55:04,8,5,6,0,3,14,44.0,163.15420884849723
2026-09-28 23:55:16,2,4,0,0,0,4,16.0,41.75100659894561
2026-09-28 23:55:27,5,4,5,0,0,9,21.0,69.35428695287496
2026-09-28 23:55:39,1,4,1,1,6,12,60.0,213.8969614476922
2026-09-28 23:55:51,0,2,0,0,0,2,8.0,16.78889830934488
2026-09-28 23:56:03,12,1,1,0,0,2,5.0,10.493061443340551
2026-09-28 23:56:16,1,6,0,2,5,13,68.0,247.45589841383756
2026-09-28 23:56:27,4,1,4,0,4,9,32.0,105.68272297580947
2026-09-28 23:56:39,0,1,0,1,3,5,29.0,80.9610246076136
2026-09-28 23:56:52,9,3,10,0,1,14,28.0,103.82540563086188
2026-09-28 23:57:04,1,6,2,0,6,14,62.0,229.89911246833702
2026-09-28 23:57:16,2,15,2,1,3,21,87.0,355.9206934421735
2026-09-28 23:57:29,0,6,0,0,1,7,30.0,92.38324625039508
2026-09-28 23:57:43,8,7,7,0,2,16,47.0,180.16102717064217
2026-09-28 23:57:52,1,7,1,0,4,12,53.0,188.94231594546144
2026-09-28 23:58:04,0,2,0,0,0,2,8.0,16.78889830934488
2026-09-28 23:58:16,10,2,13,1,1,17,34.0,132.2726397684696
2026-09-28 23:58:29,2,5,2,0,1,8,28.0,89.52228816541415
2026-09-28 23:58:41,1,2,1,0,0,3,9.0,21.476649250079017
2026-09-28 23:58:53,9,8,7,0,1,16,45.0,172.49460048252973
2026-09-28 23:59:05,5,6,3,0,3,12,45.0,160.42272108576915
2026-09-28 23:59:18,2,1,3,0,1,5,13.0,36.292873099964716
2026-09-28 23:59:29,0,0,1,0,0,1,1.0,1.6931471805599454
2026-09-28 23:59:44,0,2,0,0,2,4,20.0,52.18875824868201
2026-09-28 23:59:57,2,3,5,0,5,13,47.0,171.03569449191716
2026-09-29 00:00:05,0,1,0,0,0,1,4.0,6.772588722239782
2026-09-29 00:00:17,6,6,8,0,0,14,32.0,118.65760643527072
2026-09-29 00:00:30,5,5,2,0,1,8,28.0,89.52228816541415
2026-09-29 00:00:46,0,9,1,0,3,13,55.0,200.14815312883923
2026-09-29 00:00:56,19,0,15,0,0,15,15.0,56.58883083359672
2026-09-29 00:01:08,2,11,2,0,5,18,76.0,299.77736241664945
2026-09-29 00:01:20,1,5,1,1,0,7,28.0,86.2243631670354
2026-09-29 00:01:32,5,2,12,0,1,15,26.0,98.0873067782343
2026-09-29 00:01:47,4,6,7,0,1,14,37.0,137.19785744078177
2026-09-29 00:01:56,1,1,1,0,0,2,5.0,10.493061443340551
2026-09-29 00:02:13,8,5,6,0,1,12,32.0,114.07837943876918
2026-09-29 00:02:21,8,7,2,0,5,14,60.0,222.4830120661326
2026-09-29 00:02:33,0,1,0,0,1,2,10.0,20.986122886681102
2026-09-29 00:02:45,12,5,11,0,0,16,31.0,118.8296136657427
2026-09-29 00:03:01,6,2,3,0,1,6,17.0,50.08047253394033
2026-09-29 00:03:09,1,4,1,0,0,5,17.0,47.459910976876934
2026-09-29 00:03:21,3,9,9,0,1,19,51.0,203.78234595125355
2026-09-29 00:03:33,5,5,1,1,5,12,58.0,206.76706273276912
2026-09-29 00:03:45,0,2,0,1,0,3,15.0,35.79441541679836
2026-09-29 00:03:57,9,0,5,0,0,5,5.0,13.958797346140274
2026-09-29 00:04:09,0,3,0,0,1,4,18.0,46.96988242381381
2026-09-29 00:04:22,1,0,1,0,0,1,1.0,1.6931471805599454
2026-09-29 00:04:34,10,10,13,0,2,25,65.0,276.77627497139633
2026-09-29 00:04:47,9,3,8,0,4,15,44.0,165.99390377855036
2026-09-29 00:05:01,2,1,0,0,0,1,4.0,6.772588722239782
2026-09-29 00:05:10,4,4,7,0,0,11,23.0,80.15285294512401
2026-09-29 00:05:22,2,3,1,0,1,5,19.0,53.04342991533304
2026-09-29 00:05:34,0,2,0,0,0,2,8.0,16.78889830934488
2026-09-29 00:05:46,5,16,7,0,2,25,83.0,353.42201265578296
2026-09-29 00:06:00,4,8,2,0,2,12,46.0,163.98767044323068
2026-09-29 00:06:11,0,4,0,0,0,4,16.0,41.75100659894561
2026-09-29 00:06:23,3,3,1,0,0,4,13.0,33.922692861643306
2026-09-29 00:06:35,3,1,2,0,0,3,6.0,14.317766166719345
2026-09-29 00:06:47,7,3,8,0,4,15,44.0,165.99390377855036
2026-09-29 00:06:59,6,3,8,0,2,13,32.0,116.44983454768827
2026-09-29 00:07:11,3,1,3,0,5,9,37.0,122.19564844077969
2026-09-29 00:07:28,7,2,7,1,2,12,34.0,121.20827815369225
2026-09-29 00:07:35,9,1,8,0,0,9,12.0,39.63102111592855
2026-09-29 00:07:48,2,0,0,0,2,2,12.0,25.18334746401732
2026-09-29 00:08:00,12,3,11,0,2,16,35.0,134.16246704196757
2026-09-29 00:08:13,4,13,5,1,4,23,88.0,367.66873707061916
2026-09-29 00:08:24,0,2,0,0,3,5,26.0,72.58574619992943
2026-09-29 00:08:36,6,3,2,0,1,6,20.0,58.91820298110627
2026-09-29 00:08:48,4,0,5,0,0,5,5.0,13.958797346140274
2026-09-29 00:09:01,0,0,0,0,1,1,6.0,10.158883083359672
2026-09-29 00:09:14,10,7,9,0,2,18,49.0,193.27750997915558
2026-09-29 00:09:25,2,9,4,0,3,16,58.0,222.32637395526055
2026-09-29 00:09:37,0,0,0,0,2,2,12.0,25.18334746401732
2026-09-29 00:09:49,6,1,0,0,0,1,4.0,6.772588722239782
2026-09-29 00:10:01,3,4,5,0,1,10,27.0,91.743172365556
2026-09-29 00:10:13,2,0,1,0,0,1,1.0,1.6931471805599454
2026-09-29 00:10:25,12,0,11,0,0,11,11.0,38.333973147668004
2026-09-29 00:10:37,6,15,4,0,6,25,100.0,425.80965380214815
2026-09-29 00:10:49,3,2,1,3,9,15,84.0,316.8974526681416
2026-09-29 00:11:02,4,0,0,0,1,1,6.0,10.158883083359672
2026-09-29 00:11:16,4,4,4,0,1,9,26.0,85.8672124178452
2026-09-29 00:11:26,1,0,0,0,0,0,0.0,0.0
2026-09-29 00:11:38,19,0,20,0,1,21,26.0,106.36710378731621
2026-09-29 00:11:50,5,7,8,0,4,19,60.0,239.74393641323945
2026-09-29 00:12:03,4,3,3,0,1,7,21.0,64.66827237527654
2026-09-29 00:12:15,4,5,2,1,0,8,29.0,92.71951274275037
2026-09-29 00:12:30,7,4,11,0,0,15,27.0,101.8598955004741
2026-09-29 00:12:40,5,2,5,0,0,7,13.0,40.03274004183786
2026-09-29 00:12:52,14,3,13,0,0,16,25.0,95.8303336014054
2026-09-29 00:13:05,6,2,4,0,3,9,30.0,99.07755278982138
2026-09-29 00:13:19,0,5,0,0,0,5,20.0,55.8351893845611
2026-09-29 00:13:29,2,3,2,0,3,8,32.0,102.31118647475903
2026-09-29 00:13:41,9,4,1,0,0,5,17.0,47.459910976876934
2026-09-29 00:13:53,1,0,2,0,0,2,2.0,4.19722457733622
2026-09-29 00:14:05,21,1,22,0,0,23,26.0,108.62939958904659
2026-09-29 00:14:19,4,7,7,1,6,21,78.0,319.10131136194866
2026-09-29 00:14:29,2,0,0,0,5,5,30.0,83.75278407684165
2026-09-29 00:14:41,9,3,4,0,0,7,16.0,49.27106466687737
2026-09-29 00:14:54,1,2,1,0,0,3,9.0,21.476649250079017
2026-09-29 00:15:06,0,1,0,0,1,2,10.0,20.986122886681102
2026-09-29 00:15:18,7,2,3,0,5,10,41.0,139.3137061847332
2026-09-29 00:15:30,0,5,1,2,8,16,83.0,318.15670755666594
2026-09-29 00:15:42,0,8,0,0,0,8,32.0,102.31118647475903
2026-09-29 00:15:54,0,7,0,0,0,7,28.0,86.2243631670354
2026-09-29 00:16:06,5,5,9,0,0,14,29.0,107.53345583196409
2026-09-29 00:16:19,1,1,2,0,0,3,6.0,14.317766166719345
2026-09-29 00:16:31,0,0,1,0,0,1,1.0,1.6931471805599454
2026-09-29 00:16:43,2,13,4,0,2,19,68.0,271.7097946016714
2026-09-29 00:16:55,2,6,2,0,4,12,50.0,178.24746787307683
2026-09-29 00:17:07,1,3,0,1,1,5,25.0,69.79398673070138
2026-09-29 00:17:19,5,3,8,1,0,12,27.0,96.25363265146149
2026-09-29 00:17:31,0,1,3,0,0,4,7.0,18.266065387038704
2026-09-29 00:17:43,11,1,11,0,1,13,21.0,76.42020392192043
2026-09-29 00:17:55,0,4,2,2,4,12,56.0,199.63716401784606
2026-09-29 00:18:08,1,10,0,0,5,15,70.0,264.0812105567847
2026-09-29 00:18:20,3,1,0,0,1,2,10.0,20.986122886681102
2026-09-29 00:18:32,4,7,6,0,0,13,34.0,123.72794920691878
2026-09-29 00:18:44,4,1,6,0,2,9,22.0,72.65687204586901
2026-09-29 00:18:56,5,2,2,0,0,4,10.0,26.094379124341003
2026-09-29 00:19:08,4,11,4,0,1,16,54.0,206.99352057903567
2026-09-29 00:19:20,0,2,0,1,1,4,21.0,54.79819616111611
2026-09-29 00:19:32,2,0,0,0,2,2,12.0,25.18334746401732
2026-09-29 00:19:45,1,2,1,0,2,5,21.0,58.62694885378915
2026-09-29 00:19:56,0,0,0,0,0,0,0.0,0.0
2026-09-29 00:20:09,10,4,12,0,0,16,28.0,107.32997363357406
2026-09-29 00:20:21,3,5,2,0,5,12,52.0,185.37736658799992
2026-09-29 00:20:33,0,2,0,1,5,8,45.0,143.8751059801299
2026-09-29 00:20:45,0,0,0,0,1,1,6.0,10.158883083359672
2026-09-29 00:20:58,6,4,6,0,3,13,40.0,145.56229318461033
2026-09-29 00:21:09,2,0,2,0,0,2,2.0,4.19722457733622
2026-09-29 00:21:22,11,4,12,0,0,16,28.0,107.32997363357406
2026-09-29 00:21:34,3,3,3,0,5,11,45.0,156.82079924046002
2026-09-29 00:21:46,0,2,0,0,3,5,26.0,72.58574619992943
2026-09-29 00:21:58,0,1,0,0,0,1,4.0,6.772588722239782
2026-09-29 00:22:10,4,6,8,0,1,15,38.0,143.3583714451117
2026-09-29 00:22:22,3,3,3,0,2,8,27.0,86.32506358807792
2026-09-29 00:22:34,0,0,0,0,0,0,0.0,0.0
2026-09-29 00:22:46,9,7,13,0,3,23,59.0,246.50517599052878
2026-09-29 00:22:58,0,6,0,0,1,7,30.0,92.38324625039508
2026-09-29 00:23:11,0,2,0,0,1,3,14.0,33.40812105567847
2026-09-29 00:23:23,1,2,4,0,2,8,24.0,76.73338985606927
2026-09-29 00:23:35,1,4,1,0,0,5,17.0,47.459910976876934
2026-09-29 00:23:47,1,0,1,0,0,1,1.0,1.6931471805599454
2026-09-29 00:23:59,4,3,6,0,6,15,54.0,203.7197910009482
2026-09-29 00:24:11,4,2,1,2,4,9,47.0,155.22149937072015
2026-09-29 00:24:23,0,2,0,0,1,3,14.0,33.40812105567847
2026-09-29 00:24:35,4,8,3,0,0,11,35.0,121.97173274258002
2026-09-29 00:24:47,1,6,1,0,1,8,31.0,99.11396189742281
2026-09-29 00:25:00,1,0,0,0,0,0,0.0,0.0
2026-09-29 00:25:12,8,9,12,1,3,25,73.0,310.84104727556814
2026-09-29 00:25:24,4,1,2,0,1,4,12.0,31.313254949209206
2026-09-29 00:25:36,1,2,0,0,0,2,8.0,16.78889830934488
2026-09-29 00:25:48,5,0,7,0,0,7,7.0,21.55609079175885
2026-09-29 00:26:00,1,2,0,0,4,6,32.0,94.26912476977003
2026-09-29 00:26:12,1,3,0,0,3,6,30.0,88.3773044716594
2026-09-29 00:26:25,6,12,4,0,0,16,52.0,199.32709389092324
2026-09-29 00:26:37,0,9,0,0,2,11,48.0,167.27551918982402
2026-09-29 00:26:49,0,1,0,0,1,2,10.0,20.986122886681102
2026-09-29 00:27:01,3,4,4,0,0,8,20.0,63.94449154672439
2026-09-29 00:27:13,0,4,0,1,2,7,35.0,107.78045395879425
2026-09-29 00:27:25,4,0,4,0,0,4,4.0,10.437751649736402
2026-09-29 00:27:37,5,3,6,0,6,15,54.0,203.7197910009482
2026-09-29 00:27:49,4,5,1,0,5,11,51.0,177.73023913918803
2026-09-29 00:28:02,9,4,0,0,0,4,16.0,41.75100659894561
2026-09-29 00:28:14,5,5,4,0,0,9,24.0,79.2620422318571
2026-09-29 00:28:26,0,1,0,0,0,1,4.0,6.772588722239782
2026-09-29 00:28:38,7,0,7,0,1,8,13.0,41.563919505370855
2026-09-29 00:28:50,11,10,5,1,6,22,88.0,363.92349100176517
2026-09-29 00:29:02,1,5,1,0,5,11,51.0,177.73023913918803
2026-09-29 00:29:15,1,1,0,0,0,1,4.0,6.772588722239782
2026-09-29 00:29:26,2,2,2,0,0,4,10.0,26.094379124341003
2026-09-29 00:29:38,1,2,0,0,4,6,32.0,94.26912476977003
2026-09-29 00:29:51,12,3,12,0,1,16,30.0,114.99640032168648
2026-09-29 00:30:03,2,4,4,0,4,12,44.0,156.85777172830763
2026-09-29 00:30:15,0,5,1,0,7,13,63.0,229.26061176576127
2026-09-29 00:30:27,4,7,6,0,1,14,40.0,148.3220080440884
2026-09-29 00:30:39,4,0,3,0,1,4,9.0,23.484941211906904
2026-09-29 00:30:51,0,2,0,0,0,2,8.0,16.78889830934488
2026-09-29 00:31:03,6,4,9,1,3,17,50.0,194.51858789480823
2026-09-29 00:31:15,3,10,3,0,4,17,67.0,260.654907779043
2026-09-29 00:31:27,0,4,0,0,1,5,22.0,61.418708323017206
2026-09-29 00:31:40,3,9,5,0,1,15,47.0,177.31166994526973
2026-09-29 00:31:52,1,1,0,0,0,1,4.0,6.772588722239782
2026-09-29 00:32:04,0,4,0,0,0,4,16.0,41.75100659894561
2026-09-29 00:32:16,7,7,9,1,1,18,50.0,197.221948958322
2026-09-29 00:32:28,1,7,1,1,8,17,84.0,326.7912276632778
2026-09-29 00:32:40,0,0,0,0,0,0,0.0,0.0
2026-09-29 00:32:52,7,1,9,0,1,11,19.0,66.213226345972
2026-09-29 00:33:04,1,7,6,0,0,13,34.0,123.72794920691878
2026-09-29 00:33:17,0,2,0,0,0,2,8.0,16.78889830934488
2026-09-29 00:33:29,8,9,9,1,0,19,52.0,207.77807822480753
2026-09-29 00:33:42,0,5,0,0,1,6,26.0,76.59366387543815
2026-09-29 00:33:54,1,4,0,0,0,4,16.0,41.75100659894561
2026-09-29 00:34:07,2,3,6,0,1,10,24.0,81.5494865471609
2026-09-29 00:34:19,1,3,3,0,0,6,15.0,44.1886522358297
2026-09-29 00:34:31,9,0,8,0,1,9,14.0,46.23619130191664
2026-09-29 00:34:43,1,8,1,0,5,14,63.0,233.60716266943925
2026-09-29 00:34:55,2,5,0,0,0,5,20.0,55.8351893845611
2026-09-29 00:35:07,6,1,1,0,0,2,5.0,10.493061443340551
2026-09-29 00:35:19,1,5,1,0,2,8,33.0,105.50841105209524
2026-09-29 00:35:31,0,0,1,0,0,1,1.0,1.6931471805599454
2026-09-29 00:35:44,10,3,12,0,0,15,24.0,90.54212933375474
2026-09-29 00:35:56,1,8,2,0,5,15,64.0,241.445678223346
2026-09-29 00:36:08,1,2,0,0,0,2,8.0,16.78889830934488
2026-09-29 00:36:20,5,3,3,0,0,6,15.0,44.1886522358297
2026-09-29 00:36:32,2,0,4,0,0,4,4.0,10.437751649736402
2026-09-29 00:36:44,1,4,0,0,0,4,16.0,41.75100659894561
2026-09-29 00:36:56,5,2,4,0,1,7,18.0,55.42994775023704
2026-09-29 00:37:08,2,2,2,1,6,11,53.0,184.70005243876403
2026-09-29 00:37:20,0,3,0,0,3,6,30.0,88.3773044716594
2026-09-29 00:37:33,3,2,5,0,1,8,19.0,60.74726696938817
2026-09-29 00:37:45,3,4,4,0,1,9,26.0,85.8672124178452
2026-09-29 00:37:57,0,0,0,0,2,2,12.0,25.18334746401732
2026-09-29 00:38:09,10,1,8,0,0,9,12.0,39.63102111592855
2026-09-29 00:38:21,1,5,0,0,2,7,32.0,98.54212933375474
2026-09-29 00:38:33,0,0,0,0,0,0,0.0,0.0
2026-09-29 00:38:45,4,7,6,0,0,13,34.0,123.72794920691878
2026-09-29 00:38:58,2,3,2,0,2,7,26.0,80.06548008367572
2026-09-29 00:39:10,0,0,0,0,0,0,0.0,0.0
2026-09-29 00:39:22,8,5,6,0,0,11,26.0,90.60757289448802
2026-09-29 00:39:34,0,1,1,0,5,7,35.0,107.78045395879425
2026-09-29 00:39:46,0,3,0,0,1,4,18.0,46.96988242381381
2026-09-29 00:39:58,2,5,6,0,0,11,26.0,90.60757289448802
2026-09-29 00:40:10,3,0,0,1,1,2,13.0,27.28195975268543
2026-09-29 00:40:22,0,0,0,0,1,1,6.0,10.158883083359672
2026-09-29 00:40:35,6,10,5,0,4,19,69.0,275.70552687522536
2026-09-29 00:40:47,1,3,1,1,7,12,62.0,221.02686016261526
2026-09-29 00:40:59,0,3,0,0,1,4,18.0,46.96988242381381
2026-09-29 00:41:11,0,1,0,0,1,2,10.0,20.986122886681102
2026-09-29 00:41:23,0,0,0,1,3,4,25.0,65.23594781085251
2026-09-29 00:41:37,4,1,5,0,0,6,9.0,26.513191341497823
2026-09-29 00:41:49,3,7,4,0,5,16,62.0,237.6592273314854
2026-09-29 00:42:01,0,2,0,0,0,2,8.0,16.78889830934488
2026-09-29 00:42:13,0,0,0,0,0,0,0.0,0.0
2026-09-29 00:42:25,5,3,6,1,2,12,37.0,131.90312622607686
2026-09-29 00:42:37,4,0,0,1,4,5,31.0,86.5445435460697
2026-09-29 00:42:49,13,1,12,0,0,13,16.0,58.224917273844135
2026-09-29 00:43:02,4,4,3,0,1,8,25.0,79.9306144334055
2026-09-29 00:43:14,0,2,0,0,0,2,8.0,16.78889830934488
2026-09-29 00:43:26,13,0,0,0,0,0,0.0,0.0
2026-09-29 00:43:38,3,6,6,0,2,14,42.0,155.7381084462928
2026-09-29 00:43:50,2,0,1,0,0,1,1.0,1.6931471805599454
2026-09-29 00:44:02,8,2,8,0,0,10,16.0,54.36632436477393
2026-09-29 00:44:14,1,2,0,0,1,3,14.0,33.40812105567847
2026-09-29 00:44:26,0,6,0,0,0,6,24.0,70.70184357732752
2026-09-29 00:44:38,10,1,3,0,1,5,13.0,36.292873099964716
2026-09-29 00:44:51,5,2,5,0,2,9,25.0,82.56462732485114
2026-09-29 00:45:03,0,1,0,0,0,1,4.0,6.772588722239782
2026-09-29 00:45:15,6,0,6,0,1,7,12.0,36.95329850015803
2026-09-29 00:45:27,3,4,5,0,1,10,27.0,91.743172365556
2026-09-29 00:45:39,0,2,0,0,1,3,14.0,33.40812105567847
2026-09-29 00:45:51,7,4,6,0,0,10,22.0,74.75369600156415
2026-09-29 00:46:03,3,8,3,0,0,11,35.0,121.97173274258002
2026-09-29 00:46:16,0,3,0,0,2,5,24.0,67.00222726147332
2026-09-29 00:46:31,13,10,8,0,2,20,60.0,242.67134626340535
2026-09-29 00:46:40,4,15,4,0,1,20,70.0,283.11657064063957
2026-09-29 00:46:52,0,5,0,0,0,5,20.0,55.8351893845611
2026-09-29 00:47:04,1,6,5,0,0,11,29.0,101.062292843852
2026-09-29 00:47:16,2,7,1,0,1,9,35.0,115.5904782547916
2026-09-29 00:47:28,1,0,0,0,0,0,0.0,0.0
2026-09-29 00:47:40,3,7,4,0,4,15,56.0,211.26496844542774
2026-09-29 00:47:52,3,4,1,0,0,5,17.0,47.459910976876934
2026-09-29 00:48:04,3,9,1,1,3,14,62.0,229.89911246833702
2026-09-29 00:48:17,0,0,1,0,0,1,1.0,1.6931471805599454
2026-09-29 00:48:29,3,7,1,0,0,8,29.0,92.71951274275037
2026-09-29 00:48:41,2,0,2,0,0,2,2.0,4.19722457733622
2026-09-29 00:48:53,3,7,3,0,5,15,61.0,230.12791205662666
2026-09-29 00:49:05,1,2,1,0,1,4,15.0,39.141568686511505
2026-09-29 00:49:17,0,0,0,0,0,0,0.0,0.0
2026-09-29 00:49:29,8,5,9,2,1,17,49.0,190.62821613691207
2026-09-29 00:49:41,0,0,0,0,1,1,6.0,10.158883083359672
2026-09-29 00:49:54,0,0,0,0,1,1,6.0,10.158883083359672
2026-09-29 00:50:23,1,2,0,0,1,3,14.0,33.40812105567847
2026-09-29 00:50:30,1,0,0,0,0,0,0.0,0.0
2026-09-29 00:50:42,3,3,2,0,0,5,14.0,39.08463256919277
2026-09-29 00:50:54,1,3,1,0,1,5,19.0,53.04342991533304
2026-09-29 00:51:06,0,0,0,0,2,2,12.0,25.18334746401732
2026-09-29 00:51:19,3,2,2,0,5,9,40.0,132.10340371976184
2026-09-29 00:51:31,2,8,2,0,2,12,46.0,163.98767044323068
2026-09-29 00:51:43,3,0,0,0,0,0,0.0,0.0
2026-09-29 00:51:55,2,1,5,0,2,8,21.0,67.14171612406061
2026-09-29 00:52:07,0,0,0,0,0,0,0.0,0.0
2026-09-29 00:52:19,7,0,9,0,1,10,15.0,50.96842909197556
2026-09-29 00:52:31,5,5,4,1,8,18,79.0,311.6106793541488
2026-09-29 00:52:44,0,1,1,0,3,5,23.0,64.21046779224527
2026-09-29 00:52:56,6,2,2,0,0,4,10.0,26.094379124341003
2026-09-29 00:53:08,3,1,2,0,1,4,12.0,31.313254949209206
2026-09-29 00:53:20,1,0,0,0,2,2,12.0,25.18334746401732
2026-09-29 00:53:32,2,2,3,0,0,5,11.0,30.709354161508603
2026-09-29 00:53:44,0,4,1,0,5,10,47.0,159.70107782152343
2026-09-29 00:53:58,1,0,0,0,1,1,6.0,10.158883083359672
2026-09-29 00:54:08,1,0,1,0,0,1,1.0,1.6931471805599454
2026-09-29 00:54:21,1,0,0,0,1,1,6.0,10.158883083359672
2026-09-29 00:54:33,1,1,0,0,0,1,4.0,6.772588722239782
2026-09-29 00:54:46,7,4,8,0,0,12,24.0,85.55878457907689
2026-09-29 00:54:57,3,9,2,0,6,17,74.0,287.88751008431615
2026-09-29 00:55:09,1,1,0,0,0,1,4.0,6.772588722239782
2026-09-29 00:55:21,6,1,7,0,0,8,11.0,35.16947035069842
2026-09-29 00:55:33,1,1,0,0,2,3,16.0,38.18070977791825
2026-09-29 00:55:45,1,0,0,0,0,0,0.0,0.0
2026-09-29 00:55:57,11,2,7,2,4,15,53.0,199.9472022787084
2026-09-29 00:56:10,4,4,3,0,4,11,43.0,149.85098594088402
2026-09-29 00:56:24,1,1,0,0,0,1,4.0,6.772588722239782
2026-09-29 00:56:34,5,2,1,0,0,3,9.0,21.476649250079017
2026-09-29 00:56:46,1,4,1,0,0,5,17.0,47.459910976876934
2026-09-29 00:56:58,0,2,0,0,0,2,8.0,16.78889830934488
2026-09-29 00:57:10,7,7,3,0,2,12,43.0,153.29282237084607
2026-09-29 00:57:22,0,5,0,1,5,11,57.0,198.639679037916
2026-09-29 00:57:35,0,0,0,0,0,0,0.0,0.0
2026-09-29 00:57:47,8,2,3,0,0,5,11.0,30.709354161508603
2026-09-29 00:57:59,2,1,1,0,1,3,11.0,26.2492379723188
2026-09-29 00:58:11,4,1,1,0,0,2,5.0,10.493061443340551
2026-09-29 00:58:23,5,3,9,0,5,17,51.0,198.4089596527044
2026-09-29 00:58:35,1,2,0,1,11,14,81.0,300.35206628927904
2026-09-29 00:58:47,0,5,0,0,2,7,32.0,98.54212933375474
2026-09-29 00:59:02,5,2,5,0,3,10,31.0,105.3347534567495
2026-09-29 00:59:11,3,0,3,0,0,3,3.0,7.158883083359672
2026-09-29 00:59:24,5,0,2,0,0,2,2.0,4.19722457733622
2026-09-29 00:59:36,3,8,4,1,1,14,49.0,181.6944598540083
2026-09-29 00:59:48,0,4,0,0,5,9,46.0,151.91891427772612
2026-09-29 01:00:00,1,0,2,0,1,3,8.0,19.090354888959126
2026-09-29 01:00:12,2,1,3,0,0,4,7.0,18.266065387038704
2026-09-29 01:00:24,2,1,1,0,0,2,5.0,10.493061443340551
2026-09-29 01:00:36,11,0,9,0,0,9,9.0,29.723265836946414
2026-09-29 01:00:48,1,9,0,0,2,11,48.0,167.27551918982402
2026-09-29 01:01:01,1,3,0,0,1,4,18.0,46.96988242381381
2026-09-29 01:01:16,0,0,0,0,0,0,0.0,0.0
2026-09-29 01:01:28,6,2,12,0,0,14,20.0,74.1610040220442
2026-09-29 01:01:37,2,2,1,0,1,4,15.0,39.141568686511505
2026-09-29 01:01:49,3,0,3,0,0,3,3.0,7.158883083359672
2026-09-29 01:02:01,2,7,3,0,2,12,43.0,153.29282237084607
2026-09-29 01:02:13,8,4,2,1,1,8,31.0,99.11396189742281
2026-09-29 01:02:25,5,0,0,0,0,0,0.0,0.0
2026-09-29 01:02:38,2,2,2,0,1,5,16.0,44.66815150764888
2026-09-29 01:02:50,5,1,3,0,0,4,7.0,18.266065387038704
2026-09-29 01:03:03,9,2,7,0,0,9,15.0,49.53877639491069
2026-09-29 01:03:16,3,4,4,0,4,12,44.0,156.85777172830763
2026-09-29 01:03:28,0,4,0,0,3,7,34.0,104.70101241711441
2026-09-29 01:03:39,8,1,7,1,1,10,24.0,81.5494865471609
2026-09-29 01:03:51,9,4,6,0,3,13,40.0,145.56229318461033
2026-09-29 01:04:03,2,0,0,1,1,2,13.0,27.28195975268543
2026-09-29 01:04:15,3,0,5,0,0,5,5.0,13.958797346140274
2026-09-29 01:04:29,2,0,0,0,3,3,18.0,42.953298500158034
2026-09-29 01:04:40,0,0,0,0,0,0,0.0,0.0
2026-09-29 01:04:52,12,2,10,0,0,12,18.0,64.16908843430767
2026-09-29 01:05:04,6,3,1,1,1,6,26.0,76.59366387543815
2026-09-29 01:05:16,0,1,0,0,1,2,10.0,20.986122886681102
2026-09-29 01:05:28,6,8,4,0,7,19,78.0,311.66711733721127
2026-09-29 01:05:40,3,2,0,0,6,8,44.0,140.67788140279367
2026-09-29 01:05:53,0,0,0,0,1,1,6.0,10.158883083359672
2026-09-29 01:06:04,0,1,3,0,1,5,13.0,36.292873099964716
2026-09-29 01:06:16,2,1,0,0,0,1,4.0,6.772588722239782
2026-09-29 01:06:29,0,0,0,0,0,0,0.0,0.0
2026-09-29 01:06:41,15,3,12,0,2,17,36.0,140.0533832842619
2026-09-29 01:06:53,0,4,0,0,7,11,58.0,202.124585687704
2026-09-29 01:07:06,1,0,0,0,0,0,0.0,0.0
2026-09-29 01:07:17,1,1,6,0,0,7,10.0,30.79441541679836
2026-09-29 01:07:29,0,5,0,0,1,6,26.0,76.59366387543815
2026-09-29 01:07:42,0,1,0,0,2,3,16.0,38.18070977791825
2026-09-29 01:07:53,1,4,4,1,4,13,51.0,185.59192381037818
2026-09-29 01:08:06,1,8,0,0,6,14,68.0,252.1474136749503
2026-09-29 01:08:18,1,1,0,0,0,1,4.0,6.772588722239782
2026-09-29 01:08:31,3,4,3,2,2,11,45.0,156.82079924046002
2026-09-29 01:08:42,0,2,0,1,1,4,21.0,54.79819616111611
2026-09-29 01:08:54,2,0,0,0,0,0,0.0,0.0
2026-09-29 01:09:06,3,2,0,2,5,9,52.0,171.7344248356904
2026-09-29 01:09:18,2,5,1,1,6,13,64.0,232.89966909537654
2026-09-29 01:09:30,2,4,0,3,2,9,49.0,161.82666955670825
2026-09-29 01:09:42,0,1,0,0,0,1,4.0,6.772588722239782
2026-09-29 01:09:58,0,2,0,0,0,2,8.0,16.78889830934488
2026-09-29 01:10:07,0,0,0,0,0,0,0.0,0.0
2026-09-29 01:10:19,4,3,5,0,3,11,35.0,121.97173274258002
2026-09-29 01:10:31,0,0,0,1,1,2,13.0,27.28195975268543
2026-09-29 01:10:47,0,1,2,0,0,3,6.0,14.317766166719345
2026-09-29 01:10:59,6,1,4,1,2,8,27.0,86.32506358807792
2026-09-29 01:11:07,2,1,1,0,0,2,5.0,10.493061443340551
2026-09-29 01:11:20,13,1,6,0,3,10,28.0,95.14106763835437
2026-09-29 01:11:32,4,3,2,1,4,10,45.0,152.90528727592667
2026-09-29 01:11:44,1,0,0,0,1,1,6.0,10.158883083359672
2026-09-29 01:11:56,4,0,1,0,1,2,7.0,14.69028602067677
2026-09-29 01:12:08,0,4,2,0,2,8,30.0,95.91673732008658
2026-09-29 01:12:20,2,1,2,0,0,3,6.0,14.317766166719345
2026-09-29 01:12:32,8,1,5,3,1,10,36.0,122.32422982074135
2026-09-29 01:12:45,3,3,1,1,1,6,26.0,76.59366387543815
2026-09-29 01:12:59,0,2,0,0,0,2,8.0,16.78889830934488
2026-09-29 01:13:09,2,4,2,0,3,9,36.0,118.89306334778566
2026-09-29 01:13:21,1,1,2,0,3,6,24.0,70.70184357732752
2026-09-29 01:13:33,0,0,0,0,0,0,0.0,0.0
2026-09-29 01:13:47,2,6,2,0,3,11,44.0,153.33589259067202
2026-09-29 01:13:59,0,0,0,0,1,1,6.0,10.158883083359672
2026-09-29 01:14:09,0,0,0,0,0,0,0.0,0.0
2026-09-29 01:14:21,11,2,7,0,0,9,15.0,49.53877639491069
2026-09-29 01:14:34,0,1,1,0,1,3,11.0,26.2492379723188
2026-09-29 01:14:46,0,2,0,0,0,2,8.0,16.78889830934488
2026-09-29 01:15:00,2,6,1,0,2,9,37.0,122.19564844077969
2026-09-29 01:15:10,3,0,0,0,2,2,12.0,25.18334746401732
2026-09-29 01:15:22,1,2,0,0,0,2,8.0,16.78889830934488
2026-09-29 01:15:34,6,0,2,0,0,2,2.0,4.19722457733622
2026-09-29 01:15:46,1,0,0,0,0,0,0.0,0.0
2026-09-29 01:15:59,0,2,0,0,0,2,8.0,16.78889830934488
2026-09-29 01:16:10,5,1,7,0,2,10,23.0,78.15159127436253
2026-09-29 01:16:23,1,4,0,0,1,5,22.0,61.418708323017206
2026-09-29 01:16:35,0,0,0,0,0,0,0.0,0.0
2026-09-29 01:16:47,1,0,1,0,1,2,7.0,14.69028602067677
2026-09-29 01:16:59,1,0,2,0,1,3,8.0,19.090354888959126
2026-09-29 01:17:11,1,0,0,0,0,0,0.0,0.0
2026-09-29 01:17:23,8,0,7,1,6,14,50.0,185.4025100551105
2026-09-29 01:17:38,0,2,2,0,1,5,16.0,44.66815150764888
2026-09-29 01:17:47,1,0,1,0,0,1,1.0,1.6931471805599454
2026-09-29 01:18:00,2,1,4,0,1,6,14.0,41.242742086774385
2026-09-29 01:18:12,0,0,0,0,0,0,0.0,0.0
2026-09-29 01:18:24,2,1,3,0,0,4,7.0,18.266065387038704
2026-09-29 01:18:36,5,9,7,0,3,19,61.0,243.73966868679344
2026-09-29 01:18:48,0,0,0,0,2,2,12.0,25.18334746401732
2026-09-29 01:19:00,0,0,0,0,0,0,0.0,0.0
2026-09-29 01:19:12,5,1,4,0,0,5,8.0,22.33407575382444
2026-09-29 01:19:24,4,0,4,1,1,6,17.0,50.08047253394033
2026-09-29 01:19:37,1,0,0,0,0,0,0.0,0.0
2026-09-29 01:19:49,4,3,5,0,5,13,47.0,171.03569449191716
2026-09-29 01:20:01,3,2,0,0,3,5,26.0,72.58574619992943
2026-09-29 01:20:17,0,4,0,0,0,4,16.0,41.75100659894561
2026-09-29 01:20:25,0,3,2,1,2,8,33.0,105.50841105209524
2026-09-29 01:20:37,2,0,1,0,0,1,1.0,1.6931471805599454
2026-09-29 01:20:49,0,0,0,0,0,0,0.0,0.0
2026-09-29 01:21:01,2,5,4,1,4,14,55.0,203.94276106062156
2026-09-29 01:21:14,0,2,0,0,5,7,38.0,117.01877858383376
2026-09-29 01:21:26,1,0,0,0,1,1,6.0,10.158883083359672
2026-09-29 01:21:38,1,1,2,0,0,3,6.0,14.317766166719345
2026-09-29 01:21:50,0,1,0,0,0,1,4.0,6.772588722239782
2026-09-29 01:22:02,1,1,2,0,1,4,12.0,31.313254949209206
2026-09-29 01:22:14,1,7,0,0,7,14,70.0,259.5635140771547
2026-09-29 01:22:28,0,0,0,0,1,1,6.0,10.158883083359672
2026-09-29 01:22:38,0,0,0,0,0,0,0.0,0.0
2026-09-29 01:22:51,2,0,4,0,0,4,4.0,10.437751649736402
2026-09-29 01:23:03,2,0,1,0,2,3,13.0,31.02182669455858
2026-09-29 01:23:15,8,1,5,0,4,10,33.0,112.13054400234623
2026-09-29 01:23:29,7,4,4,0,2,10,32.0,108.73264872954786
2026-09-29 01:23:39,0,0,0,0,0,0,0.0,0.0
2026-09-29 01:23:51,6,6,9,0,0,15,33.0,124.49542783391277
2026-09-29 01:24:03,0,0,0,0,0,0,0.0,0.0
2026-09-29 01:24:15,0,2,0,0,0,2,8.0,16.78889830934488
2026-09-29 01:24:29,1,8,1,0,0,9,33.0,108.98530806880352
2026-09-29 01:24:41,0,10,1,0,0,11,41.0,142.881172641308
2026-09-29 01:24:53,0,0,0,0,0,0,0.0,0.0
2026-09-29 01:25:05,5,0,6,0,0,6,6.0,17.67546089433188
2026-09-29 01:25:17,0,0,0,0,0,0,0.0,0.0
2026-09-29 01:25:30,0,0,0,0,0,0,0.0,0.0
2026-09-29 01:25:46,2,2,5,0,4,11,37.0,128.941546042156
2026-09-29 01:25:53,2,0,1,0,2,3,13.0,31.02182669455858
2026-09-29 01:26:05,0,0,0,0,0,0,0.0,0.0
2026-09-29 01:26:18,3,3,2,0,1,6,20.0,58.91820298110627
2026-09-29 01:26:30,2,1,0,0,0,1,4.0,6.772588722239782
2026-09-29 01:26:46,0,0,0,0,0,0,0.0,0.0
2026-09-29 01:26:59,0,4,0,0,7,11,58.0,202.124585687704
2026-09-29 01:27:06,0,0,0,0,5,5,30.0,83.75278407684165
2026-09-29 01:27:18,0,1,0,0,2,3,16.0,38.18070977791825
2026-09-29 01:27:31,0,2,0,0,0,2,8.0,16.78889830934488
2026-09-29 01:27:43,3,2,7,0,0,9,15.0,49.53877639491069
2026-09-29 01:27:59,0,0,0,0,0,0,0.0,0.0
2026-09-29 01:28:07,5,6,3,0,3,12,45.0,160.42272108576915
2026-09-29 01:28:19,3,1,2,0,5,8,36.0,115.1000847841039
2026-09-29 01:28:31,0,2,0,0,0,2,8.0,16.78889830934488
2026-09-29 01:28:48,4,1,4,0,0,5,8.0,22.33407575382444
2026-09-29 01:28:55,2,1,2,1,1,5,19.0,53.04342991533304
2026-09-29 01:29:07,8,0,2,0,0,2,2.0,4.19722457733622
2026-09-29 01:29:20,0,1,0,1,2,4,23.0,60.01707198598431
2026-09-29 01:29:32,0,0,0,0,0,0,0.0,0.0
2026-09-29 01:29:44,0,0,0,0,0,0,0.0,0.0
2026-09-29 01:29:56,1,1,0,0,1,2,10.0,20.986122886681102
2026-09-29 01:30:09,0,2,0,0,0,2,8.0,16.78889830934488
2026-09-29 01:30:21,6,0,3,0,1,4,9.0,23.484941211906904
2026-09-29 01:30:32,1,9,2,0,6,17,74.0,287.88751008431615
2026-09-29 01:30:46,0,1,0,0,1,2,10.0,20.986122886681102
2026-09-29 01:30:57,6,1,1,0,0,2,5.0,10.493061443340551
2026-09-29 01:31:12,3,2,4,0,0,6,12.0,35.35092178866376
2026-09-29 01:31:21,0,3,0,0,1,4,18.0,46.96988242381381
2026-09-29 01:31:33,11,0,9,1,4,14,40.0,148.3220080440884
2026-09-29 01:31:45,2,7,1,0,3,11,47.0,163.79061254003602
2026-09-29 01:31:57,1,2,1,0,2,5,21.0,58.62694885378915
2026-09-29 01:32:09,5,2,3,1,0,6,18.0,53.026382682995646
2026-09-29 01:32:22,2,9,2,0,0,11,38.0,132.426452691944
2026-09-29 01:32:33,2,1,2,0,0,3,6.0,14.317766166719345
2026-09-29 01:32:46,4,0,4,0,1,5,10.0,27.91759469228055
2026-09-29 01:32:58,0,4,2,0,2,8,30.0,95.91673732008658
2026-09-29 01:33:10,0,2,1,0,0,3,9.0,21.476649250079017
2026-09-29 01:33:22,2,1,1,0,0,2,5.0,10.493061443340551
2026-09-29 01:33:34,5,3,3,0,1,7,21.0,64.66827237527654
2026-09-29 01:33:46,3,0,2,2,3,7,34.0,104.70101241711441
2026-09-29 01:33:58,0,1,0,1,7,9,53.0,175.03700992868443
2026-09-29 01:34:10,0,2,0,0,6,8,44.0,140.67788140279367
2026-09-29 01:34:22,6,4,3,0,0,7,19.0,58.50938929191688
2026-09-29 01:34:35,2,2,2,0,2,6,22.0,64.81002327921689
2026-09-29 01:34:47,1,10,1,0,0,11,41.0,142.881172641308
2026-09-29 01:34:59,2,1,1,0,1,3,11.0,26.2492379723188
2026-09-29 01:35:11,1,1,1,0,0,2,5.0,10.493061443340551
2026-09-29 01:35:23,1,0,2,0,0,2,2.0,4.19722457733622
2026-09-29 01:35:35,4,2,2,0,1,5,16.0,44.66815150764888
2026-09-29 01:35:47,0,1,0,0,1,2,10.0,20.986122886681102
2026-09-29 01:35:59,3,5,2,0,2,9,34.0,112.28789316179756
2026-09-29 01:36:12,0,2,0,0,2,4,20.0,52.18875824868201
2026-09-29 01:36:24,2,2,0,0,0,2,8.0,16.78889830934488
2026-09-29 01:36:36,4,7,5,0,0,12,33.0,117.64332879623072
2026-09-29 01:36:48,0,6,2,0,2,10,38.0,129.12002036633808
2026-09-29 01:37:00,3,3,1,0,0,4,13.0,33.922692861643306
2026-09-29 01:37:12,1,1,4,0,1,6,14.0,41.242742086774385
2026-09-29 01:37:24,5,2,1,0,0,3,9.0,21.476649250079017
2026-09-29 01:37:36,3,1,2,0,0,3,6.0,14.317766166719345
2026-09-29 01:37:49,3,7,5,1,1,14,46.0,170.57030925070165
2026-09-29 01:38:01,2,0,4,0,1,5,10.0,27.91759469228055
2026-09-29 01:38:13,3,5,1,0,1,7,27.0,83.14492162535556
2026-09-29 01:38:25,1,5,1,0,1,7,27.0,83.14492162535556
2026-09-29 01:38:37,1,4,1,0,0,5,17.0,47.459910976876934
2026-09-29 01:38:49,1,1,0,0,3,4,22.0,57.40763407355021
2026-09-29 01:39:01,2,3,2,0,0,5,14.0,39.08463256919277
2026-09-29 01:39:13,2,3,1,0,1,5,19.0,53.04342991533304
2026-09-29 01:39:25,0,2,0,0,3,5,26.0,72.58574619992943
2026-09-29 01:39:38,3,4,2,0,2,8,30.0,95.91673732008658
2026-09-29 01:39:50,3,5,1,0,3,9,39.0,128.80081862676778
2026-09-29 01:40:02,4,3,3,0,5,11,45.0,156.82079924046002
2026-09-29 01:40:14,1,1,1,0,1,3,11.0,26.2492379723188
2026-09-29 01:40:26,2,2,0,0,0,2,8.0,16.78889830934488
2026-09-29 01:40:38,2,0,2,1,0,3,9.0,21.476649250079017
2026-09-29 01:40:51,3,5,2,0,4,11,46.0,160.30570589024802
2026-09-29 01:41:02,0,6,0,1,1,8,37.0,118.29730936144013
2026-09-29 01:41:15,4,1,3,0,3,7,25.0,76.9860385419959
2026-09-29 01:41:27,0,4,0,0,0,4,16.0,41.75100659894561
2026-09-29 01:41:39,1,4,1,0,0,5,17.0,47.459910976876934
2026-09-29 01:41:51,3,2,3,0,0,5,11.0,30.709354161508603
2026-09-29 01:42:03,0,2,0,0,1,3,14.0,33.40812105567847
2026-09-29 01:42:15,1,3,2,0,0,5,14.0,39.08463256919277
2026-09-29 01:42:27,0,3,0,0,3,6,30.0,88.3773044716594
2026-09-29 01:42:39,0,6,0,0,3,9,42.0,138.70857390574992
2026-09-29 01:42:51,2,3,1,0,0,4,13.0,33.922692861643306
2026-09-29 01:43:04,2,5,1,0,1,7,27.0,83.14492162535556
2026-09-29 01:43:16,4,1,2,0,0,3,6.0,14.317766166719345
2026-09-29 01:43:28,0,1,0,0,0,1,4.0,6.772588722239782
2026-09-29 01:43:40,0,1,0,0,0,1,4.0,6.772588722239782
2026-09-29 01:43:52,3,1,3,0,0,4,7.0,18.266065387038704
2026-09-29 01:44:04,3,2,3,0,1,6,17.0,50.08047253394033
2026-09-29 01:44:16,10,1,7,1,2,11,30.0,104.54719949364001
2026-09-29 01:44:29,0,1,0,0,1,2,10.0,20.986122886681102
2026-09-29 01:44:41,1,1,0,0,0,1,4.0,6.772588722239782
2026-09-29 01:44:53,1,3,4,0,3,10,34.0,115.5284392751446
2026-09-29 01:45:05,2,4,5,0,0,9,21.0,69.35428695287496
2026-09-29 01:45:17,3,3,0,0,0,3,12.0,28.63553233343869
2026-09-29 01:45:29,1,5,0,0,0,5,20.0,55.8351893845611
2026-09-29 01:45:41,2,0,2,0,0,2,2.0,4.19722457733622
2026-09-29 01:45:53,1,3,0,0,0,3,12.0,28.63553233343869
2026-09-29 01:46:05,0,2,0,0,0,2,8.0,16.78889830934488
2026-09-29 01:46:18,0,1,0,0,1,2,10.0,20.986122886681102
2026-09-29 01:46:30,4,7,2,2,2,13,56.0,203.78721045845447
2026-09-29 01:46:42,2,2,0,0,3,5,26.0,72.58574619992943
2026-09-29 01:46:54,1,1,0,1,3,5,29.0,80.9610246076136
2026-09-29 01:47:06,2,0,1,0,1,2,7.0,14.69028602067677
2026-09-29 01:47:18,2,2,3,0,2,7,23.0,70.82715545863623
2026-09-29 01:47:30,2,0,2,0,1,3,8.0,19.090354888959126
2026-09-29 01:47:43,2,2,2,0,1,5,16.0,44.66815150764888
2026-09-29 01:47:55,2,5,0,0,0,5,20.0,55.8351893845611
2026-09-29 01:48:07,1,1,4,0,1,6,14.0,41.242742086774385
2026-09-29 01:48:19,0,1,0,0,1,2,10.0,20.986122886681102
2026-09-29 01:48:31,2,0,1,0,0,1,1.0,1.6931471805599454
2026-09-29 01:48:43,1,0,3,0,2,5,15.0,41.876392038420825
2026-09-29 01:48:55,0,0,0,0,1,1,6.0,10.158883083359672
2026-09-29 01:49:07,0,2,0,0,1,3,14.0,33.40812105567847
2026-09-29 01:49:19,3,7,2,0,3,12,48.0,171.11756915815377
2026-09-29 01:49:32,0,4,0,0,1,5,22.0,61.418708323017206
2026-09-29 01:49:44,2,1,2,0,0,3,6.0,14.317766166719345
2026-09-29 01:49:56,1,3,0,1,1,5,25.0,69.79398673070138
2026-09-29 01:50:08,0,2,0,0,0,2,8.0,16.78889830934488
2026-09-29 01:50:20,3,4,1,0,0,5,17.0,47.459910976876934
2026-09-29 01:50:32,5,4,5,0,2,11,33.0,115.00191944300401
2026-09-29 01:50:44,1,3,1,1,3,8,38.0,121.49453393877634
2026-09-29 01:50:57,2,1,2,1,0,4,13.0,33.922692861643306
2026-09-29 01:51:09,2,1,0,0,2,3,16.0,38.18070977791825
2026-09-29 01:51:21,1,1,0,0,0,1,4.0,6.772588722239782
2026-09-29 01:51:33,1,2,0,0,0,2,8.0,16.78889830934488
2026-09-29 01:51:46,4,2,3,0,0,5,11.0,30.709354161508603
2026-09-29 01:51:57,1,0,1,0,0,1,1.0,1.6931471805599454
2026-09-29 01:52:09,6,0,4,0,0,4,4.0,10.437751649736402
2026-09-29 01:52:21,3,1,1,0,0,2,5.0,10.493061443340551
2026-09-29 01:52:33,1,2,1,1,2,6,28.0,82.48548417354877
2026-09-29 01:52:46,3,1,2,0,1,4,12.0,31.313254949209206
2026-09-29 01:52:58,5,0,2,0,4,6,26.0,76.59366387543815
2026-09-29 01:53:10,4,2,2,1,3,8,35.0,111.90286020676768
2026-09-29 01:53:23,5,1,2,0,0,3,6.0,14.317766166719345
2026-09-29 01:53:36,1,2,2,0,4,8,34.0,108.70563562943147
2026-09-29 01:53:48,0,4,0,0,4,8,40.0,127.88898309344879
2026-09-29 01:54:00,2,3,0,0,2,5,24.0,67.00222726147332
2026-09-29 01:54:12,5,5,2,0,1,8,28.0,89.52228816541415
2026-09-29 01:54:24,1,2,0,0,1,3,14.0,33.40812105567847
2026-09-29 01:54:38,3,6,3,1,0,10,34.0,115.5284392751446
2026-09-29 01:54:48,7,5,2,0,0,7,22.0,67.74771391695639
2026-09-29 01:55:00,2,0,2,0,3,5,20.0,55.8351893845611
2026-09-29 01:55:13,1,4,1,0,0,5,17.0,47.459910976876934
2026-09-29 01:55:25,2,2,1,0,0,3,9.0,21.476649250079017
2026-09-29 01:55:37,4,4,2,0,0,6,18.0,53.026382682995646
2026-09-29 01:55:49,1,1,1,0,0,2,5.0,10.493061443340551
2026-09-29 01:56:01,2,3,1,0,0,4,13.0,33.922692861643306
2026-09-29 01:56:14,0,7,3,0,0,10,31.0,105.3347534567495
2026-09-29 01:56:26,3,2,1,0,0,3,9.0,21.476649250079017
2026-09-29 01:56:37,3,7,2,0,0,9,30.0,99.07755278982138
2026-09-29 01:56:49,3,1,0,0,0,1,4.0,6.772588722239782
2026-09-29 01:57:02,1,1,1,0,0,2,5.0,10.493061443340551
2026-09-29 01:57:14,2,2,4,1,8,15,67.0,252.76344439006533
2026-09-29 01:57:26,0,3,0,0,1,4,18.0,46.96988242381381
2026-09-29 01:57:38,0,2,0,1,2,5,27.0,75.37750566915749
2026-09-29 01:57:50,0,2,0,0,0,2,8.0,16.78889830934488
2026-09-29 01:58:02,2,3,2,0,1,6,20.0,58.91820298110627
2026-09-29 01:58:15,2,7,1,0,3,11,47.0,163.79061254003602
2026-09-29 01:58:27,1,2,2,0,0,4,10.0,26.094379124341003
2026-09-29 01:58:39,1,2,1,1,2,6,28.0,82.48548417354877
2026-09-29 01:58:51,3,1,1,0,0,2,5.0,10.493061443340551
2026-09-29 01:59:03,2,3,2,0,1,6,20.0,58.91820298110627
2026-09-29 01:59:15,8,3,3,0,0,6,15.0,44.1886522358297
2026-09-29 01:59:27,1,0,0,1,1,2,13.0,27.28195975268543
2026-09-29 01:59:39,3,2,1,1,3,7,34.0,104.70101241711441
2026-09-29 01:59:51,2,3,1,0,0,4,13.0,33.922692861643306
2026-09-29 02:00:03,2,3,2,0,0,5,14.0,39.08463256919277
2026-09-29 02:00:16,3,3,1,0,2,6,25.0,73.64775372638283
2026-09-29 02:00:28,1,0,0,0,2,2,12.0,25.18334746401732
2026-09-29 02:00:40,1,1,0,0,1,2,10.0,20.986122886681102
2026-09-29 02:00:52,1,3,2,0,1,6,20.0,58.91820298110627
2026-09-29 02:01:04,3,0,0,0,0,0,0.0,0.0
2026-09-29 02:01:16,3,2,1,0,1,4,15.0,39.141568686511505
2026-09-29 02:01:28,1,8,3,0,3,14,53.0,196.52666065841714
2026-09-29 02:01:40,0,6,0,0,2,8,36.0,115.1000847841039
2026-09-29 02:01:53,1,3,2,0,4,9,38.0,125.49823353377374
2026-09-29 02:02:05,3,0,2,1,3,6,27.0,79.53957402449346
2026-09-29 02:02:17,5,0,2,0,1,3,8.0,19.090354888959126
2026-09-29 02:02:29,0,3,0,0,1,4,18.0,46.96988242381381
2026-09-29 02:02:41,1,0,1,0,0,1,1.0,1.6931471805599454
2026-09-29 02:02:53,1,2,1,0,1,4,15.0,39.141568686511505
2026-09-29 02:03:05,1,1,3,0,1,5,13.0,36.292873099964716
2026-09-29 02:03:17,0,1,0,0,0,1,4.0,6.772588722239782
2026-09-29 02:03:29,1,1,2,0,1,4,12.0,31.313254949209206
2026-09-29 02:03:42,3,2,1,0,0,3,9.0,21.476649250079017
2026-09-29 02:03:54,4,4,3,0,0,7,19.0,58.50938929191688
2026-09-29 02:04:06,0,1,0,0,2,3,16.0,38.18070977791825
2026-09-29 02:04:18,3,1,2,0,0,3,6.0,14.317766166719345
2026-09-29 02:04:30,2,2,0,2,1,5,28.0,78.16926513838554
2026-09-29 02:04:42,1,3,2,0,1,6,20.0,58.91820298110627
2026-09-29 02:04:54,6,2,6,0,0,8,14.0,44.76114408270708
2026-09-29 02:05:07,3,3,2,1,1,7,27.0,83.14492162535556
2026-09-29 02:05:19,1,6,0,1,1,8,37.0,118.29730936144013
2026-09-29 02:05:31,0,0,0,0,0,0,0.0,0.0
2026-09-29 02:05:43,3,0,5,0,1,6,11.0,32.405011639608446
2026-09-29 02:05:55,4,1,3,0,1,5,13.0,36.292873099964716
2026-09-29 02:06:07,1,5,2,0,0,7,22.0,67.74771391695639
2026-09-29 02:06:19,6,0,2,0,1,3,8.0,19.090354888959126
2026-09-29 02:06:31,5,3,2,0,0,5,14.0,39.08463256919277
2026-09-29 02:06:45,1,1,0,0,0,1,4.0,6.772588722239782
2026-09-29 02:06:57,2,2,0,0,1,3,14.0,33.40812105567847
2026-09-29 02:07:09,2,1,1,1,0,3,12.0,28.63553233343869
2026-09-29 02:07:22,3,0,0,1,0,1,7.0,11.852030263919618
2026-09-29 02:07:34,1,1,0,1,2,4,23.0,60.01707198598431
2026-09-29 02:07:46,8,2,2,0,0,4,10.0,26.094379124341003
2026-09-29 02:07:58,2,1,0,0,5,6,34.0,100.16094506788066
2026-09-29 02:08:10,2,1,1,1,3,6,30.0,88.3773044716594
2026-09-29 02:08:22,2,0,6,0,1,7,12.0,36.95329850015803
2026-09-29 02:08:34,2,2,2,0,4,8,34.0,108.70563562943147
2026-09-29 02:08:46,1,4,2,0,3,9,36.0,118.89306334778566
2026-09-29 02:08:58,2,1,0,0,0,1,4.0,6.772588722239782
2026-09-29 02:09:11,0,0,0,0,0,0,0.0,0.0
2026-09-29 02:09:23,4,0,2,0,1,3,8.0,19.090354888959126
2026-09-29 02:09:35,5,1,2,0,0,3,6.0,14.317766166719345
2026-09-29 02:09:47,2,3,0,0,1,4,18.0,46.96988242381381
2026-09-29 02:09:59,2,1,0,0,2,3,16.0,38.18070977791825
2026-09-29 02:10:11,0,2,0,0,0,2,8.0,16.78889830934488
2026-09-29 02:10:23,1,2,0,0,2,4,20.0,52.18875824868201
2026-09-29 02:10:35,2,1,1,0,0,2,5.0,10.493061443340551
2026-09-29 02:10:47,1,1,1,0,0,2,5.0,10.493061443340551
2026-09-29 02:11:00,2,0,0,0,0,0,0.0,0.0
2026-09-29 02:11:12,0,1,1,0,2,4,17.0,44.36044451137971
2026-09-29 02:11:24,0,2,0,0,2,4,20.0,52.18875824868201
2026-09-29 02:11:36,1,2,2,0,0,4,10.0,26.094379124341003
2026-09-29 02:11:48,1,1,0,0,3,4,22.0,57.40763407355021
2026-09-29 02:12:00,4,5,3,0,0,8,23.0,73.53616527873305
2026-09-29 02:12:12,3,1,3,0,0,4,7.0,18.266065387038704
2026-09-29 02:12:25,5,1,1,0,3,5,23.0,64.21046779224527
2026-09-29 02:12:37,2,1,0,0,3,4,22.0,57.40763407355021
2026-09-29 02:12:49,7,2,1,0,0,3,9.0,21.476649250079017
2026-09-29 02:13:01,4,4,1,0,0,5,17.0,47.459910976876934
2026-09-29 02:13:13,3,0,3,0,1,4,9.0,23.484941211906904
2026-09-29 02:13:25,0,2,1,0,1,4,15.0,39.141568686511505
2026-09-29 02:13:37,4,2,0,0,0,2,8.0,16.78889830934488
2026-09-29 02:13:49,4,0,2,0,0,2,2.0,4.19722457733622
2026-09-29 02:14:01,1,2,0,0,1,3,14.0,33.40812105567847
2026-09-29 02:14:14,3,3,2,0,2,7,26.0,80.06548008367572
2026-09-29 02:14:26,3,0,2,0,4,6,26.0,76.59366387543815
2026-09-29 02:14:38,5,1,4,0,1,6,14.0,41.242742086774385
2026-09-29 02:14:50,2,2,2,0,0,4,10.0,26.094379124341003
2026-09-29 02:15:02,4,1,3,0,1,5,13.0,36.292873099964716
2026-09-29 02:15:15,2,0,0,0,0,0,0.0,0.0
2026-09-29 02:15:27,1,1,0,0,0,1,4.0,6.772588722239782
2026-09-29 02:15:39,3,0,1,0,0,1,1.0,1.6931471805599454
2026-09-29 02:15:51,1,0,1,0,1,2,7.0,14.69028602067677
2026-09-29 02:16:03,8,9,3,0,1,13,45.0,163.75757983268662
2026-09-29 02:16:15,2,0,4,0,0,4,4.0,10.437751649736402
2026-09-29 02:16:27,0,0,0,0,0,0,0.0,0.0
2026-09-29 02:16:39,0,1,0,0,2,3,16.0,38.18070977791825
2026-09-29 02:16:51,2,1,1,1,3,6,30.0,88.3773044716594
2026-09-29 02:17:04,0,4,0,0,0,4,16.0,41.75100659894561
2026-09-29 02:17:16,1,2,0,0,5,7,38.0,117.01877858383376
2026-09-29 02:17:28,0,0,0,0,6,6,36.0,106.05276536599129
2026-09-29 02:17:40,1,1,0,0,3,4,22.0,57.40763407355021
2026-09-29 02:17:52,4,2,6,0,0,8,14.0,44.76114408270708
2026-09-29 02:18:04,1,2,1,0,0,3,9.0,21.476649250079017
2026-09-29 02:18:16,4,2,4,0,1,7,18.0,55.42994775023704
2026-09-29 02:18:29,0,6,0,0,2,8,36.0,115.1000847841039
2026-09-29 02:18:41,1,1,0,0,2,3,16.0,38.18070977791825
2026-09-29 02:18:53,1,2,1,0,0,3,9.0,21.476649250079017
2026-09-29 02:19:05,6,0,6,0,0,6,6.0,17.67546089433188
2026-09-29 02:19:17,0,1,0,0,3,4,22.0,57.40763407355021
2026-09-29 02:19:29,1,0,0,0,1,1,6.0,10.158883083359672
2026-09-29 02:19:41,2,0,2,0,0,2,2.0,4.19722457733622
2026-09-29 02:19:53,0,2,0,0,1,3,14.0,33.40812105567847
2026-09-29 02:20:05,2,0,0,0,0,0,0.0,0.0
2026-09-29 02:20:18,2,1,2,0,0,3,6.0,14.317766166719345
2026-09-29 02:20:30,4,2,3,0,1,6,17.0,50.08047253394033
2026-09-29 02:20:42,1,1,1,0,6,8,41.0,131.086207670785
2026-09-29 02:20:54,0,2,0,1,2,5,27.0,75.37750566915749
2026-09-29 02:21:06,1,2,1,0,2,5,21.0,58.62694885378915
2026-09-29 02:21:18,0,1,0,0,1,2,10.0,20.986122886681102
2026-09-29 02:21:30,0,1,0,0,0,1,4.0,6.772588722239782
2026-09-29 02:21:43,1,1,1,0,0,2,5.0,10.493061443340551
2026-09-29 02:21:55,0,6,1,0,1,8,31.0,99.11396189742281
2026-09-29 02:22:07,2,5,0,0,0,5,20.0,55.8351893845611
2026-09-29 02:22:19,4,3,0,0,3,6,30.0,88.3773044716594
2026-09-29 02:22:31,6,2,6,0,0,8,14.0,44.76114408270708
2026-09-29 02:22:43,0,0,0,0,1,1,6.0,10.158883083359672
2026-09-29 02:22:55,1,2,0,0,2,4,20.0,52.18875824868201
2026-09-29 02:23:07,0,2,0,0,1,3,14.0,33.40812105567847
2026-09-29 02:23:19,0,2,3,0,4,9,35.0,115.5904782547916
2026-09-29 02:23:32,3,1,2,0,0,3,6.0,14.317766166719345
2026-09-29 02:23:44,0,8,0,0,2,10,44.0,149.5073920031283
2026-09-29 02:23:56,0,2,0,0,0,2,8.0,16.78889830934488
2026-09-29 02:24:08,0,1,0,0,0,1,4.0,6.772588722239782
2026-09-29 02:24:20,0,0,0,0,1,1,6.0,10.158883083359672
2026-09-29 02:24:32,3,0,4,0,0,4,4.0,10.437751649736402
2026-09-29 02:24:47,0,0,0,0,2,2,12.0,25.18334746401732
2026-09-29 02:24:56,0,2,0,0,0,2,8.0,16.78889830934488
2026-09-29 02:25:08,1,1,1,0,3,5,23.0,64.21046779224527
2026-09-29 02:25:21,1,3,1,0,2,6,25.0,73.64775372638283
2026-09-29 02:25:33,1,0,1,0,4,5,25.0,69.79398673070138
2026-09-29 02:25:45,3,4,5,0,3,12,39.0,139.03302494099992
2026-09-29 02:25:57,3,2,2,0,2,6,22.0,64.81002327921689
2026-09-29 02:26:09,2,3,2,0,3,8,32.0,102.31118647475903
2026-09-29 02:26:21,1,3,2,0,1,6,20.0,58.91820298110627
2026-09-29 02:26:33,1,1,1,0,1,3,11.0,26.2492379723188
2026-09-29 02:26:46,1,0,2,0,1,3,8.0,19.090354888959126
2026-09-29 02:26:58,2,2,2,0,1,5,16.0,44.66815150764888
2026-09-29 02:27:10,0,5,0,0,1,6,26.0,76.59366387543815
2026-09-29 02:27:22,2,0,0,1,3,4,25.0,65.23594781085251
2026-09-29 02:27:34,0,0,0,1,3,4,25.0,65.23594781085251
2026-09-29 02:27:48,5,2,4,1,2,9,31.0,102.38013788281542
2026-09-29 02:28:00,2,1,1,1,7,10,54.0,183.486344731112
2026-09-29 02:28:12,2,2,1,0,0,3,9.0,21.476649250079017
2026-09-29 02:28:24,0,3,3,0,1,7,21.0,64.66827237527654
2026-09-29 02:28:36,0,3,0,0,1,4,18.0,46.96988242381381
2026-09-29 02:28:48,0,3,0,0,3,6,30.0,88.3773044716594
2026-09-29 02:29:01,2,0,1,0,0,1,1.0,1.6931471805599454
2026-09-29 02:29:13,1,6,2,1,0,9,33.0,108.98530806880352
2026-09-29 02:29:25,3,1,0,0,2,3,16.0,38.18070977791825
2026-09-29 02:29:37,1,0,2,0,0,2,2.0,4.19722457733622
2026-09-29 02:29:49,3,4,3,0,0,7,19.0,58.50938929191688
2026-09-29 02:30:01,1,8,0,0,0,8,32.0,102.31118647475903
2026-09-29 02:30:13,0,3,0,1,0,4,19.0,49.57932033624791
2026-09-29 02:30:25,0,3,0,0,1,4,18.0,46.96988242381381
2026-09-29 02:30:38,0,0,0,1,1,2,13.0,27.28195975268543
2026-09-29 02:30:50,1,0,1,0,1,2,7.0,14.69028602067677
2026-09-29 02:31:02,2,3,0,0,0,3,12.0,28.63553233343869
2026-09-29 02:31:16,0,0,0,0,1,1,6.0,10.158883083359672
2026-09-29 02:31:26,0,3,0,0,0,3,12.0,28.63553233343869
2026-09-29 02:31:38,0,2,0,0,0,2,8.0,16.78889830934488
2026-09-29 02:31:50,0,3,0,0,3,6,30.0,88.3773044716594
2026-09-29 02:32:02,2,1,2,0,4,7,30.0,92.38324625039508
2026-09-29 02:32:14,3,5,2,0,2,9,34.0,112.28789316179756
2026-09-29 02:32:28,0,5,1,0,1,7,27.0,83.14492162535556
2026-09-29 02:32:39,0,5,0,0,3,8,38.0,121.49453393877634
2026-09-29 02:32:51,0,0,0,0,0,0,0.0,0.0
2026-09-29 02:33:04,2,1,1,0,0,2,5.0,10.493061443340551
2026-09-29 02:33:16,2,3,3,0,0,6,15.0,44.1886522358297
2026-09-29 02:33:29,2,0,3,0,0,3,3.0,7.158883083359672
2026-09-29 02:33:40,2,1,3,0,2,6,19.0,55.972292832050954
2026-09-29 02:33:52,1,1,0,1,1,3,17.0,40.56700413903815
2026-09-29 02:34:05,3,1,1,1,4,7,36.0,110.85989550047408
2026-09-29 02:34:17,1,1,1,0,0,2,5.0,10.493061443340551
2026-09-29 02:34:29,1,0,2,0,0,2,2.0,4.19722457733622
2026-09-29 02:34:41,0,1,0,0,0,1,4.0,6.772588722239782
2026-09-29 02:34:53,0,4,0,0,0,4,16.0,41.75100659894561
2026-09-29 02:35:05,2,0,3,0,0,3,3.0,7.158883083359672
2026-09-29 02:35:17,0,3,0,0,0,3,12.0,28.63553233343869
2026-09-29 02:35:31,0,0,0,0,1,1,6.0,10.158883083359672
2026-09-29 02:35:44,1,0,2,0,2,4,14.0,36.53213077407741
2026-09-29 02:35:54,3,0,2,0,0,2,2.0,4.19722457733622
2026-09-29 02:36:06,0,2,2,0,3,7,28.0,86.2243631670354
2026-09-29 02:36:18,2,1,2,0,3,6,24.0,70.70184357732752
2026-09-29 02:36:30,0,1,2,1,1,5,19.0,53.04342991533304
2026-09-29 02:36:42,0,1,0,0,2,3,16.0,38.18070977791825
2026-09-29 02:36:59,0,0,1,0,0,1,1.0,1.6931471805599454
2026-09-29 02:37:06,4,0,5,0,0,5,5.0,13.958797346140274
2026-09-29 02:37:18,3,5,2,0,0,7,22.0,67.74771391695639
2026-09-29 02:37:31,0,0,0,0,2,2,12.0,25.18334746401732
2026-09-29 02:37:43,3,0,0,0,1,1,6.0,10.158883083359672
2026-09-29 02:37:55,1,0,1,0,2,3,13.0,31.02182669455858
2026-09-29 02:38:07,2,3,1,0,4,8,37.0,118.29730936144013
2026-09-29 02:38:19,1,1,1,0,1,3,11.0,26.2492379723188
2026-09-29 02:38:31,0,1,0,0,0,1,4.0,6.772588722239782
2026-09-29 02:38:44,0,2,0,0,2,4,20.0,52.18875824868201
2026-09-29 02:38:59,1,5,0,0,0,5,20.0,55.8351893845611
2026-09-29 02:39:08,1,3,2,0,0,5,14.0,39.08463256919277
2026-09-29 02:39:20,1,3,1,0,1,5,19.0,53.04342991533304
2026-09-29 02:39:32,1,1,0,0,0,1,4.0,6.772588722239782
2026-09-29 02:39:44,1,0,0,0,0,0,0.0,0.0
2026-09-29 02:40:00,6,1,3,0,4,8,31.0,99.11396189742281
2026-09-29 02:40:08,0,2,0,0,2,4,20.0,52.18875824868201
2026-09-29 02:40:20,4,0,2,0,3,5,20.0,55.8351893845611
2026-09-29 02:40:33,0,2,0,1,3,6,33.0,97.21503491882534
2026-09-29 02:40:47,4,5,5,0,0,10,25.0,84.94738181995926
2026-09-29 02:40:59,2,0,2,0,0,2,2.0,4.19722457733622
2026-09-29 02:41:09,0,1,0,0,1,2,10.0,20.986122886681102
2026-09-29 02:41:21,1,2,1,0,0,3,9.0,21.476649250079017
2026-09-29 02:41:33,2,2,1,0,0,3,9.0,21.476649250079017
2026-09-29 02:41:47,3,10,2,0,1,13,48.0,174.6747518215324
2026-09-29 02:41:59,0,1,0,0,3,4,22.0,57.40763407355021
2026-09-29 02:42:10,0,1,0,0,3,4,22.0,57.40763407355021
2026-09-29 02:42:22,1,4,1,0,0,5,17.0,47.459910976876934
2026-09-29 02:42:34,2,4,0,0,1,5,22.0,61.418708323017206
2026-09-29 02:42:46,4,2,5,0,0,7,13.0,40.03274004183786
2026-09-29 02:42:58,0,3,0,0,1,4,18.0,46.96988242381381
2026-09-29 02:43:10,1,3,1,0,1,5,19.0,53.04342991533304
2026-09-29 02:43:22,1,2,0,0,0,2,8.0,16.78889830934488
2026-09-29 02:43:35,0,2,0,0,0,2,8.0,16.78889830934488
2026-09-29 02:43:47,1,8,2,0,2,12,46.0,163.98767044323068
2026-09-29 02:43:59,1,4,0,1,0,5,23.0,64.21046779224527
2026-09-29 02:44:11,3,1,3,1,1,6,20.0,58.91820298110627
2026-09-29 02:44:23,1,2,3,0,0,5,11.0,30.709354161508603
2026-09-29 02:44:35,3,1,3,0,0,4,7.0,18.266065387038704
2026-09-29 02:44:47,0,1,0,0,2,3,16.0,38.18070977791825
2026-09-29 02:44:59,4,1,2,0,3,6,24.0,70.70184357732752
2026-09-29 02:45:11,0,3,1,0,1,5,19.0,53.04342991533304
2026-09-29 02:45:24,1,1,1,0,0,2,5.0,10.493061443340551
2026-09-29 02:45:36,0,0,0,0,1,1,6.0,10.158883083359672
2026-09-29 02:45:48,3,0,0,1,1,2,13.0,27.28195975268543
2026-09-29 02:46:00,1,2,0,0,0,2,8.0,16.78889830934488
2026-09-29 02:46:12,1,0,1,0,0,1,1.0,1.6931471805599454
2026-09-29 02:46:24,2,0,2,0,3,5,20.0,55.8351893845611
2026-09-29 02:46:36,1,1,0,0,0,1,4.0,6.772588722239782
2026-09-29 02:46:48,2,2,1,0,1,4,15.0,39.141568686511505
2026-09-29 02:47:01,3,2,3,0,1,6,17.0,50.08047253394033
2026-09-29 02:47:13,1,1,1,1,3,6,30.0,88.3773044716594
2026-09-29 02:47:25,0,0,0,0,0,0,0.0,0.0
2026-09-29 02:47:37,2,4,1,0,0,5,17.0,47.459910976876934
2026-09-29 02:47:49,1,0,1,0,0,1,1.0,1.6931471805599454
2026-09-29 02:48:01,2,0,2,0,0,2,2.0,4.19722457733622
2026-09-29 02:48:13,4,2,0,0,1,3,14.0,33.40812105567847
2026-09-29 02:48:26,1,4,2,0,0,6,18.0,53.026382682995646
2026-09-29 02:48:37,3,4,2,0,4,10,42.0,142.71160145753157
2026-09-29 02:48:50,2,0,2,0,0,2,2.0,4.19722457733622
2026-09-29 02:49:02,3,1,2,0,4,7,30.0,92.38324625039508
2026-09-29 02:49:14,0,0,0,0,0,0,0.0,0.0
2026-09-29 02:49:26,0,0,0,0,0,0,0.0,0.0
2026-09-29 02:49:38,3,2,2,1,0,5,17.0,47.459910976876934
2026-09-29 02:49:50,2,4,0,0,1,5,22.0,61.418708323017206
2026-09-29 02:50:02,2,1,2,1,1,5,19.0,53.04342991533304
2026-09-29 02:50:14,0,4,2,2,0,8,32.0,102.31118647475903
2026-09-29 02:50:27,7,0,4,0,1,5,10.0,27.91759469228055
2026-09-29 02:50:39,0,2,0,0,1,3,14.0,33.40812105567847
2026-09-29 02:50:51,2,2,1,0,1,4,15.0,39.141568686511505
2026-09-29 02:51:03,3,0,0,0,0,0,0.0,0.0
2026-09-29 02:51:16,3,2,0,0,4,6,32.0,94.26912476977003
2026-09-29 02:51:27,0,0,0,0,1,1,6.0,10.158883083359672
2026-09-29 02:51:39,1,2,0,0,0,2,8.0,16.78889830934488
2026-09-29 02:51:51,3,3,2,0,0,5,14.0,39.08463256919277
2026-09-29 02:52:04,0,4,0,0,1,5,22.0,61.418708323017206
2026-09-29 02:52:17,1,1,1,0,2,4,17.0,44.36044451137971
2026-09-29 02:52:30,3,1,1,0,0,2,5.0,10.493061443340551
2026-09-29 02:52:40,0,1,0,0,2,3,16.0,38.18070977791825
2026-09-29 02:52:52,0,0,0,0,3,3,18.0,42.953298500158034
2026-09-29 02:53:06,1,1,0,0,2,3,16.0,38.18070977791825
2026-09-29 02:53:18,1,5,1,0,2,8,33.0,105.50841105209524
2026-09-29 02:53:30,0,5,1,0,2,8,33.0,105.50841105209524
2026-09-29 02:53:42,2,2,3,0,0,5,11.0,30.709354161508603
2026-09-29 02:53:54,3,1,4,0,0,5,8.0,22.33407575382444
2026-09-29 02:54:06,0,2,0,1,0,3,15.0,35.79441541679836
2026-09-29 02:54:19,2,3,3,3,0,9,36.0,118.89306334778566
2026-09-29 02:54:31,1,3,1,0,0,4,13.0,33.922692861643306
2026-09-29 02:54:43,0,5,1,0,2,8,33.0,105.50841105209524
2026-09-29 02:54:55,0,2,0,0,0,2,8.0,16.78889830934488
2026-09-29 02:55:07,1,2,2,0,5,9,40.0,132.10340371976184
2026-09-29 02:55:19,2,0,2,0,1,3,8.0,19.090354888959126
2026-09-29 02:55:31,1,1,1,0,0,2,5.0,10.493061443340551
2026-09-29 02:55:43,0,2,0,0,5,7,38.0,117.01877858383376
2026-09-29 02:55:55,2,0,1,0,1,2,7.0,14.69028602067677
2026-09-29 02:56:08,2,2,0,0,3,5,26.0,72.58574619992943
2026-09-29 02:56:20,0,0,1,0,0,1,1.0,1.6931471805599454
2026-09-29 02:56:32,2,0,0,0,1,1,6.0,10.158883083359672
2026-09-29 02:56:44,1,2,0,0,0,2,8.0,16.78889830934488
2026-09-29 02:56:56,0,5,0,0,3,8,38.0,121.49453393877634
2026-09-29 02:57:08,1,0,0,2,4,6,38.0,111.94458566410191
2026-09-29 02:57:20,0,0,0,0,6,6,36.0,106.05276536599129
2026-09-29 02:57:33,0,0,0,0,5,5,30.0,83.75278407684165
2026-09-29 02:57:45,1,5,1,0,5,11,51.0,177.73023913918803
2026-09-29 02:57:57,4,3,2,0,3,8,32.0,102.31118647475903
2026-09-29 02:58:09,5,1,5,0,1,7,15.0,46.19162312519754
2026-09-29 02:58:21,1,2,1,1,1,5,22.0,61.418708323017206
2026-09-29 02:58:33,3,1,1,0,1,3,11.0,26.2492379723188
2026-09-29 02:58:45,3,1,3,0,2,6,19.0,55.972292832050954
2026-09-29 02:58:57,0,2,0,1,2,5,27.0,75.37750566915749
2026-09-29 02:59:09,1,1,0,0,0,1,4.0,6.772588722239782
2026-09-29 02:59:22,3,0,3,0,1,4,9.0,23.484941211906904
2026-09-29 02:59:34,4,1,2,0,0,3,6.0,14.317766166719345
2026-09-29 02:59:46,2,0,1,0,1,2,7.0,14.69028602067677
2026-09-29 02:59:58,1,1,2,0,1,4,12.0,31.313254949209206
2026-09-29 03:00:10,0,0,0,0,1,1,6.0,10.158883083359672
2026-09-29 03:00:22,1,0,1,0,0,1,1.0,1.6931471805599454
2026-09-29 03:00:34,0,5,0,0,1,6,26.0,76.59366387543815
2026-09-29 03:00:46,1,0,1,0,3,4,19.0,49.57932033624791
2026-09-29 03:00:59,1,0,1,0,1,2,7.0,14.69028602067677
2026-09-29 03:01:11,0,1,0,0,3,4,22.0,57.40763407355021
2026-09-29 03:01:23,0,5,0,0,1,6,26.0,76.59366387543815
2026-09-29 03:01:35,1,6,2,0,1,9,32.0,105.68272297580947
2026-09-29 03:01:47,1,0,1,0,0,1,1.0,1.6931471805599454
2026-09-29 03:01:59,3,0,2,0,2,4,14.0,36.53213077407741
2026-09-29 03:02:13,0,0,0,0,0,0,0.0,0.0
2026-09-29 03:02:25,1,1,0,0,0,1,4.0,6.772588722239782
2026-09-29 03:02:37,1,1,3,0,0,4,7.0,18.266065387038704
2026-09-29 03:02:51,0,2,0,0,0,2,8.0,16.78889830934488
2026-09-29 03:03:03,3,5,3,0,0,8,23.0,73.53616527873305
2026-09-29 03:03:15,0,3,0,0,0,3,12.0,28.63553233343869
2026-09-29 03:03:27,1,0,1,0,3,4,19.0,49.57932033624791
2026-09-29 03:03:39,2,2,1,0,0,3,9.0,21.476649250079017
2026-09-29 03:03:51,0,0,0,0,3,3,18.0,42.953298500158034
2026-09-29 03:04:03,3,3,3,0,1,7,21.0,64.66827237527654
2026-09-29 03:04:16,3,6,5,0,1,12,35.0,124.77322751115379
2026-09-29 03:04:28,0,1,0,0,1,2,10.0,20.986122886681102
2026-09-29 03:04:40,1,2,0,0,3,5,26.0,72.58574619992943
2026-09-29 03:04:52,4,4,5,0,1,10,27.0,91.743172365556
2026-09-29 03:05:04,0,1,0,0,3,4,22.0,57.40763407355021
2026-09-29 03:05:16,2,1,1,0,0,2,5.0,10.493061443340551
2026-09-29 03:05:28,0,2,0,0,0,2,8.0,16.78889830934488
2026-09-29 03:05:40,1,3,1,0,1,5,19.0,53.04342991533304
2026-09-29 03:05:53,0,2,1,1,0,4,16.0,41.75100659894561
2026-09-29 03:06:05,1,2,1,0,1,4,15.0,39.141568686511505
2026-09-29 03:06:17,0,0,0,0,1,1,6.0,10.158883083359672
2026-09-29 03:06:29,4,0,4,0,0,4,4.0,10.437751649736402
2026-09-29 03:06:41,1,0,1,0,0,1,1.0,1.6931471805599454
2026-09-29 03:06:53,0,0,0,0,0,0,0.0,0.0
2026-09-29 03:07:05,0,2,1,0,0,3,9.0,21.476649250079017
2026-09-29 03:07:17,3,2,1,0,0,3,9.0,21.476649250079017
2026-09-29 03:07:30,1,3,1,1,2,7,32.0,98.54212933375474
2026-09-29 03:07:42,1,1,0,0,1,2,10.0,20.986122886681102
2026-09-29 03:07:54,3,2,2,0,1,5,16.0,44.66815150764888
2026-09-29 03:08:06,3,1,0,0,0,1,4.0,6.772588722239782
2026-09-29 03:08:18,3,2,3,0,0,5,11.0,30.709354161508603
2026-09-29 03:08:30,3,5,2,1,1,9,35.0,115.5904782547916
2026-09-29 03:08:42,0,1,0,0,0,1,4.0,6.772588722239782
2026-09-29 03:08:55,0,2,0,0,2,4,20.0,52.18875824868201
2026-09-29 03:09:06,2,1,2,0,3,6,24.0,70.70184357732752
2026-09-29 03:09:19,1,1,1,0,2,4,17.0,44.36044451137971
2026-09-29 03:09:31,1,1,0,0,0,1,4.0,6.772588722239782
2026-09-29 03:09:43,1,1,2,0,4,7,30.0,92.38324625039508
2026-09-29 03:09:55,2,3,0,0,1,4,18.0,46.96988242381381
2026-09-29 03:10:07,0,1,0,0,0,1,4.0,6.772588722239782
2026-09-29 03:10:19,1,0,1,0,1,2,7.0,14.69028602067677
2026-09-29 03:10:31,2,2,2,0,1,5,16.0,44.66815150764888
2026-09-29 03:10:43,0,3,0,0,2,5,24.0,67.00222726147332
2026-09-29 03:10:56,3,2,2,0,0,4,10.0,26.094379124341003
2026-09-29 03:11:08,1,0,1,0,1,2,7.0,14.69028602067677
2026-09-29 03:11:20,0,1,0,0,1,2,10.0,20.986122886681102
2026-09-29 03:11:32,3,1,1,0,1,3,11.0,26.2492379723188
2026-09-29 03:11:44,1,1,0,0,0,1,4.0,6.772588722239782
2026-09-29 03:11:56,2,2,1,0,1,4,15.0,39.141568686511505
2026-09-29 03:12:08,4,2,3,0,1,6,17.0,50.08047253394033
2026-09-29 03:12:21,1,2,1,1,1,5,22.0,61.418708323017206
2026-09-29 03:12:33,2,3,1,0,2,6,25.0,73.64775372638283
2026-09-29 03:12:45,0,2,0,0,0,2,8.0,16.78889830934488
2026-09-29 03:12:57,0,3,0,0,0,3,12.0,28.63553233343869
2026-09-29 03:13:09,6,0,3,3,2,8,36.0,115.1000847841039
2026-09-29 03:13:21,0,2,0,0,0,2,8.0,16.78889830934488
2026-09-29 03:13:33,2,2,1,0,0,3,9.0,21.476649250079017
2026-09-29 03:13:45,3,1,2,0,2,5,18.0,50.25167044610499
2026-09-29 03:13:57,2,0,2,0,2,4,14.0,36.53213077407741
2026-09-29 03:14:10,2,5,2,0,0,7,22.0,67.74771391695639
2026-09-29 03:14:22,2,4,1,0,4,9,41.0,135.40598881275588
2026-09-29 03:14:34,5,2,1,0,1,4,15.0,39.141568686511505
2026-09-29 03:14:46,4,2,4,1,2,9,31.0,102.38013788281542
2026-09-29 03:14:58,1,1,0,1,2,4,23.0,60.01707198598431
2026-09-29 03:15:10,1,2,1,0,2,5,21.0,58.62694885378915
2026-09-29 03:15:22,1,4,0,0,0,4,16.0,41.75100659894561
2026-09-29 03:15:34,2,2,1,0,0,3,9.0,21.476649250079017
2026-09-29 03:15:47,0,2,0,0,0,2,8.0,16.78889830934488
2026-09-29 03:15:59,0,0,0,0,0,0,0.0,0.0
2026-09-29 03:16:11,1,1,1,0,1,3,11.0,26.2492379723188
2026-09-29 03:16:23,0,3,0,1,2,6,31.0,91.32321462071472
2026-09-29 03:16:35,0,1,0,0,1,2,10.0,20.986122886681102
2026-09-29 03:16:47,1,2,1,1,3,7,34.0,104.70101241711441
2026-09-29 03:16:59,2,0,2,0,1,3,8.0,19.090354888959126
2026-09-29 03:17:11,1,1,0,0,0,1,4.0,6.772588722239782
2026-09-29 03:17:23,1,1,0,0,1,2,10.0,20.986122886681102
2026-09-29 03:17:36,1,2,1,0,1,4,15.0,39.141568686511505
2026-09-29 03:17:48,3,3,3,1,1,8,28.0,89.52228816541415
2026-09-29 03:18:00,1,1,1,0,1,3,11.0,26.2492379723188
2026-09-29 03:18:12,1,3,0,0,1,4,18.0,46.96988242381381
2026-09-29 03:18:24,2,2,0,1,5,8,45.0,143.8751059801299
2026-09-29 03:18:36,5,1,4,0,1,6,14.0,41.242742086774385
2026-09-29 03:18:48,0,4,0,0,2,6,28.0,82.48548417354877
2026-09-29 03:19:00,4,1,5,0,0,6,9.0,26.513191341497823
2026-09-29 03:19:13,0,0,0,1,0,1,7.0,11.852030263919618
2026-09-29 03:19:25,0,1,0,0,0,1,4.0,6.772588722239782
2026-09-29 03:19:37,0,4,0,0,3,7,34.0,104.70101241711441
2026-09-29 03:19:49,0,6,0,0,1,7,30.0,92.38324625039508
2026-09-29 03:20:01,0,6,0,1,1,8,37.0,118.29730936144013
2026-09-29 03:20:13,4,2,2,0,1,5,16.0,44.66815150764888
2026-09-29 03:20:25,1,0,0,0,1,1,6.0,10.158883083359672
2026-09-29 03:20:38,2,1,2,0,1,4,12.0,31.313254949209206
2026-09-29 03:20:50,1,0,1,0,0,1,1.0,1.6931471805599454
2026-09-29 03:21:02,1,2,1,0,4,7,33.0,101.62157087543459
2026-09-29 03:21:14,0,2,0,0,1,3,14.0,33.40812105567847
2026-09-29 03:21:26,4,3,2,0,0,5,14.0,39.08463256919277
2026-09-29 03:21:38,0,1,0,0,0,1,4.0,6.772588722239782
2026-09-29 03:21:50,0,5,0,0,3,8,38.0,121.49453393877634
2026-09-29 03:22:02,0,0,0,0,1,1,6.0,10.158883083359672
2026-09-29 03:22:14,2,6,1,0,0,7,25.0,76.9860385419959
2026-09-29 03:22:27,0,1,1,0,0,2,5.0,10.493061443340551
2026-09-29 03:22:39,0,2,1,0,0,3,9.0,21.476649250079017
2026-09-29 03:22:51,2,1,1,0,0,2,5.0,10.493061443340551
2026-09-29 03:23:03,0,3,2,0,1,6,20.0,58.91820298110627
2026-09-29 03:23:15,0,3,0,0,1,4,18.0,46.96988242381381
2026-09-29 03:23:27,0,0,0,0,0,0,0.0,0.0
2026-09-29 03:23:39,0,1,1,0,0,2,5.0,10.493061443340551
2026-09-29 03:23:51,1,8,2,0,1,11,40.0,139.39626599152
2026-09-29 03:24:04,0,3,0,1,0,4,19.0,49.57932033624791
2026-09-29 03:24:16,0,5,2,0,0,7,22.0,67.74771391695639
2026-09-29 03:24:28,1,0,0,0,0,0,0.0,0.0
2026-09-29 03:24:40,3,2,2,0,3,7,28.0,86.2243631670354
2026-09-29 03:24:52,4,1,1,0,2,4,17.0,44.36044451137971
2026-09-29 03:25:04,2,2,3,0,2,7,23.0,70.82715545863623
2026-09-29 03:25:17,1,0,0,2,5,7,44.0,135.49542783391277
2026-09-29 03:25:29,0,9,0,0,0,9,36.0,118.89306334778566
2026-09-29 03:25:41,1,6,0,0,0,6,24.0,70.70184357732752
2026-09-29 03:25:53,4,0,1,0,1,2,7.0,14.69028602067677
2026-09-29 03:26:05,0,1,0,0,0,1,4.0,6.772588722239782
2026-09-29 03:26:17,1,2,2,2,0,6,24.0,70.70184357732752
2026-09-29 03:26:30,1,2,1,1,5,9,46.0,151.91891427772612
2026-09-29 03:26:41,2,5,1,0,5,11,51.0,177.73023913918803
2026-09-29 03:26:54,1,2,0,0,1,3,14.0,33.40812105567847
2026-09-29 03:27:06,6,1,4,0,0,5,8.0,22.33407575382444
2026-09-29 03:27:18,1,0,1,0,3,4,19.0,49.57932033624791
2026-09-29 03:27:32,1,2,0,0,0,2,8.0,16.78889830934488
2026-09-29 03:27:44,1,3,1,1,4,9,44.0,145.31374409173802
2026-09-29 03:27:56,1,3,1,1,1,6,26.0,76.59366387543815
2026-09-29 03:28:08,3,4,2,0,0,6,18.0,53.026382682995646
2026-09-29 03:28:20,3,2,2,0,3,7,28.0,86.2243631670354
2026-09-29 03:28:32,3,6,1,0,0,7,25.0,76.9860385419959
2026-09-29 03:28:44,1,2,1,0,3,6,27.0,79.53957402449346
2026-09-29 03:28:56,0,4,1,0,0,5,17.0,47.459910976876934
2026-09-29 03:29:09,5,3,4,0,1,8,22.0,70.33894070139684
2026-09-29 03:29:21,2,3,1,0,4,8,37.0,118.29730936144013
2026-09-29 03:29:33,2,5,2,0,2,9,34.0,112.28789316179756
2026-09-29 03:29:45,0,4,0,0,3,7,34.0,104.70101241711441
2026-09-29 03:29:57,1,5,0,1,3,9,45.0,148.61632918473205
2026-09-29 03:30:11,0,1,3,0,1,5,13.0,36.292873099964716
2026-09-29 03:30:23,4,2,3,0,0,5,11.0,30.709354161508603
2026-09-29 03:30:35,4,1,3,0,1,5,13.0,36.292873099964716
2026-09-29 03:30:49,2,6,1,0,1,8,31.0,99.11396189742281
2026-09-29 03:31:01,0,8,0,0,3,11,50.0,174.24533248940003
2026-09-29 03:31:13,6,2,7,0,2,11,27.0,94.092479544276
2026-09-29 03:31:25,3,1,1,1,2,5,24.0,67.00222726147332
2026-09-29 03:31:37,1,4,1,0,3,8,35.0,111.90286020676768
2026-09-29 03:31:49,2,4,4,0,1,9,26.0,85.8672124178452
2026-09-29 03:32:02,1,9,1,0,2,12,49.0,174.6825185156153
2026-09-29 03:32:14,0,1,0,0,0,1,4.0,6.772588722239782
2026-09-29 03:32:26,1,3,1,0,0,4,13.0,33.922692861643306
2026-09-29 03:32:38,2,2,2,0,0,4,10.0,26.094379124341003
2026-09-29 03:32:50,0,0,1,0,1,2,7.0,14.69028602067677
2026-09-29 03:33:02,3,2,3,0,1,6,17.0,50.08047253394033
2026-09-29 03:33:14,0,4,0,2,1,7,36.0,110.85989550047408
2026-09-29 03:33:26,0,2,0,1,5,8,45.0,143.8751059801299
2026-09-29 03:33:43,2,4,0,1,2,7,35.0,107.78045395879425
2026-09-29 03:33:51,6,2,4,2,3,11,44.0,153.33589259067202
2026-09-29 03:34:03,0,1,0,0,0,1,4.0,6.772588722239782
2026-09-29 03:34:15,4,3,4,0,1,8,22.0,70.33894070139684
2026-09-29 03:34:27,0,2,1,0,1,4,15.0,39.141568686511505
2026-09-29 03:34:39,0,0,1,0,0,1,1.0,1.6931471805599454
2026-09-29 03:34:51,1,5,1,0,0,6,21.0,61.864113130161584
2026-09-29 03:35:03,1,1,1,0,0,2,5.0,10.493061443340551
2026-09-29 03:35:16,4,3,2,1,2,8,33.0,105.50841105209524
2026-09-29 03:35:28,1,1,1,0,1,3,11.0,26.2492379723188
2026-09-29 03:35:40,1,0,1,1,2,4,20.0,52.18875824868201
2026-09-29 03:35:52,2,2,0,0,7,9,50.0,165.1292546497023
2026-09-29 03:36:04,1,6,2,1,2,11,45.0,156.82079924046002
2026-09-29 03:36:16,6,2,8,0,0,10,16.0,54.36632436477393
2026-09-29 03:36:28,0,1,0,0,0,1,4.0,6.772588722239782
2026-09-29 03:36:40,1,3,2,0,1,6,20.0,58.91820298110627
2026-09-29 03:36:53,1,1,1,0,1,3,11.0,26.2492379723188
2026-09-29 03:37:05,2,3,0,2,1,6,32.0,94.26912476977003
2026-09-29 03:37:17,0,4,0,0,2,6,28.0,82.48548417354877
2026-09-29 03:37:29,1,0,0,0,0,0,0.0,0.0
2026-09-29 03:37:41,0,3,2,0,1,6,20.0,58.91820298110627
2026-09-29 03:37:53,3,0,0,0,0,0,0.0,0.0
2026-09-29 03:38:05,2,1,1,0,0,2,5.0,10.493061443340551
2026-09-29 03:38:17,0,3,1,0,1,5,19.0,53.04342991533304
2026-09-29 03:38:29,2,2,1,0,0,3,9.0,21.476649250079017
2026-09-29 03:38:42,2,2,2,0,0,4,10.0,26.094379124341003
2026-09-29 03:38:54,1,3,1,0,0,4,13.0,33.922692861643306
2026-09-29 03:39:07,2,0,0,0,0,0,0.0,0.0
2026-09-29 03:39:19,1,0,1,0,3,4,19.0,49.57932033624791
2026-09-29 03:39:31,1,1,0,0,3,4,22.0,57.40763407355021
2026-09-29 03:39:43,2,1,2,0,0,3,6.0,14.317766166719345
2026-09-29 03:39:55,0,3,0,0,0,3,12.0,28.63553233343869
2026-09-29 03:40:07,0,2,0,1,0,3,15.0,35.79441541679836
2026-09-29 03:40:20,2,2,2,0,2,6,22.0,64.81002327921689
2026-09-29 03:40:32,3,1,1,0,2,4,17.0,44.36044451137971
2026-09-29 03:40:44,0,0,1,0,0,1,1.0,1.6931471805599454
2026-09-29 03:40:56,3,0,3,0,0,3,3.0,7.158883083359672
2026-09-29 03:41:08,4,0,6,0,0,6,6.0,17.67546089433188
2026-09-29 03:41:20,1,1,1,0,0,2,5.0,10.493061443340551
2026-09-29 03:41:33,0,1,0,2,0,3,18.0,42.953298500158034
2026-09-29 03:41:44,1,2,1,1,1,5,22.0,61.418708323017206
2026-09-29 03:41:57,1,1,1,0,2,4,17.0,44.36044451137971
2026-09-29 03:42:09,1,1,2,0,0,3,6.0,14.317766166719345
2026-09-29 03:42:21,1,0,2,0,0,2,2.0,4.19722457733622
2026-09-29 03:42:33,1,2,0,0,0,2,8.0,16.78889830934488
2026-09-29 03:42:45,0,3,0,0,1,4,18.0,46.96988242381381
2026-09-29 03:42:57,1,4,0,0,1,5,22.0,61.418708323017206
2026-09-29 03:43:11,1,4,1,0,0,5,17.0,47.459910976876934
2026-09-29 03:43:23,2,2,2,0,3,7,28.0,86.2243631670354
2026-09-29 03:43:35,2,2,1,0,0,3,9.0,21.476649250079017
2026-09-29 03:43:47,0,0,0,0,0,0,0.0,0.0
2026-09-29 03:43:59,5,1,4,0,3,8,26.0,83.12783901074171
2026-09-29 03:44:12,1,0,0,0,3,3,18.0,42.953298500158034
2026-09-29 03:44:24,1,5,2,0,3,10,40.0,135.91581091193484
2026-09-29 03:44:36,1,2,1,1,4,8,40.0,127.88898309344879
2026-09-29 03:44:48,0,7,3,0,3,13,49.0,178.31380915114767
2026-09-29 03:45:00,2,1,1,1,1,4,18.0,46.96988242381381
2026-09-29 03:45:12,1,7,0,0,1,8,34.0,108.70563562943147
2026-09-29 03:45:24,5,2,6,0,0,8,14.0,44.76114408270708
2026-09-29 03:45:36,1,2,2,0,2,6,22.0,64.81002327921689
2026-09-29 03:45:49,0,8,0,0,2,10,44.0,149.5073920031283
2026-09-29 03:46:01,3,0,0,0,1,1,6.0,10.158883083359672
2026-09-29 03:46:13,2,1,2,0,3,6,24.0,70.70184357732752
2026-09-29 03:46:25,3,0,3,0,2,5,15.0,41.876392038420825
2026-09-29 03:46:37,0,0,0,0,0,0,0.0,0.0
2026-09-29 03:46:49,3,1,1,1,4,7,36.0,110.85989550047408
2026-09-29 03:47:01,0,1,0,0,2,3,16.0,38.18070977791825
2026-09-29 03:47:13,4,3,1,0,0,4,13.0,33.922692861643306
2026-09-29 03:47:26,0,1,0,0,0,1,4.0,6.772588722239782
2026-09-29 03:47:38,2,2,4,0,0,6,12.0,35.35092178866376
2026-09-29 03:47:50,3,2,3,0,2,7,23.0,70.82715545863623
2026-09-29 03:48:02,2,3,2,0,0,5,14.0,39.08463256919277
2026-09-29 03:48:14,0,0,0,0,4,4,24.0,62.62650989841841
2026-09-29 03:48:26,0,1,0,1,4,6,35.0,103.10685521693597
2026-09-29 03:48:38,4,5,4,2,2,13,50.0,181.9528664807629
2026-09-29 03:48:50,2,1,2,1,0,4,13.0,33.922692861643306
2026-09-29 03:49:02,0,2,0,0,1,3,14.0,33.40812105567847
2026-09-29 03:49:14,0,1,0,0,0,1,4.0,6.772588722239782
2026-09-29 03:49:27,0,0,2,0,1,3,8.0,19.090354888959126
2026-09-29 03:49:39,0,0,0,0,0,0,0.0,0.0
2026-09-29 03:49:51,1,3,2,0,1,6,20.0,58.91820298110627
2026-09-29 03:50:03,0,4,0,0,2,6,28.0,82.48548417354877
2026-09-29 03:50:15,0,3,1,0,3,7,31.0,95.4626877920749
2026-09-29 03:50:27,4,5,5,0,4,14,49.0,181.6944598540083
2026-09-29 03:50:39,0,1,0,0,2,3,16.0,38.18070977791825
2026-09-29 03:50:51,1,2,1,0,0,3,9.0,21.476649250079017
2026-09-29 03:51:04,0,1,0,0,0,1,4.0,6.772588722239782
2026-09-29 03:51:16,2,2,4,0,0,6,12.0,35.35092178866376
2026-09-29 03:51:28,1,2,2,2,0,6,24.0,70.70184357732752
2026-09-29 03:51:40,1,3,1,0,0,4,13.0,33.922692861643306
2026-09-29 03:51:52,3,0,3,0,2,5,15.0,41.876392038420825
2026-09-29 03:52:04,3,4,5,0,1,10,27.0,91.743172365556
2026-09-29 03:52:16,1,1,1,0,1,3,11.0,26.2492379723188
2026-09-29 03:52:28,2,0,2,3,1,6,29.0,85.43139432260409
2026-09-29 03:52:41,1,1,0,2,0,3,18.0,42.953298500158034
2026-09-29 03:52:53,6,1,5,0,0,6,9.0,26.513191341497823
2026-09-29 03:53:05,4,2,6,0,2,10,26.0,88.34527709275764
2026-09-29 03:53:17,0,5,1,0,0,6,21.0,61.864113130161584
2026-09-29 03:53:29,1,5,1,0,0,6,21.0,61.864113130161584
2026-09-29 03:53:41,1,3,1,0,0,4,13.0,33.922692861643306
2026-09-29 03:53:53,3,4,1,0,0,5,17.0,47.459910976876934
2026-09-29 03:54:05,6,6,3,1,0,10,34.0,115.5284392751446
2026-09-29 03:54:18,1,5,0,0,2,7,32.0,98.54212933375474
2026-09-29 03:54:30,1,3,0,0,4,7,36.0,110.85989550047408
2026-09-29 03:54:42,1,2,0,0,2,4,20.0,52.18875824868201
2026-09-29 03:54:54,2,0,3,1,2,6,22.0,64.81002327921689
2026-09-29 03:55:06,1,2,1,0,0,3,9.0,21.476649250079017
2026-09-29 03:55:18,4,2,4,0,1,7,18.0,55.42994775023704
2026-09-29 03:55:30,0,6,3,0,1,10,33.0,112.13054400234623
2026-09-29 03:55:42,0,3,0,0,3,6,30.0,88.3773044716594
2026-09-29 03:55:55,0,2,0,0,2,4,20.0,52.18875824868201
2026-09-29 03:56:07,1,3,1,0,1,5,19.0,53.04342991533304
2026-09-29 03:56:19,3,0,2,0,1,3,8.0,19.090354888959126
2026-09-29 03:56:31,1,3,0,0,0,3,12.0,28.63553233343869
2026-09-29 03:56:43,2,5,5,0,1,11,31.0,108.03210614342801
2026-09-29 03:56:55,3,6,2,1,0,9,33.0,108.98530806880352
2026-09-29 03:57:07,2,1,1,0,2,4,17.0,44.36044451137971
2026-09-29 03:57:20,6,0,3,0,1,4,9.0,23.484941211906904
2026-09-29 03:57:32,0,6,0,0,3,9,42.0,138.70857390574992
2026-09-29 03:57:44,3,3,3,0,0,6,15.0,44.1886522358297
2026-09-29 03:57:56,4,0,3,0,0,3,3.0,7.158883083359672
2026-09-29 03:58:08,0,7,0,0,0,7,28.0,86.2243631670354
2026-09-29 03:58:21,0,5,0,0,1,6,26.0,76.59366387543815
2026-09-29 03:58:33,5,1,2,0,0,3,6.0,14.317766166719345
2026-09-29 03:58:45,3,3,3,0,3,9,33.0,108.98530806880352
2026-09-29 03:58:57,6,1,5,0,0,6,9.0,26.513191341497823
2026-09-29 03:59:09,1,1,2,0,1,4,12.0,31.313254949209206
2026-09-29 03:59:21,0,3,0,0,1,4,18.0,46.96988242381381
2026-09-29 03:59:33,2,3,3,0,1,7,21.0,64.66827237527654
2026-09-29 03:59:45,0,4,0,1,2,7,35.0,107.78045395879425
2026-09-29 03:59:58,1,3,2,1,0,6,21.0,61.864113130161584
2026-09-29 04:00:10,0,2,0,0,0,2,8.0,16.78889830934488
2026-09-29 04:00:22,1,3,1,0,3,7,31.0,95.4626877920749
2026-09-29 04:00:34,3,2,3,1,1,7,24.0,73.90659700031605
2026-09-29 04:00:46,5,2,3,1,4,10,42.0,142.71160145753157
2026-09-29 04:00:58,4,2,4,0,1,7,18.0,55.42994775023704
2026-09-29 04:01:11,0,1,1,0,3,5,23.0,64.21046779224527
2026-09-29 04:01:23,1,2,2,0,1,5,16.0,44.66815150764888
2026-09-29 04:01:35,1,1,0,0,0,1,4.0,6.772588722239782
2026-09-29 04:01:47,2,1,1,0,0,2,5.0,10.493061443340551
2026-09-29 04:01:59,0,2,0,0,0,2,8.0,16.78889830934488
2026-09-29 04:02:11,0,8,3,0,0,11,35.0,121.97173274258002
2026-09-29 04:02:23,6,2,5,0,1,8,19.0,60.74726696938817
2026-09-29 04:02:35,3,0,3,0,0,3,3.0,7.158883083359672
2026-09-29 04:02:47,1,2,2,0,1,5,16.0,44.66815150764888
2026-09-29 04:03:00,2,0,0,2,0,2,14.0,29.38057204135354
2026-09-29 04:03:12,0,3,0,0,2,5,24.0,67.00222726147332
2026-09-29 04:03:24,2,6,2,0,5,13,56.0,203.78721045845447
2026-09-29 04:03:36,0,2,0,1,1,4,21.0,54.79819616111611
2026-09-29 04:03:48,4,3,2,3,3,11,53.0,184.70005243876403
2026-09-29 04:04:00,0,7,0,1,1,9,41.0,135.40598881275588
2026-09-29 04:04:12,2,6,1,1,4,12,56.0,199.63716401784606
2026-09-29 04:04:24,1,9,0,0,1,10,42.0,142.71160145753157
2026-09-29 04:04:37,0,4,0,0,1,5,22.0,61.418708323017206
2026-09-29 04:04:49,2,3,2,0,1,6,20.0,58.91820298110627
2026-09-29 04:05:01,0,2,0,0,3,5,26.0,72.58574619992943
2026-09-29 04:05:14,5,4,3,0,0,7,19.0,58.50938929191688
2026-09-29 04:05:25,2,5,1,1,4,11,52.0,181.21514578897603
2026-09-29 04:05:37,1,1,2,2,0,5,20.0,55.8351893845611
2026-09-29 04:05:49,0,1,0,0,0,1,4.0,6.772588722239782
2026-09-29 04:06:01,0,1,1,0,4,6,29.0,85.43139432260409
2026-09-29 04:06:14,1,4,1,0,0,5,17.0,47.459910976876934
2026-09-29 04:06:26,0,3,2,0,1,6,20.0,58.91820298110627
2026-09-29 04:06:38,3,4,1,0,0,5,17.0,47.459910976876934
2026-09-29 04:06:50,2,0,3,0,0,3,3.0,7.158883083359672
2026-09-29 04:07:02,2,2,1,0,3,6,27.0,79.53957402449346
2026-09-29 04:07:14,3,0,2,0,0,2,2.0,4.19722457733622
2026-09-29 04:07:26,0,2,0,1,6,9,51.0,168.43183974269635
2026-09-29 04:07:38,0,5,0,3,0,8,41.0,131.086207670785
2026-09-29 04:07:50,2,0,0,0,0,0,0.0,0.0
2026-09-29 04:08:03,0,5,0,0,0,5,20.0,55.8351893845611
2026-09-29 04:08:15,0,3,0,0,1,4,18.0,46.96988242381381
2026-09-29 04:08:27,1,3,0,0,1,4,18.0,46.96988242381381
2026-09-29 04:08:39,0,2,0,1,5,8,45.0,143.8751059801299
2026-09-29 04:08:51,2,1,1,0,1,3,11.0,26.2492379723188
2026-09-29 04:09:03,6,7,3,0,1,11,37.0,128.941546042156
2026-09-29 04:09:15,3,1,2,1,0,4,13.0,33.922692861643306
2026-09-29 04:09:27,1,3,0,0,1,4,18.0,46.96988242381381
2026-09-29 04:09:39,1,5,0,0,2,7,32.0,98.54212933375474
2026-09-29 04:09:52,2,0,0,0,1,1,6.0,10.158883083359672
2026-09-29 04:10:04,1,2,1,1,5,9,46.0,151.91891427772612
2026-09-29 04:10:16,2,6,1,0,6,13,61.0,221.98249710653076
2026-09-29 04:10:28,2,4,4,1,1,10,33.0,112.13054400234623
2026-09-29 04:10:40,1,4,1,0,0,5,17.0,47.459910976876934
2026-09-29 04:10:52,0,2,0,0,1,3,14.0,33.40812105567847
2026-09-29 04:11:04,3,0,4,1,1,6,17.0,50.08047253394033
2026-09-29 04:11:17,2,3,0,1,4,8,43.0,137.48065682545743
2026-09-29 04:11:29,1,7,1,1,2,11,48.0,167.27551918982402
2026-09-29 04:11:41,2,1,0,2,0,3,18.0,42.953298500158034
2026-09-29 04:11:53,1,3,0,0,1,4,18.0,46.96988242381381
2026-09-29 04:12:05,1,0,2,0,2,4,14.0,36.53213077407741
2026-09-29 04:12:17,9,2,7,0,3,12,33.0,117.64332879623072
2026-09-29 04:12:29,3,9,3,1,1,14,52.0,192.81861045731492
2026-09-29 04:12:41,2,1,1,0,0,2,5.0,10.493061443340551
2026-09-29 04:12:53,2,0,0,0,0,0,0.0,0.0
2026-09-29 04:13:06,1,2,2,0,1,5,16.0,44.66815150764888
2026-09-29 04:13:18,1,0,0,1,1,2,13.0,27.28195975268543
2026-09-29 04:13:32,1,4,1,1,3,9,42.0,138.70857390574992
2026-09-29 04:13:42,0,3,0,0,1,4,18.0,46.96988242381381
2026-09-29 04:13:54,4,1,2,0,4,7,30.0,92.38324625039508
2026-09-29 04:14:06,2,2,3,0,1,6,17.0,50.08047253394033
2026-09-29 04:14:18,3,0,4,0,0,4,4.0,10.437751649736402
2026-09-29 04:14:30,1,8,2,1,3,14,59.0,218.7749618650304
2026-09-29 04:14:43,1,1,2,0,2,5,18.0,50.25167044610499
2026-09-29 04:14:55,5,3,5,0,1,9,23.0,75.95945713886306
2026-09-29 04:15:07,0,7,0,2,1,10,48.0,163.0989730943218
2026-09-29 04:15:19,0,1,0,0,1,2,10.0,20.986122886681102
2026-09-29 04:15:31,2,2,4,0,2,8,24.0,76.73338985606927
2026-09-29 04:15:43,0,2,0,0,0,2,8.0,16.78889830934488
2026-09-29 04:15:55,2,1,2,0,0,3,6.0,14.317766166719345
2026-09-29 04:16:07,0,5,0,0,0,5,20.0,55.8351893845611
2026-09-29 04:16:21,1,0,3,0,2,5,15.0,41.876392038420825
2026-09-29 04:16:33,6,1,3,0,3,7,25.0,76.9860385419959
2026-09-29 04:16:45,2,3,1,0,2,6,25.0,73.64775372638283
2026-09-29 04:16:57,0,1,0,0,0,1,4.0,6.772588722239782
2026-09-29 04:17:10,0,0,0,0,0,0,0.0,0.0
2026-09-29 04:17:22,0,0,0,1,2,3,19.0,45.33959286127792
2026-09-29 04:17:34,2,3,3,0,2,8,27.0,86.32506358807792
2026-09-29 04:17:46,2,2,0,0,2,4,20.0,52.18875824868201
2026-09-29 04:17:58,1,3,0,0,1,4,18.0,46.96988242381381
2026-09-29 04:18:10,2,1,4,0,2,7,20.0,61.58883083359672
2026-09-29 04:18:22,0,8,1,1,3,13,58.0,211.06532511768498
2026-09-29 04:18:34,2,3,0,0,0,3,12.0,28.63553233343869
2026-09-29 04:18:47,3,1,3,0,0,4,7.0,18.266065387038704
2026-09-29 04:18:59,1,2,0,2,5,9,52.0,171.7344248356904
2026-09-29 04:19:11,6,7,7,2,2,18,61.0,240.61077772915286
2026-09-29 04:19:23,2,2,0,3,2,7,41.0,126.25710320887326
2026-09-29 04:19:35,2,6,3,0,1,10,33.0,112.13054400234623
2026-09-29 04:19:47,6,5,8,0,0,13,28.0,101.89360522922723
2026-09-29 04:19:59,1,0,0,0,2,2,12.0,25.18334746401732
2026-09-29 04:20:11,5,0,3,0,2,5,15.0,41.876392038420825
2026-09-29 04:20:23,1,4,0,0,2,6,28.0,82.48548417354877
2026-09-29 04:20:36,1,1,1,0,2,4,17.0,44.36044451137971
2026-09-29 04:20:48,3,3,4,0,2,9,28.0,92.47238260383328
2026-09-29 04:21:00,3,4,3,0,1,8,25.0,79.9306144334055
2026-09-29 04:21:12,0,1,1,1,0,3,12.0,28.63553233343869
2026-09-29 04:21:24,3,0,2,0,1,3,8.0,19.090354888959126
2026-09-29 04:21:36,0,6,0,0,3,9,42.0,138.70857390574992
2026-09-29 04:21:48,2,0,1,0,2,3,13.0,31.02182669455858
2026-09-29 04:22:00,6,4,4,0,0,8,20.0,63.94449154672439
2026-09-29 04:22:13,0,0,0,0,1,1,6.0,10.158883083359672
2026-09-29 04:22:25,0,2,0,0,0,2,8.0,16.78889830934488
2026-09-29 04:22:37,0,2,0,0,5,7,38.0,117.01877858383376
2026-09-29 04:22:49,2,1,1,0,5,7,35.0,107.78045395879425
2026-09-29 04:23:01,9,8,6,0,2,16,50.0,191.6606672028108
2026-09-29 04:23:13,3,1,0,0,1,2,10.0,20.986122886681102
2026-09-29 04:23:25,2,5,2,0,1,8,28.0,89.52228816541415
2026-09-29 04:23:37,0,3,1,0,1,5,19.0,53.04342991533304
2026-09-29 04:23:50,0,1,0,2,0,3,18.0,42.953298500158034
2026-09-29 04:24:02,10,1,6,0,1,8,16.0,51.15559323737951
2026-09-29 04:24:15,6,3,5,1,1,10,30.0,101.93685818395112
2026-09-29 04:24:27,0,7,1,2,4,14,67.0,248.43936347384806
2026-09-29 04:24:38,4,0,4,0,1,5,10.0,27.91759469228055
2026-09-29 04:24:50,1,1,0,0,1,2,10.0,20.986122886681102
2026-09-29 04:25:02,1,1,3,0,0,4,7.0,18.266065387038704
2026-09-29 04:25:15,3,4,3,0,2,9,31.0,102.38013788281542
2026-09-29 04:25:27,1,4,1,0,0,5,17.0,47.459910976876934
2026-09-29 04:25:39,3,2,1,1,1,5,22.0,61.418708323017206
2026-09-29 04:25:51,2,1,2,0,0,3,6.0,14.317766166719345
2026-09-29 04:26:03,1,2,1,0,0,3,9.0,21.476649250079017
2026-09-29 04:26:15,7,4,3,0,0,7,19.0,58.50938929191688
2026-09-29 04:26:27,1,4,0,0,1,5,22.0,61.418708323017206
2026-09-29 04:26:39,0,1,2,0,1,4,12.0,31.313254949209206
2026-09-29 04:26:51,4,1,2,0,1,4,12.0,31.313254949209206
2026-09-29 04:27:04,8,0,5,0,2,7,17.0,52.350506208557206
2026-09-29 04:27:17,7,0,3,0,1,4,9.0,23.484941211906904
2026-09-29 04:27:29,1,3,1,0,3,7,31.0,95.4626877920749
2026-09-29 04:27:41,3,2,4,0,1,7,18.0,55.42994775023704
2026-09-29 04:27:53,3,2,2,1,4,9,41.0,135.40598881275588
2026-09-29 04:28:05,2,3,2,0,4,9,38.0,125.49823353377374
2026-09-29 04:28:17,4,1,1,0,0,2,5.0,10.493061443340551
2026-09-29 04:28:29,5,2,4,0,0,6,12.0,35.35092178866376
2026-09-29 04:28:41,5,3,5,2,3,13,49.0,178.31380915114767
2026-09-29 04:28:54,0,5,3,0,0,8,23.0,73.53616527873305
2026-09-29 04:29:06,5,5,3,3,3,14,62.0,229.89911246833702
2026-09-29 04:29:18,5,0,7,0,0,7,7.0,21.55609079175885
2026-09-29 04:29:30,7,6,4,2,4,16,66.0,252.99208070771027
2026-09-29 04:29:42,1,5,3,0,0,8,23.0,73.53616527873305
2026-09-29 04:29:54,2,3,2,0,1,6,20.0,58.91820298110627
2026-09-29 04:30:06,0,1,0,0,0,1,4.0,6.772588722239782
2026-09-29 04:30:18,5,0,3,0,0,3,3.0,7.158883083359672
2026-09-29 04:30:31,2,6,3,0,1,10,33.0,112.13054400234623
2026-09-29 04:30:43,1,0,2,2,2,6,28.0,82.48548417354877
2026-09-29 04:30:55,2,4,1,0,4,9,41.0,135.40598881275588
2026-09-29 04:31:07,3,4,2,0,5,11,48.0,167.27551918982402
2026-09-29 04:31:19,3,2,2,0,4,8,34.0,108.70563562943147
2026-09-29 04:31:31,1,4,4,1,2,11,39.0,135.911359341732
2026-09-29 04:31:43,8,0,7,0,1,8,13.0,41.563919505370855
2026-09-29 04:31:55,0,1,0,0,0,1,4.0,6.772588722239782
2026-09-29 04:32:07,2,2,2,0,1,5,16.0,44.66815150764888
2026-09-29 04:32:20,4,2,3,0,0,5,11.0,30.709354161508603
2026-09-29 04:32:32,3,0,6,0,0,6,6.0,17.67546089433188
2026-09-29 04:32:44,0,5,0,0,1,6,26.0,76.59366387543815
2026-09-29 04:32:56,0,2,0,0,1,3,14.0,33.40812105567847
2026-09-29 04:33:08,3,3,2,0,5,10,44.0,149.5073920031283
2026-09-29 04:33:20,4,9,1,0,4,14,61.0,226.19106226723483
2026-09-29 04:33:32,2,0,4,0,3,7,22.0,67.74771391695639
2026-09-29 04:33:44,3,2,7,0,4,13,39.0,141.92323585499508
2026-09-29 04:33:57,1,10,0,0,1,11,46.0,160.30570589024802
2026-09-29 04:34:09,0,1,0,0,0,1,4.0,6.772588722239782
2026-09-29 04:34:21,5,2,4,0,0,6,12.0,35.35092178866376
2026-09-29 04:34:33,5,6,2,0,1,9,32.0,105.68272297580947
2026-09-29 04:34:45,6,5,6,0,0,11,26.0,90.60757289448802
2026-09-29 04:34:57,5,8,8,0,1,17,46.0,178.95710086322356
2026-09-29 04:35:09,2,5,1,2,0,8,35.0,111.90286020676768
2026-09-29 04:35:21,5,3,2,0,4,9,38.0,125.49823353377374
2026-09-29 04:35:34,1,2,0,0,3,5,26.0,72.58574619992943
2026-09-29 04:35:47,6,4,6,0,5,15,52.0,196.1746135564686
2026-09-29 04:35:58,3,1,3,1,1,6,20.0,58.91820298110627
2026-09-29 04:36:10,2,1,1,0,1,3,11.0,26.2492379723188
2026-09-29 04:36:22,1,3,0,0,1,4,18.0,46.96988242381381
2026-09-29 04:36:34,4,2,4,0,3,9,30.0,99.07755278982138
2026-09-29 04:36:47,4,3,2,0,1,6,20.0,58.91820298110627
2026-09-29 04:36:58,6,5,5,0,0,10,25.0,84.94738181995926
2026-09-29 04:37:11,3,7,2,0,1,10,36.0,122.32422982074135
2026-09-29 04:37:23,2,4,4,1,1,10,33.0,112.13054400234623
2026-09-29 04:37:35,3,5,5,0,4,14,49.0,181.6944598540083
2026-09-29 04:37:47,6,2,5,0,1,8,19.0,60.74726696938817
2026-09-29 04:37:59,6,4,4,1,1,10,33.0,112.13054400234623
2026-09-29 04:38:11,4,6,6,0,1,13,36.0,131.0060638661493
2026-09-29 04:38:26,1,3,0,0,1,4,18.0,46.96988242381381
2026-09-29 04:38:35,5,1,2,0,2,5,18.0,50.25167044610499
2026-09-29 04:38:47,2,0,1,1,3,5,26.0,72.58574619992943
2026-09-29 04:39:00,8,4,6,0,0,10,22.0,74.75369600156415
2026-09-29 04:39:12,4,4,2,0,0,6,18.0,53.026382682995646
2026-09-29 04:39:24,0,4,0,4,5,13,74.0,269.29024239152915
2026-09-29 04:39:36,1,3,1,2,5,11,57.0,198.639679037916
2026-09-29 04:39:48,3,7,2,0,5,14,60.0,222.4830120661326
2026-09-29 04:40:00,3,4,4,0,2,10,32.0,108.73264872954786
2026-09-29 04:40:12,3,4,2,0,1,7,24.0,73.90659700031605
2026-09-29 04:40:24,5,9,6,1,4,20,73.0,295.2501379538098
2026-09-29 04:40:37,6,2,1,1,1,5,22.0,61.418708323017206
2026-09-29 04:40:49,5,3,3,1,0,7,22.0,67.74771391695639
2026-09-29 04:41:01,2,2,2,0,0,4,10.0,26.094379124341003
2026-09-29 04:41:13,2,6,1,0,1,8,31.0,99.11396189742281
2026-09-29 04:41:25,2,6,1,0,1,8,31.0,99.11396189742281
2026-09-29 04:41:37,5,4,4,2,1,11,40.0,139.39626599152
2026-09-29 04:41:49,2,6,4,0,0,10,28.0,95.14106763835437
2026-09-29 04:42:01,3,8,4,0,1,13,42.0,152.84040784384086
2026-09-29 04:42:14,5,0,4,0,1,5,10.0,27.91759469228055
2026-09-29 04:42:26,8,4,4,0,2,10,32.0,108.73264872954786
2026-09-29 04:42:38,3,5,3,2,0,10,37.0,125.72212509353972
2026-09-29 04:42:50,1,4,1,0,3,8,35.0,111.90286020676768
2026-09-29 04:43:02,2,0,0,1,3,4,25.0,65.23594781085251
2026-09-29 04:43:14,9,2,5,0,5,12,43.0,153.29282237084607
2026-09-29 04:43:26,4,0,5,1,1,7,18.0,55.42994775023704
2026-09-29 04:43:39,6,2,4,0,1,7,18.0,55.42994775023704
2026-09-29 04:43:51,1,5,1,0,7,13,63.0,229.26061176576127
2026-09-29 04:44:03,2,3,1,0,6,10,49.0,166.49686836712016
2026-09-29 04:44:15,4,2,3,2,2,9,37.0,122.19564844077969
2026-09-29 04:44:27,6,5,5,0,1,11,31.0,108.03210614342801
2026-09-29 04:44:39,1,2,3,1,3,9,36.0,118.89306334778566
2026-09-29 04:44:51,5,2,5,0,1,8,19.0,60.74726696938817
2026-09-29 04:45:03,2,3,2,0,2,7,26.0,80.06548008367572
2026-09-29 04:45:15,1,5,0,0,0,5,20.0,55.8351893845611
2026-09-29 04:45:28,10,3,7,1,1,12,32.0,114.07837943876918
2026-09-29 04:45:40,1,3,2,0,2,7,26.0,80.06548008367572
2026-09-29 04:45:52,0,4,1,2,4,11,55.0,191.66986573834
2026-09-29 04:46:04,0,0,0,1,0,1,7.0,11.852030263919618
2026-09-29 04:46:16,0,2,0,0,4,6,32.0,94.26912476977003
2026-09-29 04:46:28,5,1,3,0,1,5,13.0,36.292873099964716
2026-09-29 04:46:40,7,6,7,1,2,16,50.0,191.6606672028108
2026-09-29 04:46:52,3,6,5,1,2,14,48.0,177.98640965290608
2026-09-29 04:47:04,2,11,1,0,3,15,63.0,237.6730895011062
2026-09-29 04:47:17,1,2,2,0,0,4,10.0,26.094379124341003
2026-09-29 04:47:29,4,1,2,1,4,8,37.0,118.29730936144013
2026-09-29 04:47:41,9,1,7,0,0,8,11.0,35.16947035069842
2026-09-29 04:47:53,0,2,0,5,3,10,61.0,207.2716116407006
2026-09-29 04:48:05,6,1,6,0,0,7,10.0,30.79441541679836
2026-09-29 04:48:17,1,3,1,0,0,4,13.0,33.922692861643306
2026-09-29 04:48:29,6,1,4,0,0,5,8.0,22.33407575382444
2026-09-29 04:48:41,8,3,11,0,0,14,23.0,85.28515462535083
2026-09-29 04:48:54,8,3,4,0,3,10,34.0,115.5284392751446
2026-09-29 04:49:06,6,2,4,0,1,7,18.0,55.42994775023704
2026-09-29 04:49:18,1,7,3,0,0,10,31.0,105.3347534567495
2026-09-29 04:49:30,3,4,3,0,2,9,31.0,102.38013788281542
2026-09-29 04:49:42,6,0,5,0,1,6,11.0,32.405011639608446
2026-09-29 04:49:54,4,6,4,0,2,12,40.0,142.59797429846148
2026-09-29 04:50:06,0,7,0,0,5,12,58.0,206.76706273276912
2026-09-29 04:50:18,6,6,6,2,5,19,74.0,295.68418824299533
2026-09-29 04:50:31,3,5,4,0,0,9,24.0,79.2620422318571
2026-09-29 04:50:43,4,0,3,1,0,4,10.0,26.094379124341003
2026-09-29 04:50:55,4,4,2,0,4,10,42.0,142.71160145753157
2026-09-29 04:51:07,1,4,2,0,1,7,24.0,73.90659700031605
2026-09-29 04:51:19,2,2,6,1,1,10,27.0,91.743172365556
2026-09-29 04:51:31,3,2,3,0,1,6,17.0,50.08047253394033
2026-09-29 04:51:44,3,6,4,0,1,11,34.0,118.48682609279201
2026-09-29 04:51:55,5,2,6,0,2,10,26.0,88.34527709275764
2026-09-29 04:52:09,3,4,3,0,2,9,31.0,102.38013788281542
2026-09-29 04:52:23,2,1,3,0,2,6,19.0,55.972292832050954
2026-09-29 04:52:32,3,4,3,1,4,12,50.0,178.24746787307683
2026-09-29 04:52:44,5,1,1,0,1,3,11.0,26.2492379723188
2026-09-29 04:52:56,2,5,1,0,0,6,21.0,61.864113130161584
2026-09-29 04:53:08,2,6,4,0,1,11,34.0,118.48682609279201
2026-09-29 04:53:20,1,0,0,0,1,1,6.0,10.158883083359672
2026-09-29 04:53:33,5,3,4,1,3,11,41.0,142.881172641308
2026-09-29 04:53:45,4,2,4,0,1,7,18.0,55.42994775023704
2026-09-29 04:53:57,1,6,3,0,3,12,45.0,160.42272108576915
2026-09-29 04:54:09,5,2,3,1,3,9,36.0,118.89306334778566
2026-09-29 04:54:21,4,6,1,0,4,11,49.0,170.76042583961203
2026-09-29 04:54:33,12,3,9,0,3,15,39.0,147.13096016735147
2026-09-29 04:54:47,4,4,2,0,2,8,30.0,95.91673732008658
2026-09-29 04:54:59,5,5,2,2,6,15,72.0,271.6263880012642
2026-09-29 04:55:11,9,5,4,1,4,14,55.0,203.94276106062156
2026-09-29 04:55:23,4,3,3,0,4,10,39.0,132.51791563913645
2026-09-29 04:55:35,2,5,3,2,5,15,67.0,252.76344439006533
2026-09-29 04:55:47,5,3,6,0,1,10,24.0,81.5494865471609
2026-09-29 04:56:00,4,2,7,0,2,11,27.0,94.092479544276
2026-09-29 04:56:12,3,5,4,0,2,11,36.0,125.45663939236802
2026-09-29 04:56:24,2,4,0,2,8,14,78.0,289.2279156859724
2026-09-29 04:56:36,4,3,3,0,3,9,33.0,108.98530806880352
2026-09-29 04:56:48,3,12,2,0,2,16,62.0,237.6592273314854
2026-09-29 04:57:01,1,3,0,0,1,4,18.0,46.96988242381381
2026-09-29 04:57:12,4,4,2,0,1,7,24.0,73.90659700031605
2026-09-29 04:57:29,6,2,8,0,0,10,16.0,54.36632436477393
2026-09-29 04:57:37,8,3,5,0,1,9,23.0,75.95945713886306
2026-09-29 04:57:49,3,1,2,0,1,4,12.0,31.313254949209206
2026-09-29 04:58:01,1,5,2,4,3,14,68.0,252.1474136749503
2026-09-29 04:58:13,5,5,3,0,1,9,29.0,95.77496769682733
2026-09-29 04:58:25,3,3,2,0,0,5,14.0,39.08463256919277
2026-09-29 04:58:37,4,2,1,0,1,4,15.0,39.141568686511505
2026-09-29 04:58:49,2,5,1,1,1,8,34.0,108.70563562943147
2026-09-29 04:59:01,2,2,1,0,1,4,15.0,39.141568686511505
2026-09-29 04:59:13,3,1,0,0,3,4,22.0,57.40763407355021
2026-09-29 04:59:26,3,3,6,0,1,10,24.0,81.5494865471609
2026-09-29 04:59:38,9,3,5,2,1,11,37.0,128.941546042156
2026-09-29 04:59:50,0,5,0,2,12,19,106.0,423.547620996723
2026-09-29 05:00:02,2,6,1,0,5,12,55.0,196.07221466038453
2026-09-29 05:00:16,5,8,4,2,7,21,92.0,376.3759057089651
2026-09-29 05:00:27,3,8,3,0,1,12,41.0,146.162923655923
2026-09-29 05:00:38,3,5,1,0,3,9,39.0,128.80081862676778
2026-09-29 05:00:50,1,6,2,4,7,19,96.0,383.59029826118314
2026-09-29 05:01:03,2,5,4,0,4,13,48.0,174.6747518215324
2026-09-29 05:01:15,2,2,1,2,5,10,53.0,180.08844945831365
2026-09-29 05:01:27,4,4,6,3,8,21,91.0,372.28486325560675
2026-09-29 05:01:39,2,0,3,1,3,7,28.0,86.2243631670354
2026-09-29 05:01:51,9,5,10,2,2,19,56.0,223.7610073190235
2026-09-29 05:02:03,3,5,0,0,3,8,38.0,121.49453393877634
2026-09-29 05:02:16,6,6,5,0,3,14,47.0,174.27835945180388
2026-09-29 05:02:27,5,5,5,0,1,11,31.0,108.03210614342801
2026-09-29 05:02:39,4,7,0,0,3,10,46.0,156.30318254872506
2026-09-29 05:02:52,5,12,5,0,1,18,59.0,232.72189977082
2026-09-29 05:03:04,3,7,1,0,1,9,35.0,115.5904782547916
2026-09-29 05:03:16,4,5,3,0,0,8,23.0,73.53616527873305
2026-09-29 05:03:28,10,4,8,0,3,15,42.0,158.4487263340708
2026-09-29 05:03:40,3,5,2,1,3,11,47.0,163.79061254003602
2026-09-29 05:03:52,6,3,4,1,1,9,29.0,95.77496769682733
2026-09-29 05:04:04,1,4,1,0,1,6,23.0,67.75593342827221
2026-09-29 05:04:16,4,4,1,0,1,6,23.0,67.75593342827221
2026-09-29 05:04:29,1,3,4,0,1,8,22.0,70.33894070139684
2026-09-29 05:04:41,7,2,3,0,3,8,29.0,92.71951274275037
2026-09-29 05:04:53,8,3,3,0,1,7,21.0,64.66827237527654
2026-09-29 05:05:05,5,2,5,0,7,14,55.0,203.94276106062156
2026-09-29 05:05:17,6,7,5,1,5,18,70.0,276.1107285416508
2026-09-29 05:05:29,0,8,0,3,4,15,77.0,290.48933161246316
2026-09-29 05:05:41,8,3,6,2,3,14,50.0,185.4025100551105
2026-09-29 05:05:53,6,0,5,0,0,5,5.0,13.958797346140274
2026-09-29 05:06:06,8,5,6,0,1,12,32.0,114.07837943876918
2026-09-29 05:06:18,6,7,6,1,0,14,41.0,152.03005824519062
2026-09-29 05:06:30,4,3,1,3,1,8,40.0,127.88898309344879
2026-09-29 05:06:42,0,5,0,1,3,9,45.0,148.61632918473205
2026-09-29 05:06:54,5,4,4,0,2,10,32.0,108.73264872954786
2026-09-29 05:07:06,2,9,5,1,1,16,54.0,206.99352057903567
2026-09-29 05:07:19,1,1,0,0,1,2,10.0,20.986122886681102
2026-09-29 05:07:31,8,3,7,1,4,15,50.0,188.62943611198907
2026-09-29 05:07:43,5,4,4,1,3,12,45.0,160.42272108576915
2026-09-29 05:07:59,8,7,6,0,1,14,40.0,148.3220080440884
2026-09-29 05:08:07,7,3,9,0,1,13,27.0,98.25454789961198
2026-09-29 05:08:19,8,4,4,0,2,10,32.0,108.73264872954786
2026-09-29 05:08:31,10,4,11,0,4,19,51.0,203.78234595125355
2026-09-29 05:08:43,8,1,7,2,2,12,37.0,131.90312622607686
2026-09-29 05:08:55,5,1,2,0,1,4,12.0,31.313254949209206
2026-09-29 05:09:07,8,4,9,0,0,13,25.0,90.97643324038145
2026-09-29 05:09:19,1,6,1,0,0,7,25.0,76.9860385419959
2026-09-29 05:09:32,4,0,7,0,1,8,13.0,41.563919505370855
2026-09-29 05:09:44,5,2,3,0,2,7,23.0,70.82715545863623
2026-09-29 05:09:56,3,1,2,2,1,6,26.0,76.59366387543815
2026-09-29 05:10:08,2,3,1,0,4,8,37.0,118.29730936144013
2026-09-29 05:10:20,5,2,3,0,2,7,23.0,70.82715545863623
2026-09-29 05:10:32,8,4,3,0,3,10,37.0,125.72212509353972
2026-09-29 05:10:44,8,6,6,0,5,17,60.0,233.42230547376988
2026-09-29 05:10:56,6,4,4,0,6,14,56.0,207.65081126172376
2026-09-29 05:11:09,4,3,5,2,2,12,43.0,153.29282237084607
2026-09-29 05:11:21,3,6,5,3,2,16,62.0,237.6592273314854
2026-09-29 05:11:33,9,6,10,0,1,17,40.0,155.6148703158466
2026-09-29 05:11:45,6,7,4,0,0,11,32.0,111.51701279321601
2026-09-29 05:11:57,1,4,1,0,5,10,47.0,159.70107782152343
2026-09-29 05:12:09,1,2,3,0,1,6,17.0,50.08047253394033
2026-09-29 05:12:21,14,2,9,1,1,13,30.0,109.17171988845776
2026-09-29 05:12:33,3,5,0,0,3,8,38.0,121.49453393877634
2026-09-29 05:12:46,2,1,3,0,5,9,37.0,122.19564844077969
2026-09-29 05:12:58,1,2,1,0,4,7,33.0,101.62157087543459
2026-09-29 05:13:10,10,5,10,0,0,15,30.0,113.17766166719343
2026-09-29 05:13:22,7,4,3,0,1,8,25.0,79.9306144334055
2026-09-29 05:13:34,0,4,0,1,7,12,65.0,231.72170823499988
2026-09-29 05:13:46,5,2,3,1,0,6,18.0,53.026382682995646
2026-09-29 05:13:58,5,2,5,1,1,9,26.0,85.8672124178452
2026-09-29 05:14:10,4,3,4,1,0,8,23.0,73.53616527873305
2026-09-29 05:14:22,6,3,4,0,1,8,22.0,70.33894070139684
2026-09-29 05:14:35,7,3,6,0,1,10,24.0,81.5494865471609
2026-09-29 05:14:47,3,2,4,0,1,7,18.0,55.42994775023704
2026-09-29 05:14:59,3,3,3,0,4,10,39.0,132.51791563913645
2026-09-29 05:15:11,4,6,3,0,0,9,27.0,89.16979751083925
2026-09-29 05:15:23,1,5,4,1,1,11,37.0,128.941546042156
2026-09-29 05:15:36,6,7,1,0,0,8,29.0,92.71951274275037
2026-09-29 05:15:47,3,4,2,2,3,11,50.0,174.24533248940003
2026-09-29 05:15:59,11,2,7,0,2,11,27.0,94.092479544276
2026-09-29 05:16:12,6,11,7,0,1,19,57.0,227.75673959257747
2026-09-29 05:16:24,9,3,10,2,1,16,42.0,160.99496045036108
2026-09-29 05:16:37,4,6,3,1,2,12,46.0,163.98767044323068
2026-09-29 05:16:48,5,6,7,0,1,14,37.0,137.19785744078177
2026-09-29 05:17:00,4,1,5,1,1,8,22.0,70.33894070139684
2026-09-29 05:17:12,3,4,8,0,2,14,36.0,133.48980723967955
2026-09-29 05:17:24,3,11,2,2,1,16,66.0,252.99208070771027
2026-09-29 05:17:36,4,3,3,0,2,8,27.0,86.32506358807792
2026-09-29 05:17:48,9,3,14,1,3,21,51.0,208.6431651212741
2026-09-29 05:18:01,2,6,2,2,4,14,64.0,237.31521287054144
2026-09-29 05:18:13,6,8,7,0,0,15,39.0,147.13096016735147
2026-09-29 05:18:25,7,0,4,0,0,4,4.0,10.437751649736402
2026-09-29 05:18:37,7,0,8,0,0,8,8.0,25.577796618689757
2026-09-29 05:18:49,10,8,7,1,1,17,52.0,202.29933141060056
2026-09-29 05:19:01,13,6,15,2,0,23,53.0,221.4368530084411
2026-09-29 05:19:13,9,5,10,0,3,18,48.0,189.33307099998913
2026-09-29 05:19:25,8,8,6,2,4,20,76.0,307.3837052669801
2026-09-29 05:19:38,6,6,5,0,2,13,41.0,149.2013505142256
2026-09-29 05:19:50,10,3,11,0,0,14,23.0,85.28515462535083
2026-09-29 05:20:02,11,14,9,0,0,23,65.0,271.57349897261645
2026-09-29 05:20:15,5,6,4,3,3,16,67.0,256.8252940517665
2026-09-29 05:20:30,10,6,9,0,5,20,63.0,254.80491357657561
2026-09-29 05:20:38,1,5,2,0,3,10,40.0,135.91581091193484
2026-09-29 05:20:50,6,10,4,0,5,19,74.0,295.68418824299533
2026-09-29 05:21:02,5,1,2,2,1,6,26.0,76.59366387543815
2026-09-29 05:21:15,8,1,1,0,6,8,41.0,131.086207670785
2026-09-29 05:21:27,12,7,11,1,0,19,46.0,183.80368458348357
2026-09-29 05:21:39,11,1,13,0,0,14,17.0,63.03685341873757
2026-09-29 05:21:51,10,3,15,1,2,21,46.0,188.18795285448255
2026-09-29 05:22:03,7,4,8,2,2,16,50.0,191.6606672028108
2026-09-29 05:22:15,4,3,5,0,1,9,23.0,75.95945713886306
2026-09-29 05:22:27,1,2,0,3,6,11,65.0,226.51893223622002
2026-09-29 05:22:39,5,5,5,0,1,11,31.0,108.03210614342801
2026-09-29 05:22:51,5,7,7,1,2,17,54.0,210.08007492639288
2026-09-29 05:23:04,3,2,3,3,6,14,68.0,252.1474136749503
2026-09-29 05:23:16,6,10,6,0,0,16,46.0,176.32781382658595
2026-09-29 05:23:28,3,6,4,1,3,14,53.0,196.52666065841714
2026-09-29 05:23:40,5,3,3,0,3,9,33.0,108.98530806880352
2026-09-29 05:23:52,6,5,6,1,0,12,33.0,117.64332879623072
2026-09-29 05:24:04,7,0,8,0,0,8,8.0,25.577796618689757
2026-09-29 05:24:16,13,3,8,0,2,13,32.0,116.44983454768827
2026-09-29 05:24:28,5,6,5,1,0,12,36.0,128.33817686861534
2026-09-29 05:24:41,13,6,14,0,0,20,38.0,153.69185263349004
2026-09-29 05:24:53,8,3,6,0,2,11,30.0,104.54719949364001
2026-09-29 05:25:05,3,5,2,1,4,12,53.0,188.94231594546144
2026-09-29 05:25:17,5,7,6,0,1,14,40.0,148.3220080440884
2026-09-29 05:25:29,15,5,14,0,3,22,52.0,215.04569922831578
2026-09-29 05:25:41,8,0,7,1,1,9,20.0,66.05170185988092
2026-09-29 05:25:53,3,6,1,2,0,9,39.0,128.80081862676778
2026-09-29 05:26:05,9,6,11,1,3,21,60.0,245.46254720149898
2026-09-29 05:26:18,2,7,0,0,1,8,34.0,108.70563562943147
2026-09-29 05:26:30,6,5,3,1,2,11,42.0,146.366079291096
2026-09-29 05:26:42,1,9,3,0,1,13,45.0,163.75757983268662
2026-09-29 05:26:54,10,4,12,0,1,17,34.0,132.2726397684696
2026-09-29 05:27:06,4,4,6,4,1,15,56.0,211.26496844542774
2026-09-29 05:27:18,13,9,15,1,2,27,70.0,303.2543157122643
2026-09-29 05:27:31,9,9,8,0,2,19,56.0,223.7610073190235
2026-09-29 05:27:43,6,11,8,1,7,27,101.0,437.5526555276956
2026-09-29 05:27:56,4,9,5,0,5,19,71.0,283.6969914223333
2026-09-29 05:28:08,11,7,9,0,1,17,43.0,167.28598558953507
2026-09-29 05:28:20,7,0,6,0,1,7,12.0,36.95329850015803
2026-09-29 05:28:32,11,2,9,0,0,11,17.0,59.24341304639601
2026-09-29 05:28:45,10,6,9,0,2,17,45.0,175.0667291053274
2026-09-29 05:28:56,5,4,5,2,4,15,59.0,222.58273461214708
2026-09-29 05:29:08,7,3,7,0,4,14,43.0,159.44615864739504
2026-09-29 05:29:20,7,9,7,0,2,18,55.0,216.94414385415422
2026-09-29 05:29:32,5,7,4,1,0,12,39.0,139.03302494099992
2026-09-29 05:29:45,5,4,6,1,4,15,53.0,199.9472022787084
2026-09-29 05:29:57,9,8,14,0,1,23,52.0,217.25879917809317
2026-09-29 05:30:09,15,9,15,0,0,24,51.0,215.16266706827824
2026-09-29 05:30:21,7,8,7,2,6,23,89.0,371.8467909009671
2026-09-29 05:30:33,7,9,7,0,2,18,55.0,216.94414385415422
2026-09-29 05:30:46,4,4,6,0,5,15,52.0,196.1746135564686
2026-09-29 05:30:58,4,5,3,0,5,13,53.0,192.8700384696087
2026-09-29 05:31:10,17,5,16,0,2,23,48.0,200.54658385670137
2026-09-29 05:31:22,15,1,10,1,2,14,33.0,122.36565663637293
2026-09-29 05:31:34,9,3,10,0,2,15,34.0,128.26801655615256
2026-09-29 05:31:46,9,4,8,0,1,13,30.0,109.17171988845776
2026-09-29 05:31:58,3,6,1,1,4,12,56.0,199.63716401784606
2026-09-29 05:32:10,3,9,2,1,4,16,69.0,264.49172073987893
2026-09-29 05:32:22,0,2,0,0,0,2,8.0,16.78889830934488
2026-09-29 05:32:34,4,9,2,1,4,16,69.0,264.49172073987893
2026-09-29 05:32:47,7,2,5,0,2,9,25.0,82.56462732485114
2026-09-29 05:32:59,1,0,0,2,0,2,14.0,29.38057204135354
2026-09-29 05:33:12,12,5,8,2,2,17,54.0,210.08007492639288
2026-09-29 05:33:24,6,6,7,0,1,14,37.0,137.19785744078177
2026-09-29 05:33:36,13,2,17,0,1,20,31.0,125.38019556942609
2026-09-29 05:33:48,6,19,6,1,6,32,125.0,562.06344518331
2026-09-29 05:34:00,0,8,0,1,7,16,81.0,310.4902808685535
2026-09-29 05:34:12,6,7,4,1,4,16,63.0,241.49244067554162
2026-09-29 05:34:25,9,5,6,2,2,15,52.0,196.1746135564686
2026-09-29 05:34:37,5,5,4,1,2,12,43.0,153.29282237084607
2026-09-29 05:34:49,23,3,31,0,0,34,43.0,195.87996664404477
2026-09-29 05:35:01,10,16,9,1,4,30,104.0,461.1346692664552
2026-09-29 05:35:13,1,5,0,0,3,8,38.0,121.49453393877634
2026-09-29 05:35:25,14,3,15,1,4,23,58.0,242.32712216018083
2026-09-29 05:35:37,5,10,5,0,3,18,63.0,248.49965568748573
2026-09-29 05:35:49,5,2,0,0,0,2,8.0,16.78889830934488
2026-09-29 05:36:02,22,2,21,0,1,24,35.0,147.66065387038702
2026-09-29 05:36:14,15,12,14,5,4,35,121.0,554.6057915531893
2026-09-29 05:36:26,5,3,4,0,3,10,34.0,115.5284392751446
2026-09-29 05:36:38,10,4,7,1,0,12,30.0,106.9484807238461
2026-09-29 05:36:50,6,5,5,2,3,15,57.0,215.03755716766753
2026-09-29 05:37:02,3,2,1,0,1,4,15.0,39.141568686511505
2026-09-29 05:37:14,15,4,24,0,0,28,40.0,174.69183319945898
2026-09-29 05:37:26,9,8,6,0,6,20,74.0,299.2946603915333
2026-09-29 05:37:38,9,1,6,1,5,13,47.0,171.03569449191716
2026-09-29 05:37:51,8,1,3,0,1,5,13.0,36.292873099964716
2026-09-29 05:38:03,15,4,12,2,1,19,48.0,191.79514913059157
2026-09-29 05:38:17,5,5,4,3,2,14,57.0,211.35886146282598
2026-09-29 05:38:28,5,2,1,0,2,5,21.0,58.62694885378915
2026-09-29 05:38:39,20,10,17,3,4,34,102.0,464.6455022719201
2026-09-29 05:38:51,14,14,13,2,6,35,119.0,545.4387536762771
2026-09-29 05:39:03,11,12,3,1,3,19,76.0,303.6756527901033
2026-09-29 05:39:15,6,5,4,1,1,11,37.0,128.941546042156
2026-09-29 05:39:28,4,3,6,4,0,13,46.0,167.3966371623019
2026-09-29 05:39:40,6,4,5,1,1,11,34.0,118.48682609279201
2026-09-29 05:39:52,25,7,25,1,1,34,66.0,300.65297205830126
2026-09-29 05:40:04,9,13,7,0,5,25,89.0,378.9705918839119
2026-09-29 05:40:16,12,7,10,2,12,31,124.0,553.7512519471661
2026-09-29 05:40:28,12,10,14,3,4,31,99.0,442.107854377173
2026-09-29 05:40:40,12,7,16,0,4,27,68.0,294.5899066919139
2026-09-29 05:40:52,12,6,13,0,5,24,67.0,282.66468026616946
2026-09-29 05:41:05,15,5,11,2,7,25,87.0,370.4543988078689
2026-09-29 05:41:17,16,6,13,1,4,24,68.0,286.8835560910377
2026-09-29 05:41:29,15,8,20,3,2,33,85.0,384.7406445923737
2026-09-29 05:41:41,13,8,16,0,1,25,54.0,229.93721305316
2026-09-29 05:41:53,8,7,11,0,6,24,75.0,316.41568686511505
2026-09-29 05:42:05,10,14,13,0,5,32,99.0,445.1542485851815
2026-09-29 05:42:17,14,7,10,2,2,21,64.0,261.8267170149322
2026-09-29 05:42:32,20,12,17,0,1,30,71.0,314.8130915184454
2026-09-29 05:42:47,12,5,11,0,0,16,31.0,118.8296136657427
2026-09-29 05:42:54,16,10,16,2,2,30,82.0,363.586950767782
2026-09-29 05:43:06,13,3,12,0,3,18,42.0,165.6664371249905
2026-09-29 05:43:18,10,6,8,3,2,19,65.0,259.7225977810094
2026-09-29 05:43:30,8,15,11,3,0,29,92.0,404.91015911291834
2026-09-29 05:43:42,10,9,10,0,3,22,64.0,264.6716298194656
2026-09-29 05:43:54,6,6,0,0,2,8,36.0,115.1000847841039
2026-09-29 05:44:06,16,2,16,0,2,20,36.0,145.6028077580432
2026-09-29 05:44:19,3,14,3,2,4,23,97.0,405.2712215437507
2026-09-29 05:44:31,8,7,5,0,2,14,45.0,166.86225904959946
2026-09-29 05:44:43,16,6,21,1,1,29,58.0,255.26944813640503
2026-09-29 05:44:55,9,11,5,0,0,16,49.0,187.82745385875458
2026-09-29 05:45:07,16,10,9,0,4,23,73.0,304.9979296154
2026-09-29 05:45:19,6,3,5,1,2,11,36.0,125.45663939236802
2026-09-29 05:45:33,14,6,18,3,1,28,69.0,301.34341226906673
2026-09-29 05:45:43,8,5,8,1,2,16,47.0,180.16102717064217
2026-09-29 05:45:59,14,3,12,0,0,15,24.0,90.54212933375474
2026-09-29 05:46:08,11,11,12,1,4,28,87.0,379.9547372088233
2026-09-29 05:46:20,13,11,12,2,2,27,82.0,355.24076983436674
2026-09-29 05:46:32,9,7,3,1,1,12,44.0,156.85777172830763
2026-09-29 05:46:44,15,2,13,2,1,18,41.0,161.72199814582405
2026-09-29 05:46:56,9,7,10,0,4,21,62.0,253.6446321082156
2026-09-29 05:47:08,6,4,7,1,2,14,42.0,155.7381084462928
2026-09-29 05:47:20,19,8,22,1,6,37,97.0,449.8458574934594
2026-09-29 05:47:32,7,14,4,5,2,25,107.0,455.61632956829857
2026-09-29 05:47:48,4,4,6,0,3,13,40.0,145.56229318461033
2026-09-29 05:47:57,7,5,2,1,2,10,41.0,139.3137061847332
2026-09-29 05:48:09,3,8,7,1,4,20,70.0,283.11657064063957
2026-09-29 05:48:21,2,6,0,0,3,9,42.0,138.70857390574992
2026-09-29 05:48:33,19,7,25,0,3,35,71.0,325.4298446303838
2026-09-29 05:48:45,12,12,11,0,11,34,125.0,569.4185076861767
2026-09-29 05:48:57,5,9,5,0,4,18,65.0,256.3885336458186
2026-09-29 05:49:09,7,3,11,3,1,18,50.0,197.221948958322
2026-09-29 05:49:21,12,5,12,3,2,22,65.0,268.80712403539474
2026-09-29 05:49:34,8,4,4,2,1,11,40.0,139.39626599152
2026-09-29 05:49:47,10,9,16,0,1,26,58.0,249.15853822825107
2026-09-29 05:49:58,13,16,11,5,6,38,146.0,680.8800003349284
2026-09-29 05:50:10,18,15,17,0,8,40,125.0,589.1965083380385
2026-09-29 05:50:22,6,12,5,0,5,22,83.0,343.24601992211944
2026-09-29 05:50:34,10,5,5,2,3,15,57.0,215.03755716766753
2026-09-29 05:50:46,12,8,12,4,2,26,84.0,360.8502967443636
2026-09-29 05:50:58,2,7,1,1,1,10,42.0,142.71160145753157
2026-09-29 05:51:10,21,4,31,1,3,39,72.0,337.5993206962034
2026-09-29 05:51:23,14,16,16,1,8,41,135.0,639.5853984682547
2026-09-29 05:51:35,18,22,20,1,2,45,127.0,613.2374573541151
2026-09-29 05:51:48,5,15,2,1,4,22,93.0,384.6009620814109
2026-09-29 05:51:59,7,8,5,0,4,17,61.0,237.31267723166604
2026-09-29 05:52:11,7,8,3,1,0,12,42.0,149.72787301338454
2026-09-29 05:52:23,3,9,3,0,2,14,51.0,189.11056025621272
2026-09-29 05:52:35,22,12,26,0,0,38,74.0,345.10356181359384
2026-09-29 05:52:49,13,16,12,0,5,33,106.0,479.79421560931314
2026-09-29 05:53:01,8,11,3,2,4,20,85.0,343.7844072064909
2026-09-29 05:53:13,15,7,23,3,3,36,90.0,414.98261213798014
2026-09-29 05:53:25,10,7,5,3,5,20,84.0,339.7398847687675
2026-09-29 05:53:38,8,6,5,1,2,14,48.0,177.98640965290608
2026-09-29 05:53:50,19,13,23,0,0,36,75.0,345.8188434483168
2026-09-29 05:54:02,15,18,22,1,1,42,107.0,509.4484123792111
2026-09-29 05:54:17,5,17,7,1,1,26,88.0,378.03364420838096
2026-09-29 05:54:27,10,10,7,4,4,25,99.0,421.5515572641267
2026-09-29 05:54:38,14,6,17,2,0,25,55.0,234.19530959118148
2026-09-29 05:54:50,10,6,8,2,4,20,70.0,283.11657064063957
2026-09-29 05:55:02,21,2,21,0,1,24,35.0,147.66065387038702
2026-09-29 05:55:15,19,16,25,0,3,44,107.0,514.3128864054243
2026-09-29 05:55:29,11,11,14,4,6,35,122.0,559.1893104916454
2026-09-29 05:55:39,7,8,7,0,2,17,51.0,198.4089596527044
2026-09-29 05:55:51,3,7,0,0,1,8,34.0,108.70563562943147
2026-09-29 05:56:03,13,9,21,1,1,32,70.0,314.7555293026536
2026-09-29 05:56:17,9,4,7,2,1,14,43.0,159.44615864739504
2026-09-29 05:56:29,8,1,7,0,0,8,11.0,35.16947035069842
2026-09-29 05:56:39,18,12,17,3,1,33,92.0,416.4251682646869
2026-09-29 05:56:51,15,20,15,1,6,42,138.0,657.0456159657116
2026-09-29 05:57:04,6,11,3,1,3,18,72.0,283.9996064999837
2026-09-29 05:57:16,12,9,14,0,0,23,50.0,208.90269151739727
2026-09-29 05:57:33,8,7,3,7,2,19,92.0,367.60736916696715
2026-09-29 05:57:44,13,1,11,0,0,12,15.0,53.47424036192305
2026-09-29 05:57:52,13,13,15,3,3,34,106.0,482.86689451787777
2026-09-29 05:58:04,18,13,22,0,2,37,86.0,398.8324097364692
2026-09-29 05:58:17,2,8,1,0,1,10,39.0,132.51791563913645
2026-09-29 05:58:29,19,1,20,0,0,21,24.0,98.18501888059959
2026-09-29 05:58:41,12,11,10,2,0,23,68.0,284.1076604636603
2026-09-29 05:58:53,9,8,8,0,0,16,40.0,153.32853376224864
2026-09-29 05:59:05,21,9,30,2,1,42,86.0,409.46320994964634
2026-09-29 05:59:17,11,21,10,7,2,40,155.0,730.6036703391677
2026-09-29 05:59:31,3,17,1,1,0,19,76.0,303.6756527901033
2026-09-29 05:59:41,0,7,0,0,2,9,40.0,132.10340371976184
2026-09-29 05:59:53,6,8,8,2,3,21,72.0,294.5550566417987
2026-09-29 06:00:05,3,4,1,1,2,8,36.0,115.1000847841039
2026-09-29 06:00:17,13,3,14,0,0,17,26.0,101.14966570530028
2026-09-29 06:00:30,17,11,19,3,3,36,102.0,470.31362708971085
2026-09-29 06:00:42,14,15,17,3,2,37,110.0,510.1344775699024
2026-09-29 06:00:54,7,6,2,1,2,11,45.0,156.82079924046002
2026-09-29 06:01:06,18,7,11,4,1,23,73.0,304.9979296154
2026-09-29 06:01:18,10,5,8,1,1,15,41.0,154.67613761183102
2026-09-29 06:01:30,14,1,13,0,0,14,17.0,63.03685341873757
2026-09-29 06:01:42,17,10,17,3,3,33,96.0,434.5306103631515
2026-09-29 06:01:55,8,11,8,1,1,21,65.0,265.91775946829057
2026-09-29 06:02:07,14,11,20,1,1,33,77.0,348.52976039544444
2026-09-29 06:02:19,8,15,7,0,1,23,73.0,304.9979296154
2026-09-29 06:02:32,12,8,14,1,2,25,65.0,276.77627497139633
2026-09-29 06:02:44,7,7,11,3,1,22,66.0,272.9426182513239
2026-09-29 06:02:55,2,6,0,0,0,6,24.0,70.70184357732752
2026-09-29 06:03:07,26,5,23,0,0,28,43.0,187.79372068941842
2026-09-29 06:03:20,5,20,2,0,2,24,94.0,396.5743275376109
2026-09-29 06:03:32,7,15,1,0,1,17,67.0,260.654907779043
2026-09-29 06:03:44,12,16,23,0,2,41,99.0,469.0292922100534
2026-09-29 06:03:56,18,11,17,0,3,31,79.0,352.79313632117845
2026-09-29 06:04:09,2,9,1,1,1,12,50.0,178.24746787307683
2026-09-29 06:04:20,21,5,26,4,5,40,104.0,490.211494937248
2026-09-29 06:04:32,9,7,9,1,0,17,44.0,171.17635734743124
2026-09-29 06:04:46,8,9,5,1,4,19,72.0,287.69272369588737
2026-09-29 06:05:00,16,9,20,2,4,35,94.0,430.8507802148743
2026-09-29 06:05:08,11,11,12,1,5,29,93.0,409.3113564945805
2026-09-29 06:05:20,18,11,15,0,0,26,59.0,253.45437509425543
2026-09-29 06:05:33,12,4,13,1,2,20,48.0,194.13707701072428
2026-09-29 06:05:47,0,4,0,0,2,6,28.0,82.48548417354877
2026-09-29 06:05:59,15,11,13,3,0,27,78.0,337.91195179366593
2026-09-29 06:06:09,5,11,5,2,0,18,63.0,248.49965568748573
2026-09-29 06:06:22,14,5,17,1,2,25,56.0,238.45340612920296
2026-09-29 06:06:33,12,13,11,0,2,26,75.0,322.18776495032466
2026-09-29 06:06:46,10,14,7,1,7,29,112.0,492.93410674616143
2026-09-29 06:06:59,19,14,24,0,4,42,104.0,495.16481203213044
2026-09-29 06:07:10,10,14,11,2,3,30,99.0,438.9647332440295
2026-09-29 06:07:22,8,6,12,1,3,22,61.0,252.26514717167814
2026-09-29 06:07:34,10,7,12,3,2,24,73.0,307.9779352153787
2026-09-29 06:07:47,9,9,3,0,0,12,39.0,139.03302494099992
2026-09-29 06:07:58,23,9,28,2,0,39,78.0,365.732597420887
2026-09-29 06:08:11,12,14,11,1,0,26,74.0,317.89192808432034
2026-09-29 06:08:22,6,15,5,0,1,21,71.0,290.46401418844044
2026-09-29 06:08:34,10,12,15,0,2,29,75.0,330.08980362466167
2026-09-29 06:08:46,4,10,3,0,0,13,43.0,156.4794651734561
2026-09-29 06:08:59,18,4,20,0,0,24,36.0,151.87952969525523
2026-09-29 06:09:11,5,6,4,1,2,13,47.0,171.03569449191716
2026-09-29 06:09:23,15,0,16,2,0,18,30.0,118.3331693749932
2026-09-29 06:09:35,12,8,11,4,1,24,77.0,324.85343851485146
2026-09-29 06:09:47,12,16,10,1,0,27,81.0,350.90856532419156
2026-09-29 06:09:59,9,11,14,1,4,30,89.0,394.62486119917804
2026-09-29 06:10:11,0,8,0,0,2,10,44.0,149.5073920031283
2026-09-29 06:10:23,11,6,14,2,2,24,64.0,270.00805279156486
2026-09-29 06:10:36,5,10,7,1,1,19,60.0,239.74393641323945
2026-09-29 06:10:48,2,6,2,3,1,12,53.0,188.94231594546144
2026-09-29 06:11:00,24,9,25,1,3,38,86.0,401.0663015671496
2026-09-29 06:11:12,4,14,8,3,3,28,103.0,449.8314704886069
2026-09-29 06:11:24,15,7,17,5,3,32,98.0,440.657741023715
2026-09-29 06:11:36,9,7,13,5,4,29,100.0,440.1197381662156
2026-09-29 06:11:48,1,4,2,0,1,7,24.0,73.90659700031605
2026-09-29 06:12:01,13,10,11,8,1,30,113.0,501.0405541068215
2026-09-29 06:12:13,7,21,8,4,1,34,126.0,573.973855747666
2026-09-29 06:12:25,26,6,20,1,1,28,57.0,248.93586230922904
2026-09-29 06:12:37,20,15,27,0,3,45,105.0,507.007346631355
2026-09-29 06:12:49,9,18,6,4,3,31,124.0,553.7512519471661
2026-09-29 06:13:01,5,13,15,1,2,31,86.0,384.05328764077655
2026-09-29 06:13:13,8,17,6,0,0,23,74.0,309.17598344574793
2026-09-29 06:13:25,14,6,21,0,1,28,51.0,222.73208732931022
2026-09-29 06:13:37,15,6,22,1,1,30,59.0,261.6052450646236
2026-09-29 06:13:50,7,9,2,2,1,14,58.0,215.06691166392818
2026-09-29 06:14:02,24,4,27,4,5,40,101.0,476.07077873713513
2026-09-29 06:14:14,1,18,1,5,2,26,120.0,515.5004239205196
2026-09-29 06:14:26,6,16,5,0,3,24,87.0,367.04219676353347
2026-09-29 06:14:38,18,20,20,1,1,42,113.0,538.0156130733725
2026-09-29 06:14:50,10,9,10,1,0,20,53.0,214.3596891993414
2026-09-29 06:15:02,1,7,2,0,0,9,30.0,99.07755278982138
2026-09-29 06:15:15,17,4,24,5,3,36,93.0,428.81536587591285
2026-09-29 06:15:27,4,8,8,5,3,24,93.0,392.3554517127427
2026-09-29 06:15:39,24,4,31,1,0,36,54.0,248.9895672827881
2026-09-29 06:15:51,20,11,19,0,3,33,81.0,366.6352024939091
2026-09-29 06:16:04,10,21,12,0,0,33,96.0,434.5306103631515
2026-09-29 06:16:16,10,17,8,0,1,26,82.0,352.258623012355
2026-09-29 06:16:28,2,13,1,1,3,18,78.0,307.66624037498235
2026-09-29 06:16:40,15,15,16,0,2,33,88.0,398.3197261662222
2026-09-29 06:16:53,9,12,7,2,0,21,69.0,282.2819292817238
2026-09-29 06:17:04,6,7,3,0,1,11,37.0,128.941546042156
2026-09-29 06:17:17,20,18,23,0,1,42,101.0,480.8812116850498
2026-09-29 06:17:29,11,13,10,1,2,26,81.0,347.96278614635065
2026-09-29 06:17:41,14,11,16,0,1,28,66.0,288.2415247791073
2026-09-29 06:17:53,14,9,13,1,1,24,62.0,261.57030114182845
2026-09-29 06:18:05,4,10,4,0,0,14,44.0,163.15420884849723
2026-09-29 06:18:17,10,8,23,1,0,32,62.0,278.78346881092176
2026-09-29 06:18:29,16,10,10,2,2,24,76.0,320.6345626899833
2026-09-29 06:18:42,21,8,26,1,2,37,77.0,357.0941342989317
2026-09-29 06:18:54,16,8,12,4,4,28,96.0,419.26039967870156
2026-09-29 06:19:06,8,8,11,4,2,25,83.0,353.42201265578296
2026-09-29 06:19:18,17,12,20,2,3,37,100.0,463.75861597263855
2026-09-29 06:19:30,14,10,11,0,2,23,63.0,263.21739131192055
2026-09-29 06:19:42,8,12,7,4,4,27,107.0,463.54588258874685
2026-09-29 06:19:54,21,7,26,1,1,35,67.0,307.09576887655936
2026-09-29 06:20:06,12,8,9,2,0,19,55.0,219.7652750454695
2026-09-29 06:20:18,18,4,29,1,2,36,64.0,295.09874640923033
2026-09-29 06:20:31,26,11,24,0,3,38,86.0,401.0663015671496
2026-09-29 06:20:43,10,15,17,2,2,36,103.0,474.92454500235505
2026-09-29 06:20:55,13,22,14,2,2,40,128.0,603.3372245381514
2026-09-29 06:21:07,8,10,6,2,3,21,78.0,319.10131136194866
2026-09-29 06:21:19,7,12,0,1,3,16,73.0,279.8245741161038
2026-09-29 06:21:33,7,12,4,5,2,23,99.0,413.6273292044466
2026-09-29 06:21:45,7,6,2,2,3,13,58.0,211.06532511768498
2026-09-29 06:21:57,18,2,22,0,2,26,42.0,180.4251483721818
2026-09-29 06:22:09,16,14,18,2,1,35,94.0,430.8507802148743
2026-09-29 06:22:21,7,17,11,1,2,31,98.0,437.64211847437326
2026-09-29 06:22:33,10,18,11,2,2,33,109.0,493.3732971831616
2026-09-29 06:22:45,6,11,7,4,2,24,91.0,383.9177000630063
2026-09-29 06:22:58,13,9,5,0,0,14,41.0,152.03005824519062
2026-09-29 06:23:10,15,11,17,1,2,31,80.0,357.2588722239782
2026-09-29 06:23:22,8,17,10,0,2,29,90.0,396.10776434959405
2026-09-29 06:23:34,9,11,1,0,1,13,51.0,185.59192381037818
2026-09-29 06:23:46,22,3,24,4,1,32,70.0,314.7555293026536
2026-09-29 06:23:58,16,15,13,5,1,34,114.0,519.3096790097931
2026-09-29 06:24:11,9,18,8,2,2,30,106.0,470.00264367542553
2026-09-29 06:24:22,4,18,1,1,3,23,98.0,409.44927537409865
2026-09-29 06:24:34,9,11,3,0,1,15,53.0,199.9472022787084
2026-09-29 06:24:47,10,10,4,1,1,16,57.0,218.49316061120433
2026-09-29 06:24:59,9,5,8,0,0,13,28.0,101.89360522922723
2026-09-29 06:25:11,15,4,9,0,0,13,25.0,90.97643324038145
2026-09-29 06:25:23,21,13,17,0,2,32,81.0,364.2171124787849
2026-09-29 06:25:35,11,18,5,3,2,28,110.0,480.40254129851223
2026-09-29 06:25:47,17,20,10,2,0,32,104.0,467.6367863925139
2026-09-29 06:25:59,8,9,5,0,1,15,47.0,177.31166994526973
2026-09-29 06:26:12,10,14,10,0,0,24,66.0,278.4458044413013
2026-09-29 06:26:23,11,11,15,2,0,28,73.0,318.81259558901263
2026-09-29 06:26:35,10,12,2,1,1,16,63.0,241.49244067554162
2026-09-29 06:26:48,17,11,33,0,1,45,83.0,400.7772359085949
2026-09-29 06:27:00,10,16,9,0,4,29,97.0,426.9161460212291
2026-09-29 06:27:12,10,20,7,0,2,29,99.0,435.71854078455345
2026-09-29 06:27:24,12,20,16,0,0,36,96.0,442.6481196138455
2026-09-29 06:27:36,22,10,22,4,3,39,108.0,506.39898104430506
2026-09-29 06:27:48,7,13,2,0,1,16,60.0,229.99280064337296
2026-09-29 06:28:01,13,5,21,2,0,28,55.0,240.20127064925612
2026-09-29 06:28:14,9,13,1,0,2,16,65.0,249.15886736365405
2026-09-29 06:28:25,4,15,2,1,2,20,81.0,327.6063174555972
2026-09-29 06:28:37,14,2,20,1,0,23,35.0,146.2318840621781
2026-09-29 06:28:49,14,14,23,2,2,41,105.0,497.45530991975363
2026-09-29 06:29:01,4,11,2,10,1,24,122.0,514.7028506339205
2026-09-29 06:29:14,16,12,18,0,2,32,78.0,350.72758979438544
2026-09-29 06:29:25,20,16,17,2,2,37,107.0,496.22171909072324
2026-09-29 06:29:37,6,13,1,1,3,18,78.0,307.66624037498235
2026-09-29 06:29:50,14,8,16,1,1,26,61.0,262.0460488262641
2026-09-29 06:30:02,8,14,10,5,0,29,101.0,444.52093554787774
2026-09-29 06:30:14,6,8,3,1,1,13,48.0,174.6747518215324
2026-09-29 06:30:26,22,7,25,2,1,35,73.0,334.596882507296
2026-09-29 06:30:42,7,18,5,3,2,28,110.0,480.40254129851223
2026-09-29 06:30:50,10,16,13,0,1,30,83.0,368.0209379722671
2026-09-29 06:31:02,14,15,13,1,6,35,116.0,531.6881968609088
2026-09-29 06:31:14,4,11,0,0,1,12,50.0,178.24746787307683
2026-09-29 06:31:26,12,10,15,6,2,33,109.0,493.3732971831616
2026-09-29 06:31:38,8,9,2,5,2,18,85.0,335.2773132291474
2026-09-29 06:31:51,4,13,0,0,1,14,58.0,215.06691166392818
2026-09-29 06:32:03,20,11,26,1,1,39,83.0,389.1769946914567
2026-09-29 06:32:15,18,23,17,1,1,42,122.0,580.8664141146146
2026-09-29 06:32:27,11,18,8,3,0,29,101.0,444.52093554787774
2026-09-29 06:32:39,10,21,7,1,0,29,98.0,431.31734340289125
2026-09-29 06:32:51,6,16,2,0,1,19,72.0,287.69272369588737
2026-09-29 06:33:03,12,17,4,1,2,24,91.0,383.9177000630063
2026-09-29 06:33:16,17,12,10,1,1,24,71.0,299.5401835656423
2026-09-29 06:33:28,7,11,3,1,2,17,66.0,256.76453602114685
2026-09-29 06:33:40,7,10,9,2,0,21,63.0,257.7356745615739
2026-09-29 06:33:52,9,15,19,2,0,36,93.0,428.81536587591285
2026-09-29 06:34:04,17,17,5,5,1,28,114.0,497.8717246184581
2026-09-29 06:34:16,8,7,8,5,0,20,71.0,287.161093078363
2026-09-29 06:34:28,7,14,9,3,2,28,98.0,427.9949913386745
2026-09-29 06:34:40,13,17,16,1,2,36,103.0,474.92454500235505
2026-09-29 06:34:53,4,21,3,1,2,27,106.0,459.21367807857166
2026-09-29 06:35:05,1,9,1,1,1,12,50.0,178.24746787307683
2026-09-29 06:35:17,4,5,4,4,4,17,76.0,295.6682536001085
2026-09-29 06:35:29,13,9,9,7,4,29,118.0,519.3412910361344
2026-09-29 06:35:41,6,10,8,5,4,27,107.0,463.54588258874685
2026-09-29 06:35:55,12,13,12,1,0,26,71.0,305.0044174863074
2026-09-29 06:36:07,24,8,20,2,0,30,66.0,292.64315549601963
2026-09-29 06:36:19,14,16,13,1,2,32,96.0,431.66472590078206
2026-09-29 06:36:31,16,15,15,0,1,31,81.0,361.72460812677787
2026-09-29 06:36:43,14,19,13,0,3,35,107.0,490.4365264148038
2026-09-29 06:36:55,2,12,0,0,0,12,48.0,171.11756915815377
2026-09-29 06:37:07,4,11,4,1,4,20,79.0,319.5172725801504
2026-09-29 06:37:19,15,11,9,3,3,26,92.0,395.2169916723983
2026-09-29 06:37:32,12,13,11,3,3,30,102.0,452.26669485748494
2026-09-29 06:37:44,6,16,3,1,2,22,86.0,355.65250256990686
2026-09-29 06:37:56,21,9,24,0,4,37,84.0,389.5572374170164
2026-09-29 06:38:08,23,15,20,0,3,38,98.0,457.02904132070535
2026-09-29 06:38:20,8,14,8,5,1,28,105.0,458.5660621485798
2026-09-29 06:38:32,17,16,13,3,3,35,116.0,531.6881968609088
2026-09-29 06:38:44,5,12,4,1,1,18,65.0,256.3885336458186
2026-09-29 06:38:56,6,14,3,0,0,17,59.0,229.53193371587372
2026-09-29 06:39:08,13,8,14,1,4,27,77.0,333.57974728349075
2026-09-29 06:39:21,7,13,6,1,1,21,71.0,290.46401418844044
2026-09-29 06:39:33,18,11,17,2,3,33,93.0,420.95152878930304
2026-09-29 06:39:46,5,15,5,2,2,24,91.0,383.9177000630063
2026-09-29 06:39:57,11,11,13,0,0,24,57.0,240.47592201748745
2026-09-29 06:40:09,18,9,15,1,0,25,58.0,246.96959920524594
2026-09-29 06:40:21,4,9,3,1,1,14,52.0,192.81861045731492
2026-09-29 06:40:33,8,14,7,3,1,25,90.0,383.2286884219333
2026-09-29 06:40:46,25,11,19,1,2,33,82.0,371.16156301852527
2026-09-29 06:40:58,15,17,13,1,3,34,106.0,482.86689451787777
2026-09-29 06:41:10,13,13,35,2,3,53,119.0,593.6891015411487
2026-09-29 06:41:22,10,23,12,1,2,38,123.0,573.6180824739465
2026-09-29 06:41:34,13,21,14,0,0,35,98.0,449.1848559686988
2026-09-29 06:41:46,13,16,16,1,2,35,99.0,453.7683749071549
2026-09-29 06:41:58,20,19,23,0,3,45,117.0,564.9510433892241
2026-09-29 06:42:10,10,19,9,0,4,32,109.0,490.1193241998463
2026-09-29 06:42:22,0,10,0,0,1,11,46.0,160.30570589024802
2026-09-29 06:42:35,12,16,6,1,0,23,77.0,321.7101449367918
2026-09-29 06:42:47,13,5,14,4,1,24,68.0,286.8835560910377
2026-09-29 06:43:00,15,12,13,1,2,28,80.0,349.38366639891797
2026-09-29 06:43:11,19,13,20,6,0,39,114.0,534.5322577689886
2026-09-29 06:43:23,10,20,7,3,1,31,114.0,509.09389291916887
2026-09-29 06:43:35,13,25,14,0,0,39,114.0,534.5322577689886
2026-09-29 06:43:47,15,13,13,2,1,29,85.0,374.1017774412833
2026-09-29 06:44:01,19,14,17,0,0,31,73.0,325.9987209043801
2026-09-29 06:44:13,7,11,3,2,0,16,61.0,233.82601398742918
2026-09-29 06:44:25,12,9,19,0,0,28,55.0,240.20127064925612
2026-09-29 06:44:37,10,9,2,3,1,15,65.0,245.21826694558578
2026-09-29 06:44:49,8,17,7,0,0,24,75.0,316.41568686511505
2026-09-29 06:45:03,15,15,4,1,2,22,83.0,343.24601992211944
2026-09-29 06:45:16,23,7,18,0,2,27,58.0,251.26786159016186
2026-09-29 06:45:28,17,17,9,2,3,31,109.0,486.76521340517024
2026-09-29 06:45:39,11,14,11,2,2,29,93.0,409.3113564945805
2026-09-29 06:45:51,13,10,14,0,0,24,54.0,227.81929454288286
2026-09-29 06:46:03,19,9,32,2,2,45,94.0,453.8922912699749
2026-09-29 06:46:15,13,16,4,0,0,20,68.0,275.02752576519276
2026-09-29 06:46:28,10,14,1,2,0,17,71.0,276.21639481062766
2026-09-29 06:46:40,9,18,12,3,0,33,105.0,475.267855084697
2026-09-29 06:46:52,3,18,3,1,0,22,82.0,339.1105257061903
2026-09-29 06:47:04,13,10,18,2,1,31,78.0,348.3274004183787
2026-09-29 06:47:16,20,16,22,0,3,41,104.0,492.7176403014703
2026-09-29 06:47:29,17,18,16,1,0,35,95.0,435.4342991533304
2026-09-29 06:47:40,10,17,10,1,1,29,91.0,400.5089617312562
2026-09-29 06:47:56,19,12,23,0,0,35,71.0,325.4298446303838
2026-09-29 06:48:07,5,17,2,3,2,24,103.0,434.5442099614247
2026-09-29 06:48:18,6,25,3,1,0,29,110.0,484.13171198283715
2026-09-29 06:48:30,10,10,15,4,1,30,89.0,394.62486119917804
2026-09-29 06:48:42,9,13,12,3,2,30,97.0,430.0967588350592
2026-09-29 06:48:59,2,16,0,2,4,22,102.0,421.82041002477325
2026-09-29 06:49:07,17,12,30,1,1,44,91.0,437.4062865690991
2026-09-29 06:49:19,11,11,23,1,1,36,80.0,368.87343301153794
2026-09-29 06:49:32,21,14,13,2,3,32,101.0,454.14726370811445
2026-09-29 06:49:43,13,23,11,0,0,34,103.0,469.20085033340956
2026-09-29 06:50:00,15,14,9,2,0,25,79.0,336.38962650369706
2026-09-29 06:50:08,15,14,9,0,0,23,65.0,271.57349897261645
2026-09-29 06:50:19,10,12,7,2,0,21,69.0,282.2819292817238
2026-09-29 06:50:32,18,14,22,1,3,40,103.0,485.49792287054373
2026-09-29 06:50:46,11,11,9,2,0,22,67.0,277.07811246725305
2026-09-29 06:50:59,10,15,3,2,2,22,89.0,368.0589852176943
2026-09-29 06:51:08,16,6,12,1,0,19,43.0,171.8164877628216
2026-09-29 06:51:20,15,1,32,0,1,34,42.0,191.32461858255536
2026-09-29 06:51:32,15,15,11,0,2,28,83.0,362.4855538888774
2026-09-29 06:51:45,13,17,15,0,1,33,89.0,402.8460866908384
2026-09-29 06:51:57,18,13,21,0,1,35,79.0,362.09799613803267
2026-09-29 06:52:09,13,11,12,0,1,24,62.0,261.57030114182845
2026-09-29 06:52:21,15,9,17,1,2,29,72.0,316.88621147967524
2026-09-29 06:52:33,14,10,5,0,1,16,51.0,195.49388054686702
2026-09-29 06:52:45,13,6,15,1,0,22,46.0,190.23273393274087
2026-09-29 06:52:57,16,11,15,1,2,29,78.0,343.29339576964816
2026-09-29 06:53:09,4,11,13,0,0,24,57.0,240.47592201748745
2026-09-29 06:53:22,14,10,22,1,1,34,75.0,341.651104611706
2026-09-29 06:53:34,11,20,11,0,2,33,103.0,466.21513403546464
2026-09-29 06:53:46,5,12,10,0,0,22,58.0,239.8586645238907
2026-09-29 06:53:58,15,11,15,0,0,26,59.0,253.45437509425543
2026-09-29 06:54:10,22,11,15,0,0,26,59.0,253.45437509425543
2026-09-29 06:54:22,10,11,4,0,0,15,48.0,181.0842586675095
2026-09-29 06:54:34,8,17,4,0,1,22,78.0,322.56854884247366
2026-09-29 06:54:46,19,8,19,2,2,31,77.0,343.861664515579
2026-09-29 06:54:58,12,10,10,5,4,29,109.0,479.730514601175
2026-09-29 06:55:11,7,12,8,3,1,24,83.0,350.1666934640607
2026-09-29 06:55:23,14,16,18,0,3,37,100.0,463.75861597263855
2026-09-29 06:55:35,14,19,15,1,1,36,104.0,479.5354629149993
2026-09-29 06:55:47,10,21,12,0,0,33,96.0,434.5306103631515
2026-09-29 06:55:59,15,11,16,1,1,29,73.0,321.2874088613374
2026-09-29 06:56:11,20,17,16,0,0,33,84.0,380.21428406775755
2026-09-29 06:56:23,21,14,13,1,0,28,76.0,331.91448307897207
2026-09-29 06:56:35,3,10,1,4,3,18,87.0,343.1661911874803
2026-09-29 06:56:48,14,11,6,4,2,23,90.0,376.02484473131506
2026-09-29 06:57:00,13,11,11,3,1,26,82.0,352.258623012355
2026-09-29 06:57:12,9,19,11,4,0,34,115.0,523.8650270712825
2026-09-29 06:57:24,11,14,5,5,2,26,108.0,463.9503815284676
2026-09-29 06:57:36,19,8,20,5,3,36,105.0,484.1463808276435
2026-09-29 06:57:48,16,21,15,0,0,36,99.0,456.48087335177814
2026-09-29 06:58:00,20,20,14,2,1,37,114.0,528.684822208808
2026-09-29 06:58:12,11,24,13,1,3,41,134.0,634.8477288499713
2026-09-29 06:58:25,11,21,4,0,1,26,94.0,403.80866540440695
2026-09-29 06:58:38,8,11,7,1,5,24,88.0,371.2610725884017
2026-09-29 06:58:50,4,10,3,0,2,15,55.0,207.49237972318795
2026-09-29 06:59:02,12,9,12,0,0,21,48.0,196.37003776119917
2026-09-29 06:59:15,14,18,11,3,3,35,122.0,559.1893104916454
2026-09-29 06:59:27,3,21,5,1,0,27,96.0,415.8916329768196
2026-09-29 06:59:39,17,14,22,3,0,39,99.0,464.19906595727963
2026-09-29 06:59:51,17,18,19,0,1,38,97.0,452.3654796745757
2026-09-29 07:00:03,9,11,7,0,0,18,51.0,201.16638793748845
2026-09-29 07:00:15,11,7,8,0,0,15,36.0,135.8131940006321
2026-09-29 07:00:27,19,5,13,1,1,20,46.0,186.04803213527742
2026-09-29 07:00:39,13,16,11,0,1,28,81.0,353.7509622289044
2026-09-29 07:00:53,12,16,2,0,1,19,72.0,287.69272369588737
2026-09-29 07:01:05,16,14,18,0,0,32,74.0,332.7415595485195
2026-09-29 07:01:17,14,17,15,3,0,35,104.0,476.68596959943545
2026-09-29 07:01:29,1,23,0,1,2,26,111.0,476.83789212648054
2026-09-29 07:01:42,7,19,23,0,3,45,117.0,564.9510433892241
2026-09-29 07:01:54,14,10,10,3,0,23,71.0,296.64182195470414
2026-09-29 07:02:06,18,19,17,1,2,39,112.0,525.1544988607608
2026-09-29 07:02:18,23,21,17,0,1,39,107.0,501.71010159019113
2026-09-29 07:02:30,7,17,11,1,1,30,92.0,407.9268228126335
2026-09-29 07:02:42,12,18,6,0,3,27,96.0,415.8916329768196
2026-09-29 07:02:54,8,17,5,1,1,24,86.0,362.8233209386653
2026-09-29 07:03:06,0,8,0,0,0,8,32.0,102.31118647475903
2026-09-29 07:03:18,10,10,8,1,0,19,55.0,219.7652750454695
2026-09-29 07:03:31,20,20,14,0,0,34,94.0,428.20271778000483
2026-09-29 07:03:43,6,22,5,0,2,29,105.0,462.1257250745264
2026-09-29 07:03:55,18,12,18,0,0,30,66.0,292.64315549601963
2026-09-29 07:04:07,20,8,21,2,1,32,73.0,328.24505198705305
2026-09-29 07:04:19,17,17,17,0,2,36,97.0,447.2590375264897
2026-09-29 07:04:31,9,22,5,0,0,27,93.0,402.895019446294
2026-09-29 07:04:43,12,14,15,1,2,32,90.0,404.68568053198317
2026-09-29 07:04:55,13,17,7,1,1,26,88.0,378.03364420838096
2026-09-29 07:05:08,14,11,12,0,1,24,62.0,261.57030114182845
2026-09-29 07:05:20,4,11,3,2,0,16,61.0,233.82601398742918
2026-09-29 07:05:32,7,12,0,2,1,15,68.0,256.5360331123051
2026-09-29 07:05:44,14,15,8,6,0,29,110.0,484.13171198283715
2026-09-29 07:05:56,19,17,15,2,3,37,115.0,533.3224083685343
2026-09-29 07:06:08,10,18,5,3,1,27,104.0,450.5492690582212
2026-09-29 07:06:20,9,14,3,1,3,21,84.0,343.64756608209854
2026-09-29 07:06:32,12,13,16,1,3,33,93.0,420.95152878930304
2026-09-29 07:06:45,14,21,11,7,2,41,156.0,739.0764604522054
2026-09-29 07:06:57,17,25,18,0,1,44,124.0,596.0261487315196
2026-09-29 07:07:09,13,11,19,0,1,31,69.0,308.13577729318115
2026-09-29 07:07:21,13,14,16,0,0,30,72.0,319.24707872293055
2026-09-29 07:07:33,11,15,6,0,2,23,78.0,325.8881987671397
2026-09-29 07:07:45,3,13,1,0,1,15,59.0,222.58273461214708
2026-09-29 07:07:58,10,12,8,0,0,20,56.0,226.49325651251166
2026-09-29 07:08:10,17,8,10,4,3,25,88.0,374.7124953458904
2026-09-29 07:08:22,10,24,11,0,3,38,125.0,582.9452057662057
2026-09-29 07:08:34,4,23,0,0,1,24,98.0,413.4498308370837
2026-09-29 07:08:46,17,21,23,1,2,47,126.0,613.7713273743942
2026-09-29 07:08:58,14,18,14,0,4,36,110.0,507.20097039086465
2026-09-29 07:09:10,18,22,7,0,3,32,113.0,508.10535444571224
2026-09-29 07:09:22,13,20,13,0,1,34,99.0,450.9794580874519
2026-09-29 07:09:34,9,21,9,0,1,31,99.0,442.107854377173
2026-09-29 07:09:46,15,20,15,0,2,37,107.0,496.22171909072324
2026-09-29 07:10:00,5,14,6,0,2,22,74.0,306.0265719787571
2026-09-29 07:10:12,14,13,7,1,0,21,66.0,270.00880192164885
2026-09-29 07:10:24,10,12,4,1,2,19,71.0,283.6969914223333
2026-09-29 07:10:36,6,11,11,0,0,22,55.0,227.45218187610323
2026-09-29 07:10:49,8,8,7,1,0,16,46.0,176.32781382658595
2026-09-29 07:11:01,16,13,17,1,2,33,88.0,398.3197261662222
2026-09-29 07:11:13,18,21,7,1,4,33,122.0,552.2159840031717
2026-09-29 07:11:25,16,15,9,4,0,28,97.0,423.627695508688
2026-09-29 07:11:37,9,25,4,2,1,32,124.0,557.5669376218435
2026-09-29 07:11:49,19,16,11,0,1,28,81.0,353.7509622289044
2026-09-29 07:12:01,13,12,7,1,2,22,74.0,306.0265719787571
2026-09-29 07:12:13,1,10,0,1,4,15,71.0,267.8537992790245
2026-09-29 07:12:25,10,10,9,1,1,21,62.0,253.6446321082156
2026-09-29 07:12:38,13,12,7,3,2,24,88.0,371.2610725884017
2026-09-29 07:12:50,16,18,10,1,0,29,89.0,391.70656696793185
2026-09-29 07:13:02,13,15,6,1,2,24,85.0,358.6044451137971
2026-09-29 07:13:14,16,16,21,1,5,43,122.0,583.6711353380279
2026-09-29 07:13:26,12,17,15,0,1,33,89.0,402.8460866908384
2026-09-29 07:13:38,1,20,1,2,2,25,107.0,455.61632956829857
2026-09-29 07:13:50,10,18,7,0,2,27,91.0,394.2306104259436
2026-09-29 07:14:03,11,29,6,2,4,41,160.0,758.0271389253389
2026-09-29 07:14:15,16,20,6,0,2,28,98.0,427.9949913386745
2026-09-29 07:14:27,17,26,7,1,1,35,124.0,568.3563483685576
2026-09-29 07:14:39,3,19,2,0,0,21,78.0,319.10131136194866
2026-09-29 07:14:51,6,14,2,0,2,18,70.0,276.1107285416508
2026-09-29 07:15:03,13,13,12,3,1,29,91.0,400.5089617312562
2026-09-29 07:15:16,20,12,10,1,5,28,95.0,414.8931038487151
2026-09-29 07:15:27,5,11,8,2,1,22,72.0,297.7555835468988
2026-09-29 07:15:39,16,9,22,3,2,36,91.0,419.5935300506244
2026-09-29 07:15:52,17,17,16,0,2,35,96.0,440.0178180917866
2026-09-29 07:16:04,14,24,7,1,3,35,128.0,586.6904241223821
2026-09-29 07:16:16,10,26,11,0,2,39,127.0,595.4876906724699
2026-09-29 07:16:28,10,26,9,0,1,36,119.0,548.6992316046626
2026-09-29 07:16:40,12,19,9,0,4,32,109.0,490.1193241998463
2026-09-29 07:16:52,12,26,3,3,2,34,140.0,637.7487286085178
2026-09-29 07:17:04,11,14,6,1,1,22,75.0,310.16206619468625
2026-09-29 07:17:16,4,8,1,0,0,9,33.0,108.98530806880352
2026-09-29 07:17:30,11,9,4,3,0,16,61.0,233.82601398742918
2026-09-29 07:17:42,15,19,11,1,1,32,100.0,449.65075614664795
2026-09-29 07:17:54,2,10,1,0,0,11,41.0,142.881172641308
2026-09-29 07:18:06,16,16,10,0,1,27,80.0,346.5763608140163
2026-09-29 07:18:19,21,15,7,1,1,24,80.0,337.51006598945605
2026-09-29 07:18:31,14,22,14,0,0,36,102.0,470.31362708971085
2026-09-29 07:18:44,16,25,7,0,0,32,107.0,481.12630907691334
2026-09-29 07:18:56,12,27,7,0,2,36,127.0,585.5865749058164
2026-09-29 07:19:07,16,18,9,5,2,34,128.0,583.0845518706449
2026-09-29 07:19:19,15,16,9,0,0,25,73.0,310.84104727556814
2026-09-29 07:19:31,13,18,10,1,0,29,89.0,391.70656696793185
2026-09-29 07:19:43,1,13,0,1,0,14,59.0,218.7749618650304
2026-09-29 07:19:56,16,7,10,0,0,17,38.0,147.83412680005426
2026-09-29 07:20:08,11,12,6,1,0,19,61.0,243.73966868679344
2026-09-29 07:20:20,4,23,1,3,0,27,114.0,493.8713141599733
2026-09-29 07:20:32,7,13,2,3,0,18,75.0,295.83292343748303
2026-09-29 07:20:44,9,14,13,1,0,28,76.0,331.91448307897207
2026-09-29 07:20:56,22,28,8,3,0,39,141.0,661.132003030065
2026-09-29 07:21:08,19,24,13,1,3,41,134.0,634.8477288499713
2026-09-29 07:21:20,13,18,13,0,1,32,91.0,409.18218809344967
2026-09-29 07:21:33,15,25,6,1,2,34,125.0,569.4185076861767
2026-09-29 07:21:45,21,21,11,0,1,33,101.0,457.1624129862323
2026-09-29 07:21:58,13,15,8,0,0,23,68.0,284.1076604636603
2026-09-29 07:22:09,6,11,0,0,1,12,50.0,178.24746787307683
2026-09-29 07:22:21,6,13,2,0,0,15,54.0,203.7197910009482
2026-09-29 07:22:33,13,12,12,1,1,26,73.0,313.596091218316
2026-09-29 07:22:45,15,13,4,3,2,22,89.0,368.0589852176943
2026-09-29 07:22:57,14,16,6,2,3,27,102.0,441.88486003787085
2026-09-29 07:23:10,3,16,2,3,3,24,105.0,442.9819616111611
2026-09-29 07:23:22,17,8,23,4,4,39,107.0,501.71010159019113
2026-09-29 07:23:34,13,14,15,0,1,30,77.0,341.41701474535625
2026-09-29 07:23:46,10,23,9,0,0,32,101.0,454.14726370811445
2026-09-29 07:23:58,19,16,16,1,4,37,111.0,514.7720637296288
2026-09-29 07:24:10,16,18,15,0,2,35,99.0,453.7683749071549
2026-09-29 07:24:23,13,22,6,2,3,33,126.0,570.3214261016363
2026-09-29 07:24:35,16,19,10,2,3,34,118.0,537.5310712557507
2026-09-29 07:24:47,13,13,7,0,3,23,77.0,321.7101449367918
2026-09-29 07:25:01,3,16,3,0,1,20,73.0,295.2501379538098
2026-09-29 07:25:14,7,12,2,0,2,16,62.0,237.6592273314854
2026-09-29 07:25:26,12,17,14,2,0,33,96.0,434.5306103631515
2026-09-29 07:25:38,6,18,8,1,2,29,99.0,435.71854078455345
2026-09-29 07:25:51,20,13,21,0,0,34,73.0,332.54040848872717
2026-09-29 07:26:03,15,22,9,0,1,32,103.0,463.1402788310474
2026-09-29 07:26:15,10,34,4,0,1,39,146.0,684.5764003006346
2026-09-29 07:26:28,24,19,18,0,2,39,106.0,497.0212221360772
2026-09-29 07:26:41,19,20,13,0,0,33,93.0,420.95152878930304
2026-09-29 07:26:53,21,22,22,0,0,44,110.0,528.7328738747351
2026-09-29 07:27:05,27,13,21,0,0,34,73.0,332.54040848872717
2026-09-29 07:27:18,15,13,6,1,0,20,65.0,262.89395845202245
2026-09-29 07:27:31,7,12,0,0,0,12,48.0,171.11756915815377
2026-09-29 07:27:43,14,7,11,2,1,21,59.0,241.37150474814064
2026-09-29 07:27:55,16,9,8,5,0,22,79.0,326.7040430584028
2026-09-29 07:28:07,5,12,11,1,0,24,66.0,278.4458044413013
2026-09-29 07:28:19,14,5,16,1,1,23,49.0,204.72463768704932
2026-09-29 07:28:31,25,14,19,0,0,33,75.0,339.4770393462121
2026-09-29 07:28:43,6,17,2,0,1,20,76.0,307.3837052669801
2026-09-29 07:28:56,12,17,6,2,0,25,88.0,374.7124953458904
2026-09-29 07:29:08,25,9,8,1,1,19,57.0,227.75673959257747
2026-09-29 07:29:20,23,12,26,1,2,41,93.0,440.6032745003532
2026-09-29 07:29:32,19,27,9,3,2,41,150.0,710.6504427425052
2026-09-29 07:29:44,19,24,7,1,2,34,122.0,555.7524635017083
2026-09-29 07:29:56,13,19,2,0,2,23,90.0,376.02484473131506
2026-09-29 07:30:12,14,19,9,1,0,29,92.0,404.91015911291834
2026-09-29 07:30:20,18,17,9,2,3,31,109.0,486.76521340517024
2026-09-29 07:30:33,8,18,5,0,2,25,89.0,378.9705918839119
2026-09-29 07:30:45,19,17,25,0,0,42,93.0,442.7916107595013
2026-09-29 07:30:57,14,23,12,0,0,35,104.0,476.68596959943545
2026-09-29 07:31:09,15,20,16,1,0,37,103.0,477.6713744518177
2026-09-29 07:31:21,16,23,19,0,1,43,117.0,559.7501871684366
2026-09-29 07:31:33,21,20,16,1,2,39,115.0,539.2211372231026
2026-09-29 07:31:45,20,24,8,0,0,32,104.0,467.6367863925139
2026-09-29 07:31:57,18,15,18,0,0,33,78.0,353.0561209200606
2026-09-29 07:32:10,6,20,2,0,1,23,88.0,367.66873707061916
2026-09-29 07:32:22,0,11,0,0,0,11,44.0,153.33589259067202
2026-09-29 07:32:34,15,12,4,2,0,18,66.0,260.3329726249851
2026-09-29 07:32:46,12,12,13,1,0,26,68.0,292.11690688829435
2026-09-29 07:32:58,13,19,16,2,2,39,118.0,553.2877755854445
2026-09-29 07:33:10,20,13,26,2,3,44,110.0,528.7328738747351
2026-09-29 07:33:23,17,17,14,3,2,36,115.0,530.2555599540857
2026-09-29 07:33:34,14,19,6,0,1,26,88.0,378.03364420838096
2026-09-29 07:33:46,11,26,16,0,1,43,126.0,602.8078938737009
2026-09-29 07:33:58,24,18,23,0,0,41,95.0,450.07861373692
2026-09-29 07:34:11,14,18,10,1,0,29,89.0,391.70656696793185
2026-09-29 07:34:23,14,21,7,0,1,29,97.0,426.9161460212291
2026-09-29 07:34:35,11,21,10,3,2,36,127.0,585.5865749058164
2026-09-29 07:34:47,21,23,13,0,1,37,111.0,514.7720637296288
2026-09-29 07:35:00,4,18,2,0,0,20,74.0,299.2946603915333
2026-09-29 07:35:11,14,19,12,1,1,33,101.0,457.1624129862323
2026-09-29 07:35:24,12,19,2,4,0,25,106.0,451.35823303027706
2026-09-29 07:35:36,15,17,11,1,1,30,92.0,407.9268228126335
2026-09-29 07:35:48,10,16,8,1,1,26,85.0,365.146133610368
2026-09-29 07:36:00,13,23,3,6,2,34,149.0,678.7468611619225
2026-09-29 07:36:12,7,25,2,0,0,27,102.0,441.88486003787085
2026-09-29 07:36:24,6,26,1,0,0,27,105.0,454.8814735683965
2026-09-29 07:36:37,9,23,0,0,1,24,98.0,413.4498308370837
2026-09-29 07:36:48,9,24,2,0,0,26,98.0,420.99201286842424
2026-09-29 07:37:01,6,22,1,0,1,24,95.0,400.7932033624791
2026-09-29 07:37:13,6,25,0,0,1,26,106.0,455.3587077964589
2026-09-29 07:37:25,7,26,1,0,0,27,105.0,454.8814735683965
2026-09-29 07:37:37,8,21,0,1,2,24,103.0,434.5442099614247
2026-09-29 07:37:49,7,23,2,0,4,29,118.0,519.3412910361344
2026-09-29 07:38:01,12,24,2,1,1,28,111.0,484.7698371284987
2026-09-29 07:38:13,13,22,4,1,2,29,111.0,488.5329093644993
2026-09-29 07:38:25,8,26,2,2,2,32,132.0,593.5389981135753
2026-09-29 07:38:39,7,24,4,1,2,31,119.0,531.4225724331675
2026-09-29 07:38:52,21,22,10,2,3,37,130.0,602.8862007644301
2026-09-29 07:39:04,15,19,10,3,4,36,131.0,604.0302465563933
2026-09-29 07:39:20,11,24,7,2,2,35,129.0,591.2739430608382
2026-09-29 07:39:32,14,31,8,2,3,44,164.0,788.2926483223324
2026-09-29 07:39:44,13,31,5,2,3,41,161.0,762.7648085436223
2026-09-29 07:39:57,12,34,2,0,1,37,144.0,667.8124070005995
2026-09-29 07:40:09,15,33,3,1,3,40,160.0,754.1715306726893
2026-09-29 07:40:21,13,32,4,0,0,36,132.0,608.6411644690376
2026-09-29 07:40:33,11,30,7,0,1,38,133.0,620.2536989352429
2026-09-29 07:40:45,8,24,3,0,1,28,105.0,458.5660621485798
2026-09-29 07:40:57,18,29,6,2,2,39,148.0,693.9541592088625
2026-09-29 07:41:09,18,27,12,1,0,40,127.0,598.6236524714471
2026-09-29 07:41:22,19,24,18,0,4,46,138.0,669.320369035988
2026-09-29 07:41:34,17,26,13,0,1,40,123.0,579.7693642046298
2026-09-29 07:41:46,13,33,1,0,1,35,139.0,637.1091324453993
2026-09-29 07:41:58,18,27,4,0,2,33,124.0,561.268705052404
2026-09-29 07:42:10,14,28,5,0,0,33,117.0,529.5841813800909
2026-09-29 07:42:22,16,30,9,0,1,40,135.0,636.3322290050816
2026-09-29 07:42:34,13,29,7,0,0,36,123.0,567.1429032552395
2026-09-29 07:42:46,9,33,5,0,1,39,143.0,670.5097619382929
2026-09-29 07:42:58,16,36,3,0,0,39,147.0,689.2652797547486
2026-09-29 07:43:11,6,33,2,0,0,35,134.0,614.1915377531187
2026-09-29 07:43:23,17,30,7,0,0,37,127.0,588.9734422852509
2026-09-29 07:43:35,15,19,6,1,1,27,95.0,411.5594284666444
2026-09-29 07:43:47,15,20,11,0,0,31,91.0,406.38196715477517
2026-09-29 07:44:00,18,18,24,1,1,44,109.0,523.9262113849649
2026-09-29 07:44:11,18,20,8,1,2,31,107.0,477.83374159957077
2026-09-29 07:44:23,22,23,11,1,0,35,110.0,504.1870832301721
2026-09-29 07:44:36,11,27,9,0,2,38,129.0,601.5994523507244
2026-09-29 07:44:48,10,20,8,1,2,31,107.0,477.83374159957077
2026-09-29 07:45:00,18,28,5,0,2,35,129.0,591.2739430608382
2026-09-29 07:45:13,14,29,4,0,4,37,144.0,667.8124070005995
2026-09-29 07:45:24,15,23,2,2,2,29,120.0,528.1436857994587
2026-09-29 07:45:36,17,33,8,0,1,42,146.0,695.13521689126
2026-09-29 07:45:48,18,28,10,0,1,39,128.0,600.1765701265838
2026-09-29 07:46:00,26,26,2,0,0,28,106.0,462.9333579785663
2026-09-29 07:46:13,11,21,0,0,0,21,84.0,343.64756608209854
2026-09-29 07:46:26,18,14,4,1,2,21,79.0,323.19235381530694
2026-09-29 07:46:38,15,12,11,11,0,34,136.0,619.5273363625602
2026-09-29 07:46:51,1,13,2,3,1,19,81.0,323.6543141578733
2026-09-29 07:47:04,22,15,18,1,3,37,103.0,477.6713744518177
2026-09-29 07:47:16,16,22,13,0,2,37,113.0,524.0472360490816
2026-09-29 07:47:29,24,22,17,0,0,39,105.0,492.33234268196327
2026-09-29 07:47:43,17,29,15,0,2,46,143.0,693.5711070445384
2026-09-29 07:47:55,9,23,6,1,1,31,111.0,495.6966852107697
2026-09-29 07:48:07,16,29,2,0,1,32,124.0,557.5669376218435
2026-09-29 07:48:19,19,17,12,1,0,30,87.0,385.7568867902077
2026-09-29 07:48:32,17,18,14,1,1,34,99.0,450.9794580874519
2026-09-29 07:48:44,21,16,13,1,1,31,90.0,401.91623125197543
2026-09-29 07:48:56,6,15,0,1,0,16,67.0,256.8252940517665
2026-09-29 07:49:08,15,13,3,4,0,20,83.0,335.69536233104407
2026-09-29 07:49:20,15,13,10,3,0,26,83.0,356.5544598783593
2026-09-29 07:49:32,9,16,10,1,0,27,81.0,350.90856532419156
2026-09-29 07:49:44,13,13,12,3,2,30,97.0,430.0967588350592
2026-09-29 07:49:57,15,16,17,0,1,34,87.0,396.3152813495789
2026-09-29 07:50:09,11,19,9,1,1,30,98.0,434.53074603954434
2026-09-29 07:50:21,19,28,11,3,1,43,150.0,717.6284450877392
2026-09-29 07:50:33,9,28,12,2,1,43,144.0,688.9233072842296
2026-09-29 07:50:45,20,22,9,4,5,40,155.0,730.6036703391677
2026-09-29 07:50:57,15,29,5,3,1,38,148.0,690.2071236271877
2026-09-29 07:51:09,14,25,4,2,1,32,124.0,557.5669376218435
2026-09-29 07:51:21,16,22,5,2,1,30,113.0,501.0405541068215
2026-09-29 07:51:34,15,24,5,3,0,32,122.0,548.5739224989105
2026-09-29 07:51:46,7,17,3,3,1,24,98.0,413.4498308370837
2026-09-29 07:51:58,9,11,5,2,1,19,69.0,275.70552687522536
2026-09-29 07:52:10,12,20,7,0,0,27,87.0,376.90179238524274
2026-09-29 07:52:22,16,16,16,5,2,39,127.0,595.4876906724699
2026-09-29 07:52:34,13,18,6,1,1,26,91.0,390.92115480639393
2026-09-29 07:52:46,9,18,9,0,0,27,81.0,350.90856532419156
2026-09-29 07:52:58,11,19,14,0,0,33,90.0,407.37244721545454
2026-09-29 07:53:11,20,21,14,0,1,36,104.0,479.5354629149993
2026-09-29 07:53:23,16,21,9,0,0,30,93.0,412.3608100171186
2026-09-29 07:53:35,20,21,3,0,3,27,105.0,454.8814735683965
2026-09-29 07:53:47,15,28,4,0,1,33,122.0,552.2159840031717
2026-09-29 07:53:59,12,26,3,1,1,31,120.0,535.8883083359673
2026-09-29 07:54:11,17,23,4,0,0,27,96.0,415.8916329768196
2026-09-29 07:54:23,14,26,8,0,2,36,124.0,571.7538211678838
2026-09-29 07:54:36,16,25,8,0,1,34,114.0,519.3096790097931
2026-09-29 07:54:48,10,21,1,0,2,24,97.0,409.2309550122155
2026-09-29 07:55:00,8,16,2,0,1,19,72.0,287.69272369588737
2026-09-29 07:55:12,9,17,17,2,4,40,123.0,579.7693642046298
2026-09-29 07:55:24,14,20,6,4,2,32,126.0,566.5599527447764
2026-09-29 07:55:36,7,20,11,5,1,37,132.0,612.161373083883
2026-09-29 07:55:48,18,16,13,4,2,35,117.0,536.2717157993649
2026-09-29 07:56:01,16,24,13,1,2,40,128.0,603.3372245381514
2026-09-29 07:56:13,21,23,13,0,0,36,105.0,484.1463808276435
2026-09-29 07:56:25,20,27,13,0,0,40,121.0,570.3422200712213
2026-09-29 07:56:37,14,31,10,0,3,44,152.0,730.6126984450885
2026-09-29 07:56:49,16,27,7,2,1,37,135.0,626.0741315630621
2026-09-29 07:57:01,9,29,3,1,1,34,132.0,601.3059441166025
2026-09-29 07:57:13,18,22,9,1,1,33,110.0,497.89965770777775
2026-09-29 07:57:27,18,17,7,3,0,27,96.0,415.8916329768196
2026-09-29 07:57:39,8,14,0,0,1,15,62.0,233.90050077886644
2026-09-29 07:57:51,14,12,14,2,1,29,82.0,360.8981852962968
2026-09-29 07:58:03,5,14,8,1,2,25,83.0,353.42201265578296
2026-09-29 07:58:15,11,17,6,4,0,27,102.0,441.88486003787085
2026-09-29 07:58:28,6,17,4,0,0,21,72.0,294.5550566417987
2026-09-29 07:58:40,13,17,16,0,0,33,84.0,380.21428406775755
2026-09-29 07:58:52,22,17,22,1,3,43,115.0,550.1818079006001
2026-09-29 07:59:04,18,18,13,0,1,32,91.0,409.18218809344967
2026-09-29 07:59:16,22,19,14,2,3,38,122.0,568.9545208278169
2026-09-29 07:59:28,13,26,5,0,2,33,121.0,547.6896234785555
2026-09-29 07:59:40,21,15,14,0,0,29,74.0,325.6886062429995
2026-09-29 07:59:52,15,19,11,0,3,33,105.0,475.267855084697
2026-09-29 08:00:04,22,13,13,0,2,28,77.0,336.28177890895853
2026-09-29 08:00:16,12,11,7,0,0,18,51.0,201.16638793748845
2026-09-29 08:00:29,2,6,1,0,0,7,25.0,76.9860385419959
2026-09-29 08:00:41,14,16,9,2,0,27,87.0,376.90179238524274
2026-09-29 08:00:53,13,16,11,2,1,30,95.0,421.2287844260889
2026-09-29 08:01:05,8,18,6,1,1,26,91.0,390.92115480639393
2026-09-29 08:01:17,20,22,10,0,1,33,104.0,470.7414945600808
2026-09-29 08:01:29,17,24,11,0,0,35,107.0,490.4365264148038
2026-09-29 08:01:42,17,21,8,0,1,30,98.0,434.53074603954434
2026-09-29 08:01:53,14,24,11,0,0,35,107.0,490.4365264148038
2026-09-29 08:02:06,16,21,10,1,2,34,113.0,514.7543309483037
2026-09-29 08:02:18,10,23,8,2,0,33,114.0,516.0050998062425
2026-09-29 08:02:30,23,15,10,1,1,27,83.0,359.57297434454193
2026-09-29 08:02:42,18,23,13,0,2,38,117.0,545.6367125971686
2026-09-29 08:02:54,18,31,12,0,1,44,142.0,682.5460735473854
2026-09-29 08:03:08,12,33,0,1,5,39,169.0,792.4206277452552
2026-09-29 08:03:20,10,28,2,0,2,32,126.0,566.5599527447764
2026-09-29 08:03:32,10,28,2,2,3,35,146.0,669.193765014592
2026-09-29 08:03:45,11,24,4,2,4,34,138.0,628.638032485539
2026-09-29 08:03:56,3,27,1,3,4,35,154.0,705.8619165222409
2026-09-29 08:04:08,5,26,0,6,3,35,164.0,751.697105906802
2026-09-29 08:04:20,15,24,16,5,2,47,159.0,774.5209607343546
2026-09-29 08:04:33,14,20,7,4,2,33,127.0,574.8477866262525
2026-09-29 08:04:45,15,15,8,4,3,30,114.0,505.47454131130667
2026-09-29 08:04:57,20,15,13,5,0,33,108.0,488.8469366585455
2026-09-29 08:05:09,18,10,12,4,0,26,80.0,343.66694928034633
2026-09-29 08:05:22,17,16,14,4,0,34,106.0,482.86689451787777
2026-09-29 08:05:34,14,23,16,1,0,40,115.0,542.0607876709954
2026-09-29 08:05:47,15,17,10,0,1,28,84.0,366.85284971886387
2026-09-29 08:06:00,17,25,6,0,0,31,106.0,473.36800569677104
2026-09-29 08:06:12,14,26,5,0,0,31,109.0,486.76521340517024
2026-09-29 08:06:24,12,18,2,1,0,21,81.0,331.3744387220236
2026-09-29 08:06:36,9,21,1,6,3,31,145.0,647.5317059059604
2026-09-29 08:06:49,8,15,5,2,0,22,79.0,326.7040430584028
2026-09-29 08:07:01,20,12,19,0,4,35,91.0,417.100223399506
2026-09-29 08:07:14,15,22,12,0,0,34,100.0,455.5348061489413
2026-09-29 08:07:26,16,14,16,1,0,31,79.0,352.79313632117845
2026-09-29 08:07:38,13,20,9,0,0,29,89.0,391.70656696793185
2026-09-29 08:07:52,18,22,19,0,1,42,113.0,538.0156130733725
2026-09-29 08:08:04,17,26,13,1,2,42,136.0,647.5232157343244
2026-09-29 08:08:16,13,22,6,0,0,28,94.0,410.52580801872864
2026-09-29 08:08:28,5,17,1,0,0,18,69.0,272.1662895624844
2026-09-29 08:08:40,0,16,0,0,0,16,64.0,245.32565401959783
2026-09-29 08:08:52,8,15,3,0,0,18,63.0,248.49965568748573
2026-09-29 08:09:04,10,16,11,2,2,31,101.0,451.0393261827724
2026-09-29 08:09:16,5,21,4,1,2,28,107.0,467.3006538085528
2026-09-29 08:09:29,17,15,14,1,0,30,81.0,359.15296356329685
2026-09-29 08:09:41,7,19,9,2,3,33,117.0,529.5841813800909
2026-09-29 08:09:53,8,23,9,1,3,36,126.0,580.9756569931723
2026-09-29 08:10:05,20,22,11,0,3,36,117.0,539.4773957793742
2026-09-29 08:10:17,16,23,18,0,0,41,110.0,521.1436580111705
2026-09-29 08:10:29,16,24,9,0,1,34,111.0,505.64363482532485
2026-09-29 08:10:41,16,35,5,0,1,41,151.0,715.3881123607886
2026-09-29 08:10:53,15,27,7,0,1,35,121.0,554.6057915531893
2026-09-29 08:11:05,4,20,3,2,4,29,121.0,532.5448831811209
2026-09-29 08:11:18,10,15,1,0,0,16,61.0,233.82601398742918
2026-09-29 08:11:30,13,14,5,3,2,24,94.0,396.5743275376109
2026-09-29 08:11:43,13,20,8,3,1,32,115.0,517.0983695686451
2026-09-29 08:11:54,19,14,19,1,2,36,94.0,433.42628378855704
2026-09-29 08:12:06,6,19,6,0,0,25,82.0,349.1639161177615
2026-09-29 08:12:18,14,22,16,0,0,38,104.0,485.0104111974832
2026-09-29 08:12:30,21,34,13,0,1,48,155.0,758.2321462071471
2026-09-29 08:12:42,19,23,14,2,4,43,144.0,688.9233072842296
2026-09-29 08:12:55,13,26,14,2,3,45,150.0,724.2962094733642
2026-09-29 08:13:07,13,22,13,0,4,39,125.0,586.109931764242
2026-09-29 08:13:19,11,21,16,1,3,41,125.0,592.2087022854209
2026-09-29 08:13:31,11,23,8,0,1,32,106.0,476.62980151544684
2026-09-29 08:13:43,18,18,6,1,1,26,91.0,390.92115480639393
2026-09-29 08:13:55,7,19,2,0,0,21,78.0,319.10131136194866
2026-09-29 08:14:07,8,27,2,0,0,29,110.0,484.13171198283715
2026-09-29 08:14:20,10,18,10,1,0,29,89.0,391.70656696793185
2026-09-29 08:14:33,8,16,9,1,3,29,98.0,431.31734340289125
2026-09-29 08:14:46,15,21,14,1,1,37,111.0,514.7720637296288
2026-09-29 08:14:58,8,23,10,3,3,39,141.0,661.132003030065
2026-09-29 08:15:10,14,17,21,0,0,38,89.0,415.05698650553853
2026-09-29 08:15:22,22,18,13,2,1,34,105.0,478.3115464563884
2026-09-29 08:15:34,12,21,10,0,0,31,94.0,419.7791748631743
2026-09-29 08:15:46,22,22,16,0,1,39,110.0,515.7767399525329
2026-09-29 08:15:58,17,21,13,5,0,39,132.0,618.9320879430395
2026-09-29 08:16:10,12,27,7,1,0,35,122.0,559.1893104916454
2026-09-29 08:16:22,14,20,9,2,0,31,103.0,459.9707979883719
2026-09-29 08:16:35,20,17,16,0,0,33,84.0,380.21428406775755
2026-09-29 08:16:48,8,19,5,3,2,29,114.0,501.7365015094858
2026-09-29 08:17:00,12,17,5,1,0,23,80.0,334.2443064278356
2026-09-29 08:17:13,14,20,9,1,1,31,102.0,455.50506208557215
2026-09-29 08:17:25,16,10,9,2,0,21,63.0,257.7356745615739
2026-09-29 08:17:37,0,15,0,1,2,18,79.0,311.6106793541488
2026-09-29 08:17:49,15,13,18,1,1,33,83.0,375.68792354314144
2026-09-29 08:18:01,14,28,13,0,3,44,143.0,687.3527360371558
2026-09-29 08:18:14,11,24,5,0,1,30,107.0,474.43663087991064
2026-09-29 08:18:26,13,24,11,1,2,38,126.0,587.6087674123354
2026-09-29 08:18:37,16,21,11,1,3,36,120.0,553.3101495173069
2026-09-29 08:18:49,15,18,9,0,2,29,93.0,409.3113564945805
2026-09-29 08:19:01,22,19,14,0,4,37,114.0,528.684822208808
2026-09-29 08:19:14,16,16,14,1,2,33,97.0,439.05697088776765
2026-09-29 08:19:26,18,18,17,0,0,35,89.0,407.93318552259376
2026-09-29 08:19:39,4,15,4,0,0,19,64.0,255.72686550745541
2026-09-29 08:19:52,7,11,5,0,1,17,55.0,213.97044668428904
2026-09-29 08:20:04,12,12,14,1,0,27,69.0,298.92211120208907
2026-09-29 08:20:16,7,21,9,6,0,36,135.0,622.4739182069702
2026-09-29 08:20:28,11,18,2,2,2,24,100.0,421.8875824868201
2026-09-29 08:20:40,9,15,18,1,0,34,85.0,387.2045852266001
2026-09-29 08:20:52,16,19,4,3,3,29,119.0,523.7424884177966
2026-09-29 08:21:04,16,28,5,0,3,36,135.0,622.4739182069702
2026-09-29 08:21:16,12,26,14,0,2,42,130.0,618.956015040163
2026-09-29 08:21:30,17,29,10,0,3,42,144.0,685.6128166598729
2026-09-29 08:21:41,16,29,7,0,0,36,123.0,567.1429032552395
2026-09-29 08:21:53,16,22,15,2,1,40,123.0,579.7693642046298
2026-09-29 08:22:05,16,22,9,0,0,31,97.0,433.1763825715735
2026-09-29 08:22:17,17,16,10,0,1,27,80.0,346.5763608140163
2026-09-29 08:22:29,6,17,2,0,0,19,70.0,279.70125914877934
2026-09-29 08:22:41,11,11,8,0,0,19,52.0,207.77807822480753
2026-09-29 08:22:53,10,20,10,1,2,33,109.0,493.3732971831616
2026-09-29 08:23:05,8,19,10,0,1,30,92.0,407.9268228126335
2026-09-29 08:23:18,7,24,1,1,1,27,110.0,476.54249611927247
2026-09-29 08:23:30,7,22,7,1,2,32,114.0,512.6018620071787
2026-09-29 08:23:42,15,20,24,1,0,45,111.0,535.9791950102896
2026-09-29 08:23:54,21,23,14,0,0,37,106.0,491.5841329309969
2026-09-29 08:24:06,15,26,13,0,1,40,123.0,579.7693642046298
2026-09-29 08:24:18,15,26,15,0,1,42,125.0,595.1500144616953
2026-09-29 08:24:30,17,18,14,0,1,33,92.0,416.4251682646869
2026-09-29 08:24:43,17,25,15,0,1,41,121.0,573.2580238122875
2026-09-29 08:24:54,14,37,10,1,3,51,183.0,906.0776005004011
2026-09-29 08:25:07,22,16,16,0,3,35,98.0,449.1848559686988
2026-09-29 08:25:20,13,18,10,0,2,30,94.0,416.79479722160374
2026-09-29 08:25:33,6,15,3,2,1,21,83.0,339.55652362874025
2026-09-29 08:25:47,9,15,9,1,0,25,76.0,323.6153368896326
2026-09-29 08:25:59,10,17,11,4,0,32,107.0,481.12630907691334
2026-09-29 08:26:11,7,18,0,0,3,21,90.0,368.19382080224847
2026-09-29 08:26:23,14,15,10,1,2,28,89.0,388.6893288687962
2026-09-29 08:26:36,4,15,3,0,0,18,63.0,248.49965568748573
2026-09-29 08:26:48,21,13,18,0,2,33,82.0,371.16156301852527
2026-09-29 08:27:00,20,20,14,0,0,34,94.0,428.20271778000483
2026-09-29 08:27:12,15,23,12,0,1,36,110.0,507.20097039086465
2026-09-29 08:27:25,11,22,16,0,1,39,110.0,515.7767399525329
2026-09-29 08:27:36,12,21,17,1,2,41,120.0,568.5203541940042
2026-09-29 08:27:48,18,21,11,0,0,32,95.0,427.16821833931556
2026-09-29 08:28:00,21,15,22,0,0,37,82.0,380.28206509756365
2026-09-29 08:28:13,16,11,18,1,2,32,81.0,364.2171124787849
2026-09-29 08:28:25,6,19,5,0,1,25,87.0,370.4543988078689
2026-09-29 08:28:38,9,9,1,1,1,12,50.0,178.24746787307683
2026-09-29 08:28:51,13,17,7,1,2,27,94.0,407.2272239564692
2026-09-29 08:29:03,14,22,2,3,1,28,117.0,510.9736121084175
2026-09-29 08:29:15,13,16,5,0,2,23,81.0,338.4223602581836
2026-09-29 08:29:29,7,23,0,1,0,24,99.0,417.6687066619519
2026-09-29 08:29:40,16,22,19,4,0,45,135.0,651.8665885260278
2026-09-29 08:29:52,22,18,14,3,1,36,113.0,521.0337241287973
2026-09-29 08:30:04,20,21,6,1,6,34,133.0,605.861292178092
2026-09-29 08:30:16,18,26,8,1,0,35,119.0,545.4387536762771
2026-09-29 08:30:28,20,17,13,0,0,30,81.0,359.15296356329685
2026-09-29 08:30:42,16,17,12,1,1,31,93.0,415.3134389603746
2026-09-29 08:30:55,13,17,7,0,3,27,93.0,402.895019446294
2026-09-29 08:31:07,19,15,17,0,2,34,89.0,405.42597747255775
2026-09-29 08:31:19,6,19,3,0,2,24,91.0,383.9177000630063
2026-09-29 08:31:32,17,23,1,0,1,25,99.0,421.5515572641267
2026-09-29 08:31:44,6,17,1,0,2,20,81.0,327.6063174555972
2026-09-29 08:31:56,8,22,6,1,2,31,113.0,504.62815701636913
2026-09-29 08:32:08,12,21,6,3,1,31,117.0,522.491100627568
2026-09-29 08:32:20,9,17,4,2,1,24,92.0,388.13657588787447
2026-09-29 08:32:32,11,18,13,2,1,34,105.0,478.3115464563884
2026-09-29 08:32:47,17,25,22,0,1,48,128.0,626.1529981581602
2026-09-29 08:32:57,14,24,13,0,0,37,109.0,505.49689141017603
2026-09-29 08:33:09,17,19,13,3,1,36,116.0,534.86647786673
2026-09-29 08:33:21,17,27,15,0,2,44,135.0,648.8994361189931
2026-09-29 08:33:33,12,29,11,0,1,41,133.0,630.110059231688
2026-09-29 08:33:45,15,25,7,0,1,33,113.0,511.47873928162625
2026-09-29 08:33:57,16,24,14,0,1,39,116.0,543.9100166772165
2026-09-29 08:34:09,17,29,11,0,0,40,127.0,598.6236524714471
2026-09-29 08:34:21,18,26,12,0,1,39,122.0,572.0432934019002
2026-09-29 08:34:34,11,25,10,2,3,40,142.0,669.3272334720117
2026-09-29 08:34:46,0,15,0,0,0,15,60.0,226.35532333438687
2026-09-29 08:34:59,11,9,8,0,0,17,44.0,171.17635734743124
2026-09-29 08:35:11,14,18,5,3,1,27,104.0,450.5492690582212
2026-09-29 08:35:23,13,20,10,1,0,31,97.0,433.1763825715735
2026-09-29 08:35:36,12,23,1,1,0,25,100.0,425.80965380214815
2026-09-29 08:35:48,9,16,4,3,1,24,95.0,400.7932033624791
2026-09-29 08:36:00,12,13,21,1,4,39,104.0,487.64346322784934
2026-09-29 08:36:15,10,20,9,1,3,33,114.0,516.0050998062425
2026-09-29 08:36:27,9,22,3,3,2,30,124.0,549.8144133561582
2026-09-29 08:36:39,13,22,8,1,3,34,121.0,551.197115440219
2026-09-29 08:36:51,24,27,17,1,3,48,150.0,733.7730447165941
2026-09-29 08:37:04,14,28,14,0,2,44,138.0,663.3194235883041
2026-09-29 08:37:16,10,19,10,0,3,32,104.0,467.6367863925139
2026-09-29 08:37:28,15,19,8,0,3,30,102.0,452.26669485748494
2026-09-29 08:37:41,16,26,10,0,3,39,132.0,618.9320879430395
2026-09-29 08:37:53,16,19,11,1,1,32,100.0,449.65075614664795
2026-09-29 08:38:05,6,16,2,0,3,21,84.0,343.64756608209854
2026-09-29 08:38:17,17,15,3,0,1,19,69.0,275.70552687522536
2026-09-29 08:38:31,12,18,6,3,2,29,111.0,488.5329093644993
2026-09-29 08:38:43,11,15,9,7,3,34,136.0,619.5273363625602
2026-09-29 08:38:58,6,18,4,4,4,30,128.0,567.5503621740987
2026-09-29 08:39:11,7,21,1,2,2,26,111.0,476.83789212648054
2026-09-29 08:39:21,21,15,12,1,2,30,91.0,403.4928356081483
2026-09-29 08:39:33,6,24,10,1,0,35,113.0,517.9376400455404
2026-09-29 08:39:45,13,21,14,1,2,38,117.0,545.6367125971686
2026-09-29 08:39:57,12,27,3,1,1,32,124.0,557.5669376218435
2026-09-29 08:40:09,18,25,9,3,4,41,154.0,729.6011212156386
2026-09-29 08:40:21,12,30,8,1,2,41,147.0,696.4374338876551
2026-09-29 08:40:33,17,29,9,1,3,42,150.0,714.1800173540342
2026-09-29 08:40:46,14,28,9,1,4,42,152.0,723.7024175854215
2026-09-29 08:40:58,21,22,14,1,4,41,133.0,630.110059231688
2026-09-29 08:41:10,10,16,8,5,3,32,125.0,562.06344518331
2026-09-29 08:41:22,6,16,2,0,1,19,72.0,287.69272369588737
2026-09-29 08:41:34,1,12,0,0,1,13,54.0,196.50909579922396
2026-09-29 08:41:46,12,13,13,1,0,27,72.0,311.9187247326147
2026-09-29 08:41:58,11,14,11,1,0,26,74.0,317.89192808432034
2026-09-29 08:42:13,12,19,10,1,2,32,105.0,472.1332939539804
2026-09-29 08:42:24,1,25,3,3,3,34,142.0,646.8594247314967
2026-09-29 08:42:36,20,12,20,0,1,33,74.0,334.95067882159594
2026-09-29 08:42:48,8,14,9,1,2,26,84.0,360.8502967443636
2026-09-29 08:43:01,10,24,8,0,3,35,122.0,559.1893104916454
2026-09-29 08:43:13,8,21,6,0,1,28,96.0,419.26039967870156
2026-09-29 08:43:25,5,24,5,0,2,31,113.0,504.62815701636913
2026-09-29 08:43:37,12,31,9,0,1,41,139.0,658.5360769413882
2026-09-29 08:43:49,15,21,7,0,0,28,91.0,397.4239205287692
2026-09-29 08:44:01,15,24,10,0,0,34,106.0,482.86689451787777
2026-09-29 08:44:17,12,26,11,0,2,39,127.0,595.4876906724699
2026-09-29 08:44:25,21,20,10,0,1,31,96.0,428.7106466687738
2026-09-29 08:44:38,11,17,7,1,0,25,82.0,349.1639161177615
2026-09-29 08:44:50,12,18,3,0,1,22,81.0,334.97503149026113
2026-09-29 08:45:02,9,16,2,1,1,20,79.0,319.5172725801504
2026-09-29 08:45:14,18,19,16,2,1,38,112.0,522.3189043665204
2026-09-29 08:45:26,12,19,8,0,1,28,90.0,393.0566246987827
2026-09-29 08:45:38,9,19,2,0,1,22,84.0,347.3815141380486
2026-09-29 08:45:50,13,17,13,1,1,32,94.0,422.6717107778491
2026-09-29 08:46:04,16,14,24,0,0,38,80.0,373.0849316903717
2026-09-29 08:46:18,16,26,14,3,1,44,145.0,696.9660610166964
2026-09-29 08:46:29,24,25,14,0,2,41,126.0,596.9463719037044
2026-09-29 08:46:41,14,23,9,0,5,37,131.0,607.5237869241565
2026-09-29 08:46:53,20,25,19,2,2,48,145.0,709.3139432260409
2026-09-29 08:47:05,15,22,9,0,3,34,115.0,523.8650270712825
2026-09-29 08:47:17,8,20,13,1,3,37,118.0,547.2351668477135
2026-09-29 08:47:29,14,19,12,0,1,32,94.0,422.6717107778491
2026-09-29 08:47:42,16,20,13,1,3,37,118.0,547.2351668477135
2026-09-29 08:47:54,13,20,7,1,2,30,106.0,470.00264367542553
2026-09-29 08:48:05,17,14,19,0,3,36,93.0,428.81536587591285
2026-09-29 08:48:17,0,9,0,0,1,10,42.0,142.71160145753157
2026-09-29 08:48:30,8,7,6,0,2,15,46.0,173.53908122302994
2026-09-29 08:48:43,10,10,8,3,3,24,87.0,367.04219676353347
2026-09-29 08:48:56,11,16,10,1,1,28,87.0,379.9547372088233
2026-09-29 08:49:09,15,19,7,2,4,32,121.0,544.077414937444
2026-09-29 08:49:21,10,21,11,0,0,32,95.0,427.16821833931556
2026-09-29 08:49:33,15,16,20,1,4,41,115.0,544.8320061025873
2026-09-29 08:49:45,23,23,7,0,1,31,105.0,468.90226979397136
2026-09-29 08:49:57,21,26,9,0,1,36,119.0,548.6992316046626
2026-09-29 08:50:09,14,27,11,1,2,41,138.0,653.7984073231048
2026-09-29 08:50:22,15,24,12,2,1,39,128.0,600.1765701265838
2026-09-29 08:50:34,12,33,7,1,2,43,158.0,755.9019621590853
2026-09-29 08:50:46,11,29,4,1,1,35,133.0,609.6080188146626
2026-09-29 08:50:58,12,31,10,1,3,45,159.0,767.7539820417661
2026-09-29 08:51:10,13,29,11,1,2,43,146.0,698.4916865520662
2026-09-29 08:51:22,13,19,13,0,1,33,95.0,430.0042498385354
2026-09-29 08:51:34,0,18,0,0,2,20,84.0,339.7398847687675
2026-09-29 08:51:48,0,15,0,0,0,15,60.0,226.35532333438687
2026-09-29 08:52:00,16,19,9,3,1,32,112.0,503.60884688424574
2026-09-29 08:52:12,10,21,9,2,1,33,113.0,511.47873928162625
2026-09-29 08:52:24,9,26,10,5,1,42,155.0,737.9860179325021
2026-09-29 08:52:36,5,22,8,2,3,35,128.0,586.6904241223821
2026-09-29 08:52:49,19,21,15,1,2,39,118.0,553.2877755854445
2026-09-29 08:53:01,15,21,12,2,0,35,110.0,504.1870832301721
2026-09-29 08:53:13,17,27,14,1,1,43,135.0,645.8656005789653
2026-09-29 08:53:25,20,24,19,1,2,46,134.0,649.9197786291478
2026-09-29 08:53:37,18,30,9,1,1,41,142.0,672.7490857962382
2026-09-29 08:53:49,15,30,8,2,2,42,154.0,733.2248178168086
2026-09-29 08:54:01,18,31,6,0,5,42,160.0,761.7920185109699
2026-09-29 08:54:14,12,29,6,0,4,39,146.0,684.5764003006346
2026-09-29 08:54:26,5,31,6,1,1,39,143.0,670.5097619382929
2026-09-29 08:54:38,17,23,14,0,1,38,112.0,522.3189043665204
2026-09-29 08:54:50,15,18,13,0,2,33,97.0,439.05697088776765
2026-09-29 08:55:03,4,18,3,0,2,23,87.0,363.49068324027127
2026-09-29 08:55:14,7,10,7,0,0,17,47.0,182.84747262111972
2026-09-29 08:55:28,17,18,11,2,2,33,109.0,493.3732971831616
2026-09-29 08:55:38,11,16,14,1,1,32,91.0,409.18218809344967
2026-09-29 08:55:50,10,18,3,1,1,23,88.0,367.66873707061916
2026-09-29 08:56:03,7,18,7,2,1,28,99.0,432.362287168661
2026-09-29 08:56:15,23,20,16,0,1,37,102.0,473.03378829209134
2026-09-29 08:56:28,7,28,6,0,0,34,118.0,537.5310712557507
2026-09-29 08:56:39,12,28,14,0,1,43,132.0,631.5130316772105
2026-09-29 08:56:51,12,27,15,1,0,43,130.0,621.944652409374
2026-09-29 08:57:03,11,26,13,1,2,42,136.0,647.5232157343244
2026-09-29 08:57:15,14,23,8,1,8,40,155.0,730.6036703391677
2026-09-29 08:57:27,13,24,12,0,1,37,114.0,528.684822208808
2026-09-29 08:57:41,12,15,12,0,2,29,84.0,369.7005800596211
2026-09-29 08:57:53,10,20,4,0,3,27,102.0,441.88486003787085
2026-09-29 08:58:05,15,17,13,0,1,31,87.0,388.5190235435762
2026-09-29 08:58:17,11,16,5,0,2,23,81.0,338.4223602581836
2026-09-29 08:58:30,4,13,0,0,0,13,52.0,189.23098113999345
2026-09-29 08:58:42,12,15,3,3,1,22,90.0,372.1944794336235
2026-09-29 08:58:54,5,19,2,5,0,26,113.0,485.4295658584892
2026-09-29 08:59:06,16,22,13,4,1,40,135.0,636.3322290050816
2026-09-29 08:59:18,9,20,2,0,0,22,82.0,339.1105257061903
2026-09-29 08:59:31,4,11,11,1,0,23,62.0,259.0393374815726
2026-09-29 08:59:42,9,23,15,0,2,40,119.0,560.9150759378126
2026-09-29 08:59:54,8,24,4,0,3,31,118.0,526.9568365303678
2026-09-29 09:00:07,4,22,5,0,1,28,99.0,432.362287168661
2026-09-29 09:00:19,12,19,19,0,2,40,107.0,504.35221113736094
2026-09-29 09:00:34,15,25,12,1,2,40,131.0,617.4779407382644
2026-09-29 09:00:46,9,26,7,0,4,37,135.0,626.0741315630621
2026-09-29 09:01:00,17,22,14,0,1,37,108.0,500.85930525044967
2026-09-29 09:01:10,10,20,9,0,1,30,95.0,421.2287844260889
2026-09-29 09:01:22,10,13,6,1,1,21,71.0,290.46401418844044
2026-09-29 09:01:34,9,16,3,2,4,25,105.0,447.10013649225556
2026-09-29 09:01:47,6,10,3,0,1,14,49.0,181.6944598540083
2026-09-29 09:02:00,2,9,2,1,0,12,45.0,160.42272108576915
2026-09-29 09:02:18,14,15,9,3,0,27,90.0,389.89840591576836
2026-09-29 09:02:24,3,10,0,4,0,14,68.0,252.1474136749503
2026-09-29 09:02:37,9,20,15,0,0,35,95.0,435.4342991533304
2026-09-29 09:02:49,7,17,4,0,2,23,84.0,350.9565217492274
2026-09-29 09:03:02,20,12,26,0,2,40,86.0,405.36719773657046
2026-09-29 09:03:18,16,22,19,0,1,42,113.0,538.0156130733725
2026-09-29 09:03:25,11,22,15,0,0,37,103.0,477.6713744518177
2026-09-29 09:03:37,23,16,18,3,3,40,121.0,570.3422200712213
2026-09-29 09:03:49,12,25,9,0,2,36,121.0,557.9210674299511
2026-09-29 09:04:02,12,20,11,0,2,33,103.0,466.21513403546464
2026-09-29 09:04:15,15,25,9,0,4,38,133.0,620.2536989352429
2026-09-29 09:04:26,13,23,8,0,1,32,106.0,476.62980151544684
2026-09-29 09:04:38,16,24,14,0,2,40,122.0,575.0557921379256
2026-09-29 09:04:50,4,21,2,0,1,24,92.0,388.13657588787447
2026-09-29 09:05:02,13,19,13,0,2,34,101.0,460.09015421043074
2026-09-29 09:05:14,11,22,10,0,0,32,98.0,440.657741023715
2026-09-29 09:05:27,0,19,0,0,1,20,82.0,331.65083989332066
2026-09-29 09:05:38,10,13,3,0,1,17,61.0,237.31267723166604
2026-09-29 09:05:51,12,19,9,1,3,32,110.0,494.6158317613128
2026-09-29 09:06:03,6,20,8,6,4,38,154.0,718.1884935039656
2026-09-29 09:06:15,14,16,9,3,6,34,130.0,592.1952479936238
2026-09-29 09:06:30,5,20,2,6,8,36,172.0,793.0778809748065
2026-09-29 09:06:39,11,14,13,2,6,35,119.0,545.4387536762771
2026-09-29 09:06:51,14,20,18,1,3,42,123.0,585.6276142303082
2026-09-29 09:07:05,18,18,16,1,5,40,125.0,589.1965083380385
2026-09-29 09:07:17,8,22,7,0,1,30,101.0,447.8327076529998
2026-09-29 09:07:29,13,26,18,0,2,46,134.0,649.9197786291478
2026-09-29 09:07:44,8,31,11,2,4,48,173.0,846.2849115731384
2026-09-29 09:07:55,12,24,13,0,2,39,121.0,567.3544139477863
2026-09-29 09:08:07,12,35,4,0,0,39,144.0,675.1986413924068
2026-09-29 09:08:19,14,22,4,0,2,28,104.0,454.19876631859336
2026-09-29 09:08:32,10,13,5,0,1,19,63.0,251.73113323390143
2026-09-29 09:08:44,8,11,11,0,1,23,61.0,254.86128365122465
2026-09-29 09:08:56,2,10,0,4,3,17,86.0,334.57197117907015
2026-09-29 09:09:08,8,11,2,3,5,21,97.0,396.8311179757567
2026-09-29 09:09:20,6,7,1,0,1,9,35.0,115.5904782547916
2026-09-29 09:09:32,7,8,12,0,2,22,56.0,231.58767609203238
2026-09-29 09:09:44,11,8,15,2,2,27,73.0,316.25092924278994
2026-09-29 09:09:56,16,14,14,1,2,31,89.0,397.4504953491757
2026-09-29 09:10:09,7,17,5,2,2,26,99.0,425.28784973442856
2026-09-29 09:10:23,6,23,5,0,2,30,109.0,483.30460528888096
2026-09-29 09:10:33,16,17,16,1,3,37,109.0,505.49689141017603
2026-09-29 09:10:47,19,22,15,1,2,40,122.0,575.0557921379256
2026-09-29 09:11:01,12,26,7,0,3,36,129.0,594.8084107311049
2026-09-29 09:11:11,16,22,14,0,1,37,108.0,500.85930525044967
2026-09-29 09:11:23,8,33,6,0,1,40,144.0,678.7543776054204
2026-09-29 09:11:35,16,33,11,0,3,47,161.0,784.2633627561704
2026-09-29 09:11:47,19,33,9,0,3,45,159.0,767.7539820417661
2026-09-29 09:11:59,11,30,4,1,7,42,173.0,823.6876200149862
2026-09-29 09:12:11,11,22,8,0,6,36,132.0,608.6411644690376
2026-09-29 09:12:23,9,21,7,1,1,30,104.0,461.1346692664552
2026-09-29 09:12:35,9,19,8,0,2,29,96.0,422.51494863956697
2026-09-29 09:12:48,7,21,6,0,2,29,102.0,448.9221329295399
2026-09-29 09:13:00,0,15,0,1,5,21,97.0,396.8311179757567
2026-09-29 09:13:14,13,8,7,2,3,20,71.0,287.161093078363
2026-09-29 09:13:26,17,13,12,4,4,33,116.0,525.0578208554747
2026-09-29 09:13:37,15,18,8,2,3,31,112.0,500.1624211135694
2026-09-29 09:13:50,3,15,3,1,5,24,100.0,421.8875824868201
2026-09-29 09:14:02,5,20,8,0,2,30,100.0,443.3987204485146
2026-09-29 09:14:14,18,19,12,0,4,35,112.0,513.3541211070843
2026-09-29 09:14:26,16,12,14,4,5,35,120.0,550.0222726147332
2026-09-29 09:14:38,14,16,14,0,5,35,108.0,495.0200453532599
2026-09-29 09:14:50,9,22,8,1,2,33,115.0,520.5314603308586
2026-09-29 09:15:02,7,23,4,0,4,31,120.0,535.8883083359673
2026-09-29 09:15:15,17,16,13,1,2,32,96.0,431.66472590078206
2026-09-29 09:15:27,7,21,9,1,4,35,124.0,568.3563483685576
2026-09-29 09:15:39,9,26,3,5,5,39,172.0,806.487266107597
2026-09-29 09:15:51,10,19,8,0,2,29,96.0,422.51494863956697
2026-09-29 09:16:03,12,25,12,1,1,39,125.0,586.109931764242
2026-09-29 09:16:16,10,23,12,2,5,42,148.0,704.6576171226471
2026-09-29 09:16:30,21,14,15,0,4,33,95.0,430.0042498385354
2026-09-29 09:16:39,1,13,1,1,5,20,90.0,364.00701939510805
2026-09-29 09:16:54,12,17,1,0,5,23,99.0,413.6273292044466
2026-09-29 09:17:05,11,15,9,2,4,30,107.0,474.43663087991064
2026-09-29 09:17:17,11,20,7,4,3,34,133.0,605.861292178092
2026-09-29 09:17:30,10,18,5,5,4,32,136.0,611.5250283594412
2026-09-29 09:17:42,9,15,8,2,3,28,100.0,436.72958299864746
2026-09-29 09:17:54,14,23,17,1,1,42,122.0,580.8664141146146
2026-09-29 09:18:07,10,20,15,4,3,42,141.0,671.3292163127923
2026-09-29 09:18:18,15,24,13,0,2,39,121.0,567.3544139477863
2026-09-29 09:18:31,14,20,8,1,3,32,113.0,508.10535444571224
2026-09-29 09:18:47,10,17,7,1,9,34,136.0,619.5273363625602
2026-09-29 09:18:54,18,20,11,0,4,35,115.0,527.1046779224527
2026-09-29 09:19:08,18,20,14,0,4,38,118.0,550.3002742432983
2026-09-29 09:19:20,11,22,14,0,1,37,108.0,500.85930525044967
2026-09-29 09:19:32,14,24,8,0,5,37,134.0,621.4365454033357
2026-09-29 09:19:44,21,19,18,1,1,39,107.0,501.71010159019113
2026-09-29 09:19:57,16,17,16,0,0,33,84.0,380.21428406775755
2026-09-29 09:20:08,10,15,9,1,2,27,88.0,381.233996895418
2026-09-29 09:20:24,12,11,8,0,3,22,70.0,289.48459511504046
2026-09-29 09:20:32,7,9,1,1,3,14,62.0,229.89911246833702
2026-09-29 09:20:45,13,11,13,3,4,31,102.0,455.50506208557215
2026-09-29 09:21:03,7,19,2,2,1,24,98.0,413.4498308370837
2026-09-29 09:21:09,10,11,12,3,4,30,101.0,447.8327076529998
2026-09-29 09:21:21,16,20,14,4,2,40,134.0,631.6186569383773
2026-09-29 09:21:33,6,20,7,0,4,31,111.0,495.6966852107697
2026-09-29 09:21:45,20,17,23,2,6,48,141.0,689.7466620335983
2026-09-29 09:21:58,13,22,10,1,3,36,123.0,567.1429032552395
2026-09-29 09:22:18,23,14,18,1,6,39,117.0,548.5988961313304
2026-09-29 09:22:22,23,17,19,2,7,45,143.0,690.4957196979406
2026-09-29 09:22:34,11,29,11,1,3,44,152.0,730.6126984450885
2026-09-29 09:22:46,11,22,10,0,7,39,140.0,656.4431235759511
2026-09-29 09:22:58,10,14,10,0,3,27,84.0,363.9051788547172
2026-09-29 09:23:10,11,15,9,1,6,31,112.0,500.1624211135694
2026-09-29 09:23:22,15,10,11,1,1,23,64.0,267.3954451422685
2026-09-29 09:23:34,9,15,11,0,1,27,77.0,333.57974728349075
2026-09-29 09:23:47,7,10,3,1,2,16,62.0,237.6592273314854
2026-09-29 09:23:59,8,12,0,1,1,14,61.0,226.19106226723483
2026-09-29 09:24:11,5,12,2,3,3,20,89.0,359.9624969573846
2026-09-29 09:24:23,15,14,19,0,3,36,93.0,428.81536587591285
2026-09-29 09:24:35,10,18,19,3,1,41,118.0,559.0450149574374
2026-09-29 09:24:47,8,22,12,1,0,35,107.0,490.4365264148038
2026-09-29 09:24:59,7,22,4,1,1,28,105.0,458.5660621485798
2026-09-29 09:25:11,5,20,8,2,1,31,108.0,482.2994775023705
2026-09-29 09:25:23,17,16,20,1,3,40,109.0,513.7793552707695
2026-09-29 09:25:36,17,23,18,2,6,49,160.0,785.9236808685034
2026-09-29 09:25:48,7,28,5,2,7,42,173.0,823.6876200149862
2026-09-29 09:26:00,14,21,9,0,3,33,111.0,502.4260182323939
2026-09-29 09:26:12,22,21,14,1,1,37,111.0,514.7720637296288
2026-09-29 09:26:24,12,28,11,1,1,41,136.0,644.323068086538
2026-09-29 09:26:36,14,17,7,0,8,32,123.0,553.070430060377
2026-09-29 09:26:48,13,23,17,0,2,42,121.0,576.105213998921
2026-09-29 09:27:00,16,19,13,4,4,40,141.0,664.6136614053074
2026-09-29 09:27:12,16,24,18,1,4,47,145.0,706.3241465816442
2026-09-29 09:27:25,10,24,11,0,2,37,119.0,551.8727530074399
2026-09-29 09:27:37,10,21,7,0,3,31,109.0,486.76521340517024
2026-09-29 09:27:49,2,23,0,1,1,25,105.0,447.10013649225556
2026-09-29 09:28:01,8,16,6,2,4,28,108.0,471.66794963853926
2026-09-29 09:28:13,9,13,11,6,2,32,117.0,526.0913846915781
2026-09-29 09:28:26,11,24,9,0,4,37,129.0,598.2486146047038
2026-09-29 09:28:37,7,20,11,3,2,36,124.0,571.7538211678838
2026-09-29 09:28:50,9,21,14,0,0,35,98.0,449.1848559686988
2026-09-29 09:29:02,13,17,22,0,3,42,108.0,514.2096124949047
2026-09-29 09:29:18,16,26,13,0,4,43,141.0,674.5707383824748
2026-09-29 09:29:26,18,21,11,1,5,38,132.0,615.5901372891133
2026-09-29 09:29:38,9,20,0,1,9,30,141.0,625.1921958324057
2026-09-29 09:29:50,5,15,5,2,15,37,169.0,783.7520609937592
2026-09-29 09:30:03,11,12,7,4,5,28,113.0,493.5044287884716
2026-09-29 09:30:14,7,25,2,2,5,34,146.0,665.0808169774543
2026-09-29 09:30:26,5,22,3,2,7,34,147.0,669.6361650389438
2026-09-29 09:30:39,17,23,10,0,5,38,132.0,615.5901372891133
2026-09-29 09:30:51,10,28,13,3,8,52,194.0,964.2366312291117
2026-09-29 09:31:03,12,19,11,0,7,37,129.0,598.2486146047038
2026-09-29 09:31:15,10,15,8,0,2,25,80.0,340.64772304171856
2026-09-29 09:31:28,6,12,8,0,2,22,68.0,281.2136066831822
2026-09-29 09:31:39,9,12,10,0,0,22,58.0,239.8586645238907
2026-09-29 09:31:51,8,15,10,2,5,32,114.0,512.6018620071787
2026-09-29 09:32:03,7,21,10,6,4,41,160.0,758.0271389253389
2026-09-29 09:32:16,8,20,9,5,4,38,148.0,690.2071236271877
2026-09-29 09:32:28,9,16,9,3,1,29,100.0,440.1197381662156
2026-09-29 09:32:40,6,15,15,3,2,35,108.0,495.0200453532599
2026-09-29 09:32:52,16,15,17,3,2,37,110.0,510.1344775699024
2026-09-29 09:33:04,13,22,11,1,4,38,130.0,606.263013996854
2026-09-29 09:33:16,12,24,13,0,8,45,157.0,758.0966992487879
2026-09-29 09:33:28,10,22,9,0,8,39,145.0,679.8875208465207
2026-09-29 09:33:40,9,19,8,2,8,37,146.0,677.0875793200523
2026-09-29 09:33:53,11,32,9,2,11,54,217.0,1086.5913011954462
2026-09-29 09:34:05,8,30,6,2,6,44,176.0,845.9725981995763
2026-09-29 09:34:17,13,30,10,1,3,44,155.0,745.0326859143995
2026-09-29 09:34:29,15,28,6,3,6,43,175.0,837.2331859356957
2026-09-29 09:34:41,11,19,9,0,6,34,121.0,551.197115440219
2026-09-29 09:34:53,13,14,13,0,8,35,117.0,536.2717157993649
2026-09-29 09:35:05,17,15,18,0,5,38,108.0,503.6646577820018
2026-09-29 09:35:17,0,10,0,0,1,11,46.0,160.30570589024802
2026-09-29 09:35:29,1,12,6,0,2,20,66.0,266.9384808897459
2026-09-29 09:35:42,14,17,14,0,3,34,100.0,455.5348061489413
2026-09-29 09:35:54,15,19,9,3,6,37,142.0,658.5372346811467
2026-09-29 09:36:06,7,20,3,7,5,35,162.0,742.5300680298898
2026-09-29 09:36:18,11,17,14,3,2,36,115.0,530.2555599540857
2026-09-29 09:36:30,11,13,10,3,3,29,101.0,444.52093554787774
2026-09-29 09:36:43,14,20,12,1,5,38,129.0,601.5994523507244
2026-09-29 09:36:56,19,21,13,0,3,37,115.0,533.3224083685343
2026-09-29 09:37:08,13,17,6,0,6,29,110.0,484.13171198283715
2026-09-29 09:37:20,13,18,6,0,10,34,138.0,628.638032485539
2026-09-29 09:37:32,10,17,16,1,5,39,121.0,567.3544139477863
2026-09-29 09:37:44,26,15,15,1,5,36,112.0,516.422806216153
2026-09-29 09:37:56,10,23,4,1,4,32,127.0,571.0564603062429
2026-09-29 09:38:08,6,24,4,2,3,33,132.0,597.4795892493333
2026-09-29 09:38:20,17,16,18,1,2,37,101.0,468.396202132365
2026-09-29 09:38:33,15,13,23,0,1,37,81.0,375.6444789378372
2026-09-29 09:38:45,6,23,4,0,3,30,114.0,505.47454131130667
2026-09-29 09:38:57,15,14,16,0,3,33,90.0,407.37244721545454
2026-09-29 09:39:09,2,10,1,1,3,15,66.0,248.99085566782554
2026-09-29 09:39:21,13,12,18,1,3,34,91.0,414.53667359553657
2026-09-29 09:39:33,18,15,24,4,2,45,124.0,598.7515331646478
2026-09-29 09:39:45,9,14,13,4,3,34,115.0,523.8650270712825
2026-09-29 09:39:58,13,16,14,2,1,33,98.0,443.5833314123838
2026-09-29 09:40:10,9,26,5,0,1,32,115.0,517.0983695686451
2026-09-29 09:40:22,21,19,27,0,2,48,115.0,562.5593342827221
2026-09-29 09:40:34,12,21,21,0,5,47,135.0,657.6121364725652
2026-09-29 09:40:46,9,20,8,1,9,38,149.0,694.8706852733173
2026-09-29 09:40:58,7,26,10,2,7,45,170.0,820.8690374031462
2026-09-29 09:41:11,11,20,6,1,9,36,147.0,677.8049331587009
2026-09-29 09:41:23,15,13,17,1,13,44,154.0,740.2260234246293
2026-09-29 09:41:35,11,18,12,0,11,41,150.0,710.6504427425052
2026-09-29 09:41:48,15,20,11,0,9,40,145.0,683.4679496721246
2026-09-29 09:42:00,15,22,14,1,6,43,145.0,693.707496918148
2026-09-29 09:42:12,13,21,7,3,14,45,196.0,946.4137137118627
2026-09-29 09:42:24,17,20,9,0,6,35,125.0,572.9398673070137
2026-09-29 09:42:36,11,20,12,1,7,40,141.0,664.6136614053074
2026-09-29 09:42:48,2,20,0,0,6,26,116.0,498.31707645650215
2026-09-29 09:43:01,10,8,10,0,2,20,54.0,218.4042116370648
2026-09-29 09:43:14,14,14,17,3,3,37,112.0,519.4096498893553
2026-09-29 09:43:26,14,15,23,3,1,42,110.0,523.7320127262918
2026-09-29 09:43:39,4,21,6,1,5,33,127.0,574.8477866262525
2026-09-29 09:43:51,6,21,5,4,3,33,135.0,611.0586708231818
2026-09-29 09:44:03,19,16,30,4,2,52,134.0,666.0191164159844
2026-09-29 09:44:15,19,20,26,0,11,57,172.0,870.396197813984
2026-09-29 09:44:27,17,23,10,1,7,41,151.0,715.3881123607886
2026-09-29 09:44:39,15,17,15,0,5,37,113.0,524.0472360490816
2026-09-29 09:44:51,14,19,15,0,6,40,127.0,598.6236524714471
2026-09-29 09:45:03,12,20,9,0,9,38,143.0,666.8893153965395
2026-09-29 09:45:16,13,21,3,1,10,35,154.0,705.8619165222409
2026-09-29 09:45:28,14,18,13,0,4,35,109.0,499.603564291716
2026-09-29 09:45:40,19,18,11,1,3,33,108.0,488.8469366585455
2026-09-29 09:45:52,9,15,9,2,3,29,101.0,444.52093554787774
2026-09-29 09:46:04,12,12,12,0,4,28,84.0,366.85284971886387
2026-09-29 09:46:16,8,11,10,0,2,23,66.0,275.7515528029644
2026-09-29 09:46:29,5,8,2,0,1,11,40.0,139.39626599152
2026-09-29 09:46:41,1,7,0,0,2,9,40.0,132.10340371976184
2026-09-29 09:46:52,13,9,19,1,3,32,80.0,359.7206049173184
2026-09-29 09:47:05,11,12,15,6,3,36,123.0,567.1429032552395
2026-09-29 09:47:17,14,19,15,6,4,44,157.0,754.6460108939402
2026-09-29 09:47:29,10,18,13,3,4,38,130.0,606.263013996854
2026-09-29 09:47:41,6,21,5,1,2,29,108.0,475.32931721951286
2026-09-29 09:47:53,13,17,16,1,2,36,103.0,474.92454500235505
2026-09-29 09:48:05,15,22,9,0,7,38,139.0,648.2350688120208
2026-09-29 09:48:17,21,18,16,0,6,40,124.0,584.4829362713342
2026-09-29 09:48:30,8,26,16,1,3,46,145.0,703.2714022479585
2026-09-29 09:48:42,17,23,14,2,4,43,144.0,688.9233072842296
2026-09-29 09:48:54,6,23,2,1,7,33,143.0,647.269555020111
2026-09-29 09:49:06,10,23,7,0,3,33,117.0,529.5841813800909
2026-09-29 09:49:18,11,26,9,0,4,39,137.0,642.3764852136092
2026-09-29 09:49:31,13,17,12,1,9,39,141.0,661.132003030065
2026-09-29 09:49:42,8,25,7,0,2,34,119.0,542.0864193172401
2026-09-29 09:49:54,16,13,20,0,5,38,102.0,475.68328790522395
2026-09-29 09:50:06,8,11,9,2,1,23,73.0,304.9979296154
2026-09-29 09:50:19,2,12,0,0,0,12,48.0,171.11756915815377
2026-09-29 09:50:31,5,10,9,1,1,21,62.0,253.6446321082156
2026-09-29 09:50:43,12,13,20,1,3,37,97.0,449.8458574934594
2026-09-29 09:50:55,7,11,11,3,6,31,112.0,500.1624211135694
2026-09-29 09:51:07,0,18,2,4,3,27,120.0,519.8645412210245
2026-09-29 09:51:19,6,20,13,2,3,38,125.0,582.9452057662057
2026-09-29 09:51:33,14,19,14,4,4,41,142.0,672.7490857962382
2026-09-29 09:51:46,18,8,27,0,9,44,113.0,543.1528613440461
2026-09-29 09:51:59,15,16,17,1,9,43,142.0,679.3549280163932
2026-09-29 09:52:08,16,22,17,0,6,45,141.0,680.8384369049624
2026-09-29 09:52:20,10,24,9,0,10,43,165.0,789.3912895965132
2026-09-29 09:52:32,16,14,13,3,11,41,156.0,739.0764604522054
2026-09-29 09:52:44,19,13,19,1,7,40,120.0,565.628648004517
2026-09-29 09:52:56,9,20,8,0,13,41,166.0,786.4531566350391
2026-09-29 09:53:09,9,14,7,2,11,34,143.0,651.414772792986
2026-09-29 09:53:20,11,16,12,1,8,37,131.0,607.5237869241565
2026-09-29 09:53:33,15,12,18,0,2,32,78.0,350.72758979438544
2026-09-29 09:53:45,11,13,9,0,3,25,79.0,336.38962650369706
2026-09-29 09:53:57,3,15,1,0,2,18,73.0,287.94404547915013
2026-09-29 09:54:09,7,12,4,0,5,21,82.0,335.4654811753819
2026-09-29 09:54:21,23,10,30,3,4,47,115.0,560.1881162544074
2026-09-29 09:54:33,17,15,27,4,6,52,151.0,750.5140789463704
2026-09-29 09:54:46,17,15,15,6,5,41,147.0,696.4374338876551
2026-09-29 09:54:58,8,20,13,0,3,36,111.0,511.81188830350885
2026-09-29 09:55:09,8,25,10,0,2,37,122.0,565.785511486619
2026-09-29 09:55:22,22,14,26,1,3,44,107.0,514.3128864054243
2026-09-29 09:55:34,20,10,20,1,4,35,91.0,417.100223399506
2026-09-29 09:55:46,22,16,25,0,5,46,119.0,577.167564603497
2026-09-29 09:55:58,6,19,6,0,3,28,100.0,436.72958299864746
2026-09-29 09:56:11,6,20,11,0,5,36,121.0,557.9210674299511
2026-09-29 09:56:22,9,24,8,1,11,44,177.0,850.7792606893465
2026-09-29 09:56:34,13,16,8,0,5,29,102.0,448.9221329295399
2026-09-29 09:56:47,5,13,9,0,6,28,97.0,423.627695508688
2026-09-29 09:56:59,4,18,4,1,7,30,125.0,554.2484005606433
2026-09-29 09:57:11,16,15,15,1,6,37,118.0,547.2351668477135
2026-09-29 09:57:23,10,18,8,0,7,33,122.0,552.2159840031717
2026-09-29 09:57:35,10,10,9,1,9,29,110.0,484.13171198283715
2026-09-29 09:57:47,10,17,8,0,3,28,94.0,410.52580801872864
2026-09-29 09:57:59,7,17,10,2,3,32,110.0,494.6158317613128
2026-09-29 09:58:13,11,12,17,4,6,39,129.0,604.8654495806977
2026-09-29 09:58:25,17,17,17,2,1,37,105.0,486.9465467712705
2026-09-29 09:58:37,4,24,4,1,3,32,125.0,562.06344518331
2026-09-29 09:58:49,14,20,16,2,1,39,116.0,543.9100166772165
2026-09-29 09:59:01,10,26,1,2,3,32,137.0,616.0215359209077
2026-09-29 09:59:14,21,20,20,3,2,45,133.0,642.2093057330496
2026-09-29 09:59:26,21,23,22,0,4,49,138.0,677.8591747490842
2026-09-29 09:59:38,14,19,11,1,3,34,112.0,510.1989828868143
2026-09-29 09:59:50,14,24,19,1,5,49,152.0,746.6274968250782
2026-09-29 10:00:02,14,16,12,0,3,31,94.0,419.7791748631743
2026-09-29 10:00:14,16,17,14,2,6,39,132.0,618.9320879430395
2026-09-29 10:00:26,16,14,15,0,8,37,119.0,551.8727530074399
2026-09-29 10:02:52,14,13,17,1,3,34,94.0,428.20271778000483
2026-09-29 10:02:57,9,16,10,3,9,38,149.0,694.8706852733173
2026-09-29 10:03:04,23,13,26,1,1,41,91.0,431.12793526378647
2026-09-29 10:03:17,10,23,5,6,7,41,181.0,857.5182009092896
2026-09-29 10:03:29,13,22,16,0,5,43,134.0,641.0814109450471
2026-09-29 10:03:40,12,22,8,2,8,40,158.0,744.7443865392806
2026-09-29 10:03:52,22,14,17,1,8,40,128.0,603.3372245381514
2026-09-29 10:04:05,8,13,12,0,11,36,130.0,599.419328643749
2026-09-29 10:04:20,7,16,11,1,6,34,118.0,537.5310712557507
2026-09-29 10:04:29,13,22,8,1,9,40,157.0,740.0308144725764
2026-09-29 10:04:41,3,25,1,0,12,38,173.0,806.7961647804289
2026-09-29 10:04:53,4,18,2,1,7,28,123.0,537.1773870883363
2026-09-29 10:05:05,13,15,16,0,8,39,124.0,581.4210523101281
2026-09-29 10:05:17,12,21,13,0,9,43,151.0,722.4126347216575
2026-09-29 10:05:29,3,15,1,0,2,18,73.0,287.94404547915013
2026-09-29 10:05:41,13,12,20,1,2,35,87.0,398.76614764568154
2026-09-29 10:05:53,18,15,23,3,1,42,110.0,523.7320127262918
2026-09-29 10:06:06,9,18,14,2,4,38,124.0,578.2816441200762
2026-09-29 10:06:18,7,15,6,5,4,30,125.0,554.2484005606433
2026-09-29 10:06:30,9,10,15,2,3,30,87.0,385.7568867902077
2026-09-29 10:06:42,28,8,29,2,7,46,117.0,567.4672694000768
2026-09-29 10:06:55,11,18,9,0,4,31,105.0,468.90226979397136
2026-09-29 10:07:06,20,7,21,2,6,36,99.0,456.48087335177814
2026-09-29 10:07:18,10,16,8,0,9,33,126.0,570.3214261016363
2026-09-29 10:07:31,14,14,15,0,5,34,101.0,460.09015421043074
2026-09-29 10:07:43,13,22,13,2,5,42,145.0,690.3740167755665
2026-09-29 10:07:55,10,19,8,0,6,33,120.0,543.1632629539394
2026-09-29 10:08:07,11,20,7,0,5,32,117.0,526.0913846915781
2026-09-29 10:08:19,14,9,10,0,8,27,94.0,407.2272239564692
2026-09-29 10:08:31,12,11,11,0,2,24,67.0,282.66468026616946
2026-09-29 10:08:44,12,16,11,0,3,30,93.0,412.3608100171186
2026-09-29 10:08:55,10,16,11,0,7,34,117.0,532.9757231942614
2026-09-29 10:09:07,12,16,12,0,2,30,88.0,390.1908739946929
2026-09-29 10:09:20,2,10,3,0,1,14,49.0,181.6944598540083
2026-09-29 10:09:33,11,15,26,1,1,43,99.0,473.6347737579079
2026-09-29 10:09:47,4,18,6,2,1,27,98.0,424.55604199717004
2026-09-29 10:09:58,7,17,10,1,1,29,91.0,400.5089617312562
2026-09-29 10:10:10,3,18,6,6,1,31,126.0,562.6827237527656
2026-09-29 10:10:22,10,17,8,3,5,33,127.0,574.8477866262525
2026-09-29 10:10:34,13,19,10,0,4,33,110.0,497.89965770777775
2026-09-29 10:10:47,6,25,7,2,3,37,139.0,644.6244762019676
2026-09-29 10:10:59,14,21,10,0,5,36,124.0,571.7538211678838
2026-09-29 10:11:10,18,17,22,2,10,51,164.0,812.003969847354
2026-09-29 10:11:23,15,15,15,1,11,42,148.0,704.6576171226471
2026-09-29 10:11:35,9,17,5,2,3,27,105.0,454.8814735683965
2026-09-29 10:11:47,19,22,27,1,3,53,140.0,698.4577665189985
2026-09-29 10:11:59,15,27,9,2,3,41,149.0,705.9127731242219
2026-09-29 10:12:11,22,13,13,1,4,31,96.0,428.7106466687738
2026-09-29 10:12:23,18,9,16,0,9,34,106.0,482.86689451787777
2026-09-29 10:12:35,10,15,11,0,6,32,107.0,481.12630907691334
2026-09-29 10:12:47,9,14,5,1,1,21,74.0,302.7371415485154
2026-09-29 10:13:00,2,12,2,0,2,16,62.0,237.6592273314854
2026-09-29 10:13:11,5,7,17,1,2,27,64.0,277.2610886512131
2026-09-29 10:13:24,7,14,11,5,3,33,120.0,543.1632629539394
2026-09-29 10:13:36,17,17,16,1,5,39,121.0,567.3544139477863
2026-09-29 10:13:48,12,15,9,1,4,29,100.0,440.1197381662156
2026-09-29 10:14:00,6,15,5,2,5,27,109.0,472.2102916090973
2026-09-29 10:14:12,20,15,30,0,1,46,96.0,465.6141697641656
2026-09-29 10:14:25,12,18,12,1,3,34,109.0,496.53293870234603
2026-09-29 10:14:37,20,14,19,1,7,41,124.0,587.4710326671376
2026-09-29 10:14:49,14,23,9,0,4,36,125.0,576.364739080528
2026-09-29 10:15:02,17,14,13,2,8,37,131.0,607.5237869241565
2026-09-29 10:15:14,7,13,8,2,12,35,146.0,669.193765014592
2026-09-29 10:15:26,9,18,7,4,5,34,137.0,624.0826844240496
2026-09-29 10:15:38,8,15,10,0,2,27,82.0,355.24076983436674
2026-09-29 10:15:50,12,11,12,0,4,27,80.0,346.5763608140163
2026-09-29 10:16:02,14,10,14,0,2,26,66.0,283.5252331562857
2026-09-29 10:16:15,6,11,5,2,2,20,75.0,303.3391828292567
2026-09-29 10:16:26,11,11,9,0,4,24,77.0,324.85343851485146
2026-09-29 10:16:39,8,9,4,1,5,19,77.0,307.6713850636573
2026-09-29 10:16:51,4,16,9,0,3,28,91.0,397.4239205287692
2026-09-29 10:17:03,14,15,12,6,2,35,126.0,577.5233862454699
2026-09-29 10:17:15,13,18,13,4,1,36,119.0,548.6992316046626
2026-09-29 10:17:27,5,22,4,1,8,35,147.0,673.7772839530481
2026-09-29 10:17:39,12,12,12,1,2,27,79.0,342.2441563038411
2026-09-29 10:17:51,15,11,15,1,5,32,96.0,431.66472590078206
2026-09-29 10:18:03,16,13,17,1,7,38,118.0,550.3002742432983
2026-09-29 10:18:17,5,20,1,1,7,29,130.0,572.1556596160802
2026-09-29 10:18:28,10,20,9,0,5,34,119.0,542.0864193172401
2026-09-29 10:18:42,6,22,7,0,9,38,149.0,694.8706852733173
2026-09-29 10:18:54,11,13,8,0,8,29,108.0,475.32931721951286
2026-09-29 10:19:06,17,19,13,0,9,41,143.0,677.4867554145217
2026-09-29 10:19:18,10,21,8,0,5,34,122.0,555.7524635017083
2026-09-29 10:19:32,14,21,11,0,4,36,119.0,548.6992316046626
2026-09-29 10:19:44,8,15,9,1,6,31,112.0,500.1624211135694
2026-09-29 10:19:54,15,12,22,1,6,41,113.0,535.3566668660205
2026-09-29 10:20:06,18,16,17,0,3,36,99.0,456.48087335177814
2026-09-29 10:20:19,6,12,6,0,4,22,78.0,322.56854884247366
2026-09-29 10:20:31,3,11,3,0,1,15,53.0,199.9472022787084
2026-09-29 10:20:44,15,11,21,1,6,39,108.0,506.39898104430506
2026-09-29 10:20:55,11,16,13,3,6,38,134.0,624.9172605813726
2026-09-29 10:21:09,11,17,16,0,3,36,102.0,470.31362708971085
2026-09-29 10:21:21,10,19,9,2,2,32,111.0,499.11233932277923
2026-09-29 10:21:33,8,21,8,0,4,33,116.0,525.0578208554747
2026-09-29 10:21:45,14,23,12,2,9,46,172.0,834.22538749413
2026-09-29 10:21:58,9,27,5,1,7,40,162.0,763.5986748060978
2026-09-29 10:22:10,15,16,8,1,8,33,127.0,574.8477866262525
2026-09-29 10:22:22,11,20,12,0,6,38,128.0,596.9358907045947
2026-09-29 10:22:34,11,13,10,0,3,26,80.0,343.66694928034633
2026-09-29 10:22:46,12,15,12,0,4,31,96.0,428.7106466687738
2026-09-29 10:22:58,9,16,6,4,4,30,122.0,540.9464389471879
2026-09-29 10:23:10,6,14,8,1,2,25,83.0,353.42201265578296
2026-09-29 10:23:22,11,14,6,0,6,26,98.0,420.99201286842424
2026-09-29 10:23:34,14,10,18,0,4,32,82.0,368.7136200402513
2026-09-29 10:23:46,4,15,2,0,1,18,68.0,268.2218505833179
2026-09-29 10:23:58,10,11,10,0,1,22,60.0,248.12965295574898
2026-09-29 10:24:11,4,9,3,0,0,12,39.0,139.03302494099992
2026-09-29 10:24:23,21,10,20,4,3,37,106.0,491.5841329309969
2026-09-29 10:24:35,13,12,18,7,4,41,139.0,658.5360769413882
2026-09-29 10:24:48,9,19,11,2,1,33,107.0,484.3205761339293
2026-09-29 10:25:00,10,16,20,2,3,41,116.0,549.5696757208707
2026-09-29 10:25:11,12,16,15,4,3,38,125.0,582.9452057662057
2026-09-29 10:25:24,25,17,33,0,3,53,119.0,593.6891015411487
2026-09-29 10:25:36,16,20,14,0,4,38,118.0,550.3002742432983
2026-09-29 10:25:48,10,19,10,0,8,37,134.0,621.4365454033357
2026-09-29 10:26:00,11,17,16,2,7,42,140.0,666.5680161970987
2026-09-29 10:26:12,13,22,17,0,4,43,129.0,617.1604627754557
2026-09-29 10:26:26,12,23,20,0,4,47,136.0,662.4833374834732
2026-09-29 10:26:38,10,24,12,1,7,44,157.0,754.6460108939402
2026-09-29 10:26:50,9,14,3,1,10,28,126.0,550.2792745782958
2026-09-29 10:27:02,11,12,13,2,9,36,129.0,594.8084107311049
2026-09-29 10:27:15,11,17,12,0,8,37,128.0,593.6110284449774
2026-09-29 10:27:26,5,15,5,0,7,27,107.0,463.54588258874685
2026-09-29 10:27:43,7,22,10,0,5,37,128.0,593.6110284449774
2026-09-29 10:27:50,5,15,3,0,8,26,111.0,476.83789212648054
2026-09-29 10:28:03,7,11,12,1,1,25,69.0,293.80866112348224
2026-09-29 10:28:15,16,10,21,6,2,39,115.0,539.2211372231026
2026-09-29 10:28:27,9,17,14,5,5,41,147.0,696.4374338876551
2026-09-29 10:28:39,11,20,13,1,2,36,112.0,516.422806216153
2026-09-29 10:28:52,4,26,9,2,3,40,145.0,683.4679496721246
2026-09-29 10:29:03,14,12,16,3,6,37,121.0,561.1479253268926
2026-09-29 10:29:16,23,14,27,0,3,44,101.0,485.47291146680226
2026-09-29 10:29:27,3,25,0,0,4,29,124.0,545.7484753261074
2026-09-29 10:29:41,9,19,3,1,5,28,116.0,506.60631627843105
2026-09-29 10:29:52,7,12,10,4,4,30,110.0,487.73859249336607
2026-09-29 10:30:04,9,16,13,2,1,32,97.0,436.16123346224856
2026-09-29 10:30:19,2,21,2,0,0,23,86.0,359.3126294099233
2026-09-29 10:30:31,10,18,12,0,7,37,126.0,584.3358561255246
2026-09-29 10:30:43,13,15,9,0,3,27,87.0,376.90179238524274
2026-09-29 10:30:54,2,15,3,0,4,22,87.0,359.787996785836
2026-09-29 10:31:05,2,16,1,0,8,25,113.0,481.1649087964274
2026-09-29 10:31:17,15,14,10,0,4,28,90.0,393.0566246987827
2026-09-29 10:31:29,7,10,6,0,5,21,76.0,310.91922645523204
2026-09-29 10:31:41,5,8,1,0,2,11,45.0,156.82079924046002
2026-09-29 10:31:53,14,5,19,2,2,28,65.0,283.87422894912083
2026-09-29 10:32:05,15,14,17,4,1,36,107.0,493.36821665293195
2026-09-29 10:32:17,8,24,6,1,3,34,127.0,578.5292038091554
2026-09-29 10:32:32,8,12,8,0,3,23,74.0,309.17598344574793
2026-09-29 10:32:43,6,16,8,1,3,28,97.0,423.627695508688
2026-09-29 10:32:54,25,12,26,0,4,42,98.0,466.59761133796906
2026-09-29 10:33:06,7,19,6,4,9,38,164.0,764.824109965262
2026-09-29 10:33:18,16,8,13,1,10,32,112.0,503.60884688424574
2026-09-29 10:33:30,12,9,11,0,10,30,107.0,474.43663087991064
2026-09-29 10:33:43,5,19,5,1,6,31,124.0,553.7512519471661
2026-09-29 10:33:54,6,18,10,0,7,35,124.0,568.3563483685576
2026-09-29 10:34:06,21,11,20,0,5,36,94.0,433.42628378855704
2026-09-29 10:34:19,18,18,20,0,8,46,140.0,679.0206642394082
2026-09-29 10:34:31,17,17,15,0,6,38,119.0,554.9638358894279
2026-09-29 10:34:44,11,9,9,7,4,29,118.0,519.3412910361344
2026-09-29 10:34:55,15,8,17,0,8,33,97.0,439.05697088776765
2026-09-29 10:35:07,17,10,14,1,1,26,67.0,287.82107002229003
2026-09-29 10:35:19,18,11,10,1,2,24,73.0,307.9779352153787
2026-09-29 10:35:33,5,11,2,0,2,15,58.0,218.81014588990732
2026-09-29 10:35:45,4,5,9,3,4,21,74.0,302.7371415485154
2026-09-29 10:35:57,19,8,18,4,4,34,102.0,464.6455022719201
2026-09-29 10:36:09,2,20,5,4,1,30,119.0,527.6444773337324
2026-09-29 10:36:21,7,21,12,4,2,39,136.0,637.6876057594952
2026-09-29 10:36:33,3,17,6,2,4,29,112.0,492.93410674616143
2026-09-29 10:36:46,14,20,10,4,2,36,130.0,599.419328643749
2026-09-29 10:36:58,4,22,5,2,1,30,113.0,501.0405541068215
2026-09-29 10:37:11,24,16,21,2,1,40,105.0,494.92506700395234
2026-09-29 10:37:22,15,16,17,0,6,39,117.0,548.5988961313304
2026-09-29 10:37:34,11,17,11,0,6,34,115.0,523.8650270712825
2026-09-29 10:37:46,13,15,14,1,7,37,123.0,570.4230976463455
2026-09-29 10:37:58,10,22,6,1,7,36,143.0,659.361261508124
2026-09-29 10:38:11,14,17,8,2,11,38,156.0,727.5156167962248
2026-09-29 10:38:23,10,20,8,0,9,37,142.0,658.5372346811467
2026-09-29 10:38:35,11,17,7,1,7,32,124.0,557.5669376218435
2026-09-29 10:38:48,15,20,14,0,7,41,136.0,644.323068086538
2026-09-29 10:38:59,8,16,8,0,4,28,96.0,419.26039967870156
2026-09-29 10:39:11,12,9,11,1,4,25,78.0,332.13152996567555
2026-09-29 10:39:24,5,14,6,3,3,26,101.0,433.87952346643726
2026-09-29 10:39:37,5,12,2,0,1,15,56.0,211.26496844542774
2026-09-29 10:39:48,2,8,1,0,0,9,33.0,108.98530806880352
2026-09-29 10:40:01,10,8,15,2,0,25,61.0,259.74388881931037
2026-09-29 10:40:14,10,15,18,2,1,36,98.0,451.86995543913395
2026-09-29 10:40:25,5,19,8,0,2,29,96.0,422.51494863956697
2026-09-29 10:40:37,7,20,15,1,2,38,114.0,531.6460276587796
2026-09-29 10:40:49,11,27,6,1,3,37,139.0,644.6244762019676
2026-09-29 10:41:02,6,18,5,1,4,28,108.0,471.66794963853926
2026-09-29 10:41:15,5,18,3,2,4,27,113.0,489.5391096497981
2026-09-29 10:41:26,24,17,19,0,2,38,99.0,461.692602966835
2026-09-29 10:41:38,21,13,21,1,8,43,128.0,612.3762731415375
2026-09-29 10:41:50,12,21,7,3,6,37,148.0,686.3627516395051
2026-09-29 10:42:03,13,16,5,3,5,29,120.0,528.1436857994587
2026-09-29 10:42:15,15,19,13,2,9,43,157.0,751.1177725251671
2026-09-29 10:42:26,11,17,10,0,9,36,132.0,608.6411644690376
2026-09-29 10:42:43,9,19,10,0,5,34,116.0,528.4203751327719
2026-09-29 10:42:50,13,14,12,0,9,35,122.0,559.1893104916454
2026-09-29 10:43:03,4,17,4,1,14,36,163.0,751.5796197610085
2026-09-29 10:43:15,19,16,14,0,7,37,120.0,556.5103391671663
2026-09-29 10:43:27,14,9,9,0,6,24,81.0,341.7289418143243
2026-09-29 10:43:39,12,11,9,0,6,26,89.0,382.3294810743853
2026-09-29 10:43:51,3,8,2,0,7,17,76.0,295.6682536001085
2026-09-29 10:44:03,8,7,14,0,5,26,72.0,309.3002543523117
2026-09-29 10:44:15,1,11,1,4,1,17,79.0,307.339368873797
2026-09-29 10:44:27,17,14,12,5,1,32,109.0,490.1193241998463
2026-09-29 10:44:39,12,13,12,8,3,36,138.0,636.3066719449029
2026-09-29 10:44:51,22,10,22,0,2,34,74.0,337.09575655021655
2026-09-29 10:45:04,9,18,13,0,2,33,97.0,439.05697088776765
2026-09-29 10:45:16,10,14,10,1,2,27,85.0,368.23738336489237
2026-09-29 10:45:28,4,18,5,2,3,28,109.0,476.0352454685257
2026-09-29 10:45:40,23,19,27,2,2,50,129.0,636.2055066214381
2026-09-29 10:45:52,13,13,20,0,2,35,84.0,385.0155908303132
2026-09-29 10:46:04,9,15,12,0,7,34,114.0,519.3096790097931
2026-09-29 10:46:17,11,25,9,0,5,39,139.0,651.7542441218371
2026-09-29 10:46:29,12,19,15,0,6,40,127.0,598.6236524714471
2026-09-29 10:46:40,13,14,9,3,12,38,158.0,736.8427400884841
2026-09-29 10:46:53,17,20,11,1,7,39,140.0,656.4431235759511
2026-09-29 10:47:05,11,22,12,0,4,38,124.0,578.2816441200762
2026-09-29 10:47:17,15,23,12,0,4,39,128.0,600.1765701265838
2026-09-29 10:47:32,7,23,6,0,1,30,104.0,461.1346692664552
2026-09-29 10:47:42,13,20,10,1,1,32,103.0,463.1402788310474
2026-09-29 10:47:54,9,10,10,0,0,20,50.0,202.22612188617114
2026-09-29 10:48:05,13,9,11,3,2,25,80.0,340.64772304171856
2026-09-29 10:48:17,1,7,2,0,1,10,36.0,122.32422982074135
2026-09-29 10:48:32,2,6,4,0,1,11,34.0,118.48682609279201
2026-09-29 10:48:42,16,14,18,2,3,37,106.0,491.5841329309969
2026-09-29 10:48:54,10,17,10,4,2,33,118.0,534.110541904707
2026-09-29 10:49:06,7,15,8,4,3,30,114.0,505.47454131130667
2026-09-29 10:49:18,14,15,13,7,4,39,146.0,684.5764003006346
2026-09-29 10:49:30,8,17,10,4,6,37,142.0,658.5372346811467
2026-09-29 10:49:46,8,20,8,1,5,34,125.0,569.4185076861767
2026-09-29 10:49:54,19,15,33,2,2,52,119.0,591.4647377127026
2026-09-29 10:50:07,11,25,8,1,4,38,139.0,648.2350688120208
2026-09-29 10:50:19,13,14,7,0,8,29,111.0,488.5329093644993
2026-09-29 10:50:31,8,14,11,1,9,35,128.0,586.6904241223821
2026-09-29 10:50:43,12,13,12,2,10,37,138.0,639.9868900422413
2026-09-29 10:50:55,10,20,4,1,9,34,145.0,660.5254689159649
2026-09-29 10:51:07,14,10,14,0,11,35,120.0,550.0222726147332
2026-09-29 10:51:19,16,16,19,1,9,45,144.0,695.3243610944297
2026-09-29 10:51:32,12,20,4,3,9,36,159.0,733.1359481104316
2026-09-29 10:51:44,16,17,13,4,7,41,151.0,715.3881123607886
2026-09-29 10:51:59,15,18,14,1,9,42,147.0,699.8964170069536
2026-09-29 10:52:11,8,20,7,5,7,39,164.0,768.9762304746855
2026-09-29 10:52:22,12,18,14,0,7,39,128.0,600.1765701265838
2026-09-29 10:52:33,5,10,5,0,0,15,45.0,169.76649250079015
2026-09-29 10:52:47,5,9,9,3,0,21,66.0,270.00880192164885
2026-09-29 10:53:00,14,10,22,6,2,40,116.0,546.7743597376997
2026-09-29 10:53:10,19,13,8,2,0,23,74.0,309.17598344574793
2026-09-29 10:53:22,10,15,13,2,2,32,99.0,445.1542485851815
2026-09-29 10:53:34,13,25,11,1,1,38,124.0,578.2816441200762
2026-09-29 10:53:48,11,13,11,0,4,28,87.0,379.9547372088233
2026-09-29 10:53:58,3,12,3,2,6,23,101.0,421.9834368651425
2026-09-29 10:54:14,26,9,32,1,1,43,81.0,387.5193603473792
2026-09-29 10:54:22,24,17,25,2,4,48,131.0,640.8284590524921
2026-09-29 10:54:35,23,16,20,5,6,47,155.0,755.036156690723
2026-09-29 10:54:48,8,13,6,0,9,28,112.0,489.13713295848515
2026-09-29 10:55:00,10,18,6,0,9,33,132.0,597.4795892493333
2026-09-29 10:55:11,12,18,9,0,6,33,117.0,529.5841813800909
2026-09-29 10:55:23,11,11,10,0,6,27,90.0,389.89840591576836
2026-09-29 10:55:35,7,24,9,1,1,35,118.0,540.855234737821
2026-09-29 10:55:48,12,14,10,0,7,31,108.0,482.2994775023705
2026-09-29 10:56:02,10,13,10,0,4,27,86.0,372.56958787506755
2026-09-29 10:56:11,7,15,6,2,7,30,122.0,540.9464389471879
2026-09-29 10:56:24,7,13,6,1,3,23,83.0,346.77846791887947
2026-09-29 10:56:36,14,9,17,0,3,29,71.0,312.4850140980131
2026-09-29 10:56:48,1,6,1,1,2,10,44.0,149.5073920031283
2026-09-29 10:57:03,12,8,11,2,0,21,57.0,233.189419841424
2026-09-29 10:57:15,10,16,15,4,2,37,119.0,551.8727530074399
2026-09-29 10:57:28,14,13,17,2,1,33,89.0,402.8460866908384
2026-09-29 10:57:40,10,15,9,1,4,29,100.0,440.1197381662156
2026-09-29 10:57:52,13,16,7,2,3,28,103.0,449.8314704886069
2026-09-29 10:58:04,3,26,7,2,3,38,143.0,666.8893153965395
2026-09-29 10:58:16,4,16,2,1,3,22,91.0,376.32997364955264
2026-09-29 10:58:28,17,6,27,1,0,34,58.0,264.21018756638597
2026-09-29 10:58:45,12,16,11,0,5,32,105.0,472.1332939539804
2026-09-29 10:58:52,10,19,8,0,2,29,96.0,422.51494863956697
2026-09-29 10:59:05,25,15,26,0,4,45,110.0,531.1505536138004
2026-09-29 10:59:18,15,13,12,1,4,30,95.0,421.2287844260889
2026-09-29 10:59:30,11,12,13,2,8,35,123.0,563.7728294301015
2026-09-29 10:59:41,15,15,18,0,6,39,114.0,534.5322577689886
2026-09-29 10:59:53,14,23,12,1,2,38,123.0,573.6180824739465
2026-09-29 11:00:05,2,22,1,0,3,26,107.0,459.6545446624632
2026-09-29 11:00:17,19,18,15,2,2,37,113.0,524.0472360490816
2026-09-29 11:00:31,5,19,6,0,1,26,88.0,378.03364420838096
2026-09-29 11:00:44,13,13,14,1,3,31,91.0,406.38196715477517
2026-09-29 11:00:57,4,15,1,1,6,23,104.0,434.51759835618634
2026-09-29 11:01:09,2,14,3,0,1,18,65.0,256.3885336458186
2026-09-29 11:01:23,15,6,17,1,6,30,84.0,372.4549251767523
2026-09-29 11:01:35,15,10,19,1,7,37,108.0,500.85930525044967
2026-09-29 11:01:47,9,23,9,1,4,37,132.0,612.161373083883
2026-09-29 11:01:59,7,11,11,4,5,31,113.0,504.62815701636913
2026-09-29 11:02:14,7,23,5,2,11,41,177.0,838.5675224361561
2026-09-29 11:02:23,9,15,6,0,8,29,114.0,501.7365015094858
2026-09-29 11:02:36,9,16,11,0,1,28,81.0,353.7509622289044
2026-09-29 11:02:50,20,11,21,1,5,38,102.0,475.68328790522395
2026-09-29 11:03:00,15,15,10,0,6,31,106.0,473.36800569677104
2026-09-29 11:03:12,6,17,5,0,6,28,109.0,476.0352454685257
2026-09-29 11:03:28,9,12,10,0,5,27,88.0,381.233996895418
2026-09-29 11:03:36,5,17,12,0,5,34,110.0,501.0882867638354
2026-09-29 11:03:48,9,15,8,2,5,30,112.0,496.6065669023364
2026-09-29 11:04:01,15,16,11,0,5,32,105.0,472.1332939539804
2026-09-29 11:04:14,9,18,9,1,5,33,118.0,534.110541904707
2026-09-29 11:04:25,9,16,8,1,7,32,121.0,544.077414937444
2026-09-29 11:04:37,7,13,5,0,4,22,81.0,334.97503149026113
2026-09-29 11:04:49,7,16,9,0,1,26,79.0,339.371112414342
2026-09-29 11:05:01,16,13,21,1,5,40,110.0,518.4929273374739
2026-09-29 11:05:16,4,11,6,0,2,19,62.0,247.73540096034742
2026-09-29 11:05:30,7,8,7,0,2,17,51.0,198.4089596527044
2026-09-29 11:05:40,18,9,18,2,3,32,86.0,386.6996502861173
2026-09-29 11:05:52,12,12,18,10,0,40,136.0,641.0458010717858
2026-09-29 11:06:04,17,14,18,4,2,38,114.0,531.6460276587796
2026-09-29 11:06:16,2,22,1,5,4,32,148.0,665.483119097039
2026-09-29 11:06:28,4,27,4,1,5,37,149.0,691.0003377992315
2026-09-29 11:06:43,12,20,11,3,2,36,124.0,571.7538211678838
2026-09-29 11:06:52,22,16,21,0,3,40,103.0,485.49792287054373
2026-09-29 11:07:05,13,21,17,3,2,43,134.0,641.0814109450471
2026-09-29 11:07:17,14,19,8,1,0,28,91.0,397.4239205287692
2026-09-29 11:07:29,3,15,3,0,10,28,123.0,537.1773870883363
2026-09-29 11:07:41,7,19,10,3,5,37,137.0,635.3493038825148
2026-09-29 11:07:53,3,15,5,3,10,33,146.0,660.8486365939596
2026-09-29 11:08:05,7,22,5,5,10,42,188.0,895.1056217503897
2026-09-29 11:08:17,8,20,8,2,8,38,150.0,699.5342469194469
2026-09-29 11:08:32,17,16,14,3,8,41,147.0,696.4374338876551
2026-09-29 11:08:42,10,11,10,0,2,23,66.0,275.7515528029644
2026-09-29 11:08:54,11,11,9,0,0,20,53.0,214.3596891993414
2026-09-29 11:09:06,7,15,3,0,5,23,93.0,388.5590062223589
2026-09-29 11:09:19,6,10,10,0,1,21,56.0,229.0983773880657
2026-09-29 11:09:32,8,3,5,0,0,8,17.0,54.352817814715735
2026-09-29 11:09:44,4,9,3,0,0,12,39.0,139.03302494099992
2026-09-29 11:09:57,11,15,20,1,2,38,99.0,461.692602966835
2026-09-29 11:10:07,10,13,12,1,5,31,101.0,451.0393261827724
2026-09-29 11:10:19,3,24,5,0,5,34,131.0,596.7505960551131
2026-09-29 11:10:31,13,12,17,0,5,34,95.0,432.7580658414942
2026-09-29 11:10:46,11,25,5,0,3,33,123.0,556.7423445277878
2026-09-29 11:10:57,4,20,6,3,4,33,131.0,592.9532287247172
2026-09-29 11:11:08,24,17,24,1,4,46,123.0,596.5681550103371
2026-09-29 11:11:20,15,16,17,1,8,42,136.0,647.5232157343244
2026-09-29 11:11:32,7,19,5,1,9,34,142.0,646.8594247314967
2026-09-29 11:11:44,7,24,6,0,4,34,126.0,573.973855747666
2026-09-29 11:11:57,8,14,3,0,4,21,83.0,339.55652362874025
2026-09-29 11:12:09,17,17,19,0,5,41,117.0,554.307345339154
2026-09-29 11:12:21,6,12,5,0,6,23,89.0,371.8467909009671
2026-09-29 11:12:33,7,16,6,0,2,24,82.0,345.94781763919246
2026-09-29 11:12:46,19,12,17,0,4,33,89.0,402.8460866908384
2026-09-29 11:12:57,11,15,12,0,5,32,102.0,458.64377126958095
2026-09-29 11:13:09,12,16,9,1,4,30,104.0,461.1346692664552
2026-09-29 11:13:22,2,21,1,1,1,24,98.0,413.4498308370837
2026-09-29 11:13:33,12,17,9,1,4,31,108.0,482.2994775023705
2026-09-29 11:13:46,1,10,1,0,1,12,47.0,167.5526198006922
2026-09-29 11:14:00,3,13,1,0,2,16,65.0,249.15886736365405
2026-09-29 11:14:10,18,8,16,4,1,29,82.0,360.8981852962968
2026-09-29 11:14:22,11,12,15,5,1,33,104.0,470.7414945600808
2026-09-29 11:14:34,11,16,11,3,3,33,114.0,516.0050998062425
2026-09-29 11:14:46,2,21,2,5,3,31,139.0,620.7372904891621
2026-09-29 11:14:59,5,21,3,3,3,30,126.0,558.6823877651284
2026-09-29 11:15:12,11,19,7,3,2,31,116.0,518.0253647247683
2026-09-29 11:15:24,25,19,22,1,3,45,123.0,593.9228917681587
2026-09-29 11:15:36,19,19,18,0,5,42,124.0,590.3888143460017
2026-09-29 11:15:50,19,19,20,2,3,44,128.0,615.2527986906009
2026-09-29 11:16:02,1,23,0,1,9,33,153.0,692.5331602662727
2026-09-29 11:16:14,10,19,8,1,5,33,121.0,547.6896234785555
2026-09-29 11:16:27,2,20,3,1,4,28,114.0,497.8717246184581
2026-09-29 11:16:38,11,19,11,0,6,36,123.0,567.1429032552395
2026-09-29 11:16:50,6,22,8,1,7,38,145.0,676.2164386887987
2026-09-29 11:17:02,7,20,4,2,6,32,134.0,602.5320132365083
2026-09-29 11:17:15,2,13,1,0,3,17,71.0,276.21639481062766
2026-09-29 11:17:27,4,16,5,0,3,24,87.0,367.04219676353347
2026-09-29 11:17:39,2,16,3,0,6,25,103.0,438.5839434162126
2026-09-29 11:17:51,9,17,12,1,5,35,117.0,536.2717157993649
2026-09-29 11:18:03,1,10,0,0,4,14,64.0,237.31521287054144
2026-09-29 11:18:15,12,15,9,0,2,26,81.0,347.96278614635065
2026-09-29 11:18:29,22,8,19,4,4,35,103.0,472.10245066097934
2026-09-29 11:18:39,8,15,6,6,3,30,126.0,558.6823877651284
2026-09-29 11:18:52,4,17,7,0,4,28,99.0,432.362287168661
2026-09-29 11:19:04,14,26,13,2,3,44,149.0,716.1927109757776
2026-09-29 11:19:17,6,19,8,0,2,29,96.0,422.51494863956697
2026-09-29 11:19:28,3,14,7,0,1,22,69.0,285.3491008991113
2026-09-29 11:19:40,21,5,21,3,3,32,80.0,359.7206049173184
2026-09-29 11:19:52,27,18,20,2,4,44,130.0,624.8661236701415
2026-09-29 11:20:04,12,13,11,0,5,29,93.0,409.3113564945805
2026-09-29 11:20:16,20,15,20,0,4,39,104.0,487.64346322784934
2026-09-29 11:20:29,14,13,17,0,5,35,99.0,453.7683749071549
2026-09-29 11:20:41,10,15,8,1,11,35,141.0,646.2761703223115
2026-09-29 11:20:53,15,16,17,2,10,45,155.0,748.4394164558097
2026-09-29 11:21:05,12,16,12,0,9,37,130.0,602.8862007644301
2026-09-29 11:21:17,12,17,11,2,8,38,141.0,657.5621921042801
2026-09-29 11:21:34,6,25,5,0,5,35,135.0,618.7750566915748
2026-09-29 11:21:42,15,20,15,2,5,42,139.0,661.8068160814051
2026-09-29 11:21:53,8,21,10,1,6,38,137.0,638.9079455197616
2026-09-29 11:22:06,9,12,13,0,5,30,91.0,403.4928356081483
2026-09-29 11:22:18,0,9,0,2,6,17,86.0,334.57197117907015
2026-09-29 11:22:33,6,8,8,1,2,19,59.0,235.74820413968547
2026-09-29 11:22:42,18,11,29,3,3,46,112.0,543.2165313915266
2026-09-29 11:22:54,7,13,7,4,5,29,117.0,514.9400936544722
2026-09-29 11:23:06,7,19,5,2,5,31,125.0,558.2169878499659
2026-09-29 11:23:20,16,16,16,2,5,39,124.0,581.4210523101281
2026-09-29 11:23:33,14,17,10,1,6,34,121.0,551.197115440219
2026-09-29 11:23:46,7,15,6,1,6,28,109.0,476.0352454685257
2026-09-29 11:23:55,23,13,26,0,2,41,90.0,426.3902656455031
2026-09-29 11:24:07,16,19,18,1,3,41,119.0,563.7826845757207
2026-09-29 11:24:19,11,16,5,1,11,33,142.0,642.7431944954949
2026-09-29 11:24:33,12,17,12,0,6,35,116.0,531.6881968609088
2026-09-29 11:24:47,15,14,14,0,8,36,118.0,544.0883136920185
2026-09-29 11:24:57,8,17,13,0,4,34,105.0,478.3115464563884
2026-09-29 11:25:09,11,12,14,2,9,37,130.0,602.8862007644301
2026-09-29 11:25:22,13,16,14,0,3,33,96.0,434.5306103631515
2026-09-29 11:25:34,8,20,7,0,5,32,117.0,526.0913846915781
2026-09-29 11:25:46,6,15,8,1,2,26,87.0,373.73780734237664
2026-09-29 11:26:02,12,19,13,1,3,36,114.0,525.6446420414416
2026-09-29 11:26:14,11,19,8,0,1,28,90.0,393.0566246987827
2026-09-29 11:26:22,6,12,7,0,3,22,73.0,301.89107776282793
2026-09-29 11:26:34,0,8,0,0,2,10,44.0,149.5073920031283
2026-09-29 11:26:47,9,3,14,1,1,19,39.0,155.83355866860563
2026-09-29 11:27:01,12,10,22,1,1,34,75.0,341.651104611706
2026-09-29 11:27:11,6,11,12,7,1,31,111.0,495.6966852107697
2026-09-29 11:27:23,15,13,11,5,1,30,104.0,461.1346692664552
2026-09-29 11:27:35,14,15,17,2,6,40,127.0,598.6236524714471
2026-09-29 11:27:47,2,23,6,0,3,32,116.0,521.5948771301116
2026-09-29 11:28:00,7,17,10,0,0,27,78.0,337.91195179366593
2026-09-29 11:28:15,21,4,30,0,4,38,70.0,326.44931522907524
2026-09-29 11:28:24,8,18,6,0,10,34,138.0,628.638032485539
2026-09-29 11:28:36,11,21,6,0,3,30,108.0,478.8706180843958
2026-09-29 11:28:48,19,12,17,0,5,34,95.0,432.7580658414942
2026-09-29 11:29:02,15,18,11,2,17,48,199.0,973.4722393240147
2026-09-29 11:29:12,15,23,15,1,3,42,132.0,628.4784152715501
2026-09-29 11:29:26,14,18,11,0,7,36,125.0,576.364739080528
2026-09-29 11:29:38,14,14,14,0,7,35,112.0,513.3541211070843
2026-09-29 11:29:50,11,16,15,0,8,39,127.0,595.4876906724699
2026-09-29 11:30:03,6,14,5,0,5,24,91.0,383.9177000630063
2026-09-29 11:30:14,11,15,10,1,3,29,95.0,418.1137512579048
2026-09-29 11:30:26,10,10,10,0,5,25,80.0,340.64772304171856
2026-09-29 11:30:40,6,15,2,1,2,20,81.0,327.6063174555972
2026-09-29 11:30:51,6,15,6,2,4,27,104.0,450.5492690582212
2026-09-29 11:31:03,8,9,8,1,2,20,63.0,254.80491357657561
2026-09-29 11:31:16,15,10,19,8,0,37,115.0,533.3224083685343
2026-09-29 11:31:27,20,20,10,2,2,34,116.0,528.4203751327719
2026-09-29 11:31:41,0,20,3,3,1,27,110.0,476.54249611927247
2026-09-29 11:31:52,1,22,1,5,4,32,148.0,665.483119097039
2026-09-29 11:32:04,8,12,17,1,3,33,90.0,407.37244721545454
2026-09-29 11:32:16,8,16,13,0,2,31,89.0,397.4504953491757
2026-09-29 11:32:32,21,7,30,1,3,41,83.0,393.22657831751957
2026-09-29 11:32:40,22,14,23,0,3,40,97.0,457.21649047031786
2026-09-29 11:32:53,9,14,7,0,7,28,105.0,458.5660621485798
2026-09-29 11:33:05,12,13,15,1,8,37,122.0,565.785511486619
2026-09-29 11:33:17,17,19,9,0,6,34,121.0,551.197115440219
2026-09-29 11:33:31,6,14,10,1,12,37,145.0,672.4499931603259
2026-09-29 11:33:42,4,29,9,0,10,48,185.0,904.986755150466
2026-09-29 11:33:53,11,22,7,1,8,38,150.0,699.5342469194469
2026-09-29 11:34:05,18,22,15,1,4,42,134.0,638.0008155029373
2026-09-29 11:34:18,14,17,14,0,2,33,94.0,425.4778893139192
2026-09-29 11:34:33,8,22,14,0,5,41,132.0,625.3723896134046
2026-09-29 11:34:44,10,18,10,1,3,32,107.0,481.12630907691334
2026-09-29 11:34:55,10,10,10,2,3,25,82.0,349.1639161177615
2026-09-29 11:35:07,0,9,0,2,1,12,56.0,199.63716401784606
2026-09-29 11:35:19,2,5,2,1,0,8,29.0,92.71951274275037
2026-09-29 11:35:31,12,6,19,1,1,27,56.0,242.60345256981145
2026-09-29 11:35:46,14,15,12,1,1,29,85.0,374.1017774412833
2026-09-29 11:35:57,6,17,5,1,2,25,92.0,391.74488149797634
2026-09-29 11:36:09,14,14,17,5,5,41,138.0,653.7984073231048
2026-09-29 11:36:21,4,15,5,5,6,31,136.0,607.3400827807628
2026-09-29 11:36:33,4,13,6,4,7,30,128.0,567.5503621740987
2026-09-29 11:36:46,21,10,29,3,8,50,138.0,680.591937315957
2026-09-29 11:37:02,18,21,27,1,3,52,136.0,675.9597002430886
2026-09-29 11:37:12,10,23,6,1,6,36,141.0,650.1394256828356
2026-09-29 11:37:22,9,16,6,1,8,31,125.0,558.2169878499659
2026-09-29 11:37:34,15,27,15,1,2,45,142.0,685.6670783014515
2026-09-29 11:37:46,2,26,1,1,7,35,154.0,705.8619165222409
2026-09-29 11:37:59,6,17,7,1,7,32,124.0,557.5669376218435
2026-09-29 11:38:12,5,27,6,1,7,41,163.0,772.240147780189
2026-09-29 11:38:23,7,22,7,3,9,41,170.0,805.4038351081725
2026-09-29 11:38:35,2,24,1,1,8,34,152.0,692.4129053463907
2026-09-29 11:38:47,8,10,5,1,6,22,88.0,363.92349100176517
2026-09-29 11:38:59,14,12,17,0,2,31,77.0,343.861664515579
2026-09-29 11:39:12,12,10,13,1,3,27,78.0,337.91195179366593
2026-09-29 11:39:23,1,9,2,1,3,15,63.0,237.6730895011062
2026-09-29 11:39:35,3,5,2,0,0,7,22.0,67.74771391695639
2026-09-29 11:39:47,9,3,10,2,4,19,60.0,239.74393641323945
2026-09-29 11:40:01,15,7,27,4,6,44,119.0,571.992836282668
2026-09-29 11:40:12,15,15,18,4,5,42,136.0,647.5232157343244
2026-09-29 11:40:24,8,18,2,3,2,25,107.0,455.61632956829857
2026-09-29 11:40:36,20,10,22,0,4,36,86.0,396.53894048740324
2026-09-29 11:40:48,6,15,6,1,4,26,97.0,416.6961760024199
2026-09-29 11:41:03,5,14,5,2,4,25,99.0,421.5515572641267
2026-09-29 11:41:12,18,17,20,0,3,40,106.0,499.63863907065667
2026-09-29 11:41:24,9,15,5,0,8,28,113.0,493.5044287884716
2026-09-29 11:41:36,4,14,2,4,4,24,110.0,464.07634073550213
2026-09-29 11:41:49,7,18,9,0,11,38,147.0,685.543561981058
2026-09-29 11:42:02,15,24,15,0,2,41,123.0,582.7333630488542
2026-09-29 11:42:13,17,20,19,0,5,44,129.0,620.0594611803713
2026-09-29 11:42:25,17,14,10,0,7,31,108.0,482.2994775023705
2026-09-29 11:42:37,13,23,11,0,5,39,133.0,623.6209673971534
2026-09-29 11:42:49,14,10,8,2,7,27,104.0,450.5492690582212
2026-09-29 11:43:01,11,11,11,0,3,25,73.0,310.84104727556814
2026-09-29 11:43:14,13,13,14,0,1,28,72.0,314.44529975902617
2026-09-29 11:43:26,16,17,11,0,2,30,91.0,403.4928356081483
2026-09-29 11:43:39,14,7,16,0,2,25,56.0,238.45340612920296
2026-09-29 11:43:51,0,4,0,1,0,5,23.0,64.21046779224527
2026-09-29 11:44:03,8,2,11,1,1,15,32.0,120.722839111673
2026-09-29 11:44:16,15,11,28,1,0,40,79.0,372.3721932696403
2026-09-29 11:44:33,16,13,25,2,3,43,109.0,521.4766700970905
2026-09-29 11:44:40,5,17,7,0,7,31,117.0,522.491100627568
2026-09-29 11:44:52,6,19,6,2,4,31,120.0,535.8883083359673
2026-09-29 11:45:04,9,16,14,5,1,36,119.0,548.6992316046626
2026-09-29 11:45:16,7,11,8,0,1,20,58.0,234.58230138795852
2026-09-29 11:45:33,21,6,36,1,2,45,79.0,381.46267032263853
2026-09-29 11:45:41,21,10,28,1,11,50,141.0,695.38741421413
2026-09-29 11:45:54,15,10,11,0,7,28,93.0,406.1585121887421
2026-09-29 11:46:06,6,24,12,2,8,46,170.0,824.52509229071
2026-09-29 11:46:18,12,12,13,4,11,40,155.0,730.6036703391677
2026-09-29 11:46:31,18,19,18,0,5,42,124.0,590.3888143460017
2026-09-29 11:46:43,24,15,17,2,5,39,121.0,567.3544139477863
2026-09-29 11:46:54,14,15,17,0,6,38,113.0,526.98246601265
2026-09-29 11:47:06,7,12,6,0,4,22,78.0,322.56854884247366
2026-09-29 11:47:19,13,14,19,0,4,37,99.0,459.1210298129122
2026-09-29 11:47:31,6,15,8,0,3,26,86.0,369.4419704763723
2026-09-29 11:47:44,16,17,15,1,4,37,114.0,528.684822208808
2026-09-29 11:47:55,15,12,17,0,2,31,77.0,343.861664515579
2026-09-29 11:48:08,9,15,12,0,1,28,78.0,340.64907473894505
2026-09-29 11:48:20,1,16,0,2,2,20,90.0,364.00701939510805
2026-09-29 11:48:32,15,5,22,1,1,29,55.0,242.06585599141857
2026-09-29 11:48:46,20,14,30,2,2,48,112.0,547.8838733883902
2026-09-29 11:49:03,20,13,22,5,3,43,127.0,607.5920835076192
2026-09-29 11:49:10,4,13,6,5,5,29,123.0,541.3472779444452
2026-09-29 11:49:22,16,22,17,3,0,42,126.0,599.9112145773888
2026-09-29 11:49:35,7,13,6,2,5,26,102.0,438.1753603324416
2026-09-29 11:49:47,24,9,23,3,2,37,92.0,426.6579266948275
2026-09-29 11:50:02,19,18,22,2,4,46,132.0,640.2194834257277
2026-09-29 11:50:11,13,18,14,0,7,39,128.0,600.1765701265838
2026-09-29 11:50:23,22,13,23,0,13,49,153.0,751.5395198305064
2026-09-29 11:50:35,13,18,13,1,10,42,152.0,723.7024175854215
2026-09-29 11:50:47,11,15,7,0,7,29,109.0,479.730514601175
2026-09-29 11:51:02,8,14,7,2,8,31,125.0,558.2169878499659
2026-09-29 11:51:11,2,18,2,0,9,29,128.0,563.353264852756
2026-09-29 11:51:24,13,16,12,0,7,35,118.0,540.855234737821
2026-09-29 11:51:36,9,22,12,0,7,41,142.0,672.7490857962382
2026-09-29 11:51:48,12,19,9,0,3,31,103.0,459.9707979883719
2026-09-29 11:52:03,10,20,11,1,7,39,140.0,656.4431235759511
2026-09-29 11:52:14,11,23,11,2,3,39,135.0,632.9987263053813
2026-09-29 11:52:24,12,12,11,0,3,26,77.0,330.77943868233336
2026-09-29 11:52:36,5,7,4,0,3,14,50.0,185.4025100551105
2026-09-29 11:52:49,10,7,15,0,2,24,55.0,232.03817036775106
2026-09-29 11:53:00,18,12,22,7,2,43,131.0,626.7288420432923
2026-09-29 11:53:13,16,19,14,4,4,41,142.0,672.7490857962382
2026-09-29 11:53:25,4,14,5,2,3,24,93.0,392.3554517127427
2026-09-29 11:53:37,2,20,3,5,8,36,166.0,765.4123734989412
2026-09-29 11:53:51,21,13,28,1,2,44,99.0,475.85958648726165
2026-09-29 11:54:03,4,20,9,1,2,32,108.0,485.62281663837985
2026-09-29 11:54:15,12,16,26,1,5,48,127.0,621.2611778600497
2026-09-29 11:54:28,18,26,22,0,6,54,162.0,811.1879760076604
2026-09-29 11:54:39,12,25,11,0,8,44,159.0,764.2593358734808
2026-09-29 11:54:51,20,22,19,1,2,44,126.0,605.6394737110603
2026-09-29 11:55:03,9,22,11,2,9,44,167.0,802.7126357916434
2026-09-29 11:55:16,3,21,2,1,9,33,147.0,665.3749971185757
2026-09-29 11:55:31,16,15,16,1,8,40,131.0,617.4779407382644
2026-09-29 11:55:40,17,15,14,0,5,34,104.0,473.75619839489895
2026-09-29 11:55:52,9,18,9,1,7,35,130.0,595.8574619992943
2026-09-29 11:56:05,8,23,9,2,9,43,169.0,808.5280481321862
2026-09-29 11:56:17,13,19,9,0,6,34,121.0,551.197115440219
2026-09-29 11:56:32,13,20,14,1,6,41,137.0,649.0607377048215
2026-09-29 11:56:44,13,23,11,2,2,38,129.0,601.5994523507244
2026-09-29 11:56:54,11,14,12,1,1,28,81.0,353.7509622289044
2026-09-29 11:57:06,0,15,0,0,3,18,78.0,307.66624037498235
2026-09-29 11:57:18,13,11,18,2,1,32,82.0,368.7136200402513
2026-09-29 11:57:30,22,15,19,3,1,38,106.0,494.3375344897425
2026-09-29 11:57:42,10,17,14,3,2,36,115.0,530.2555599540857
2026-09-29 11:57:54,15,19,21,8,4,52,177.0,879.7416686987257
2026-09-29 11:58:06,13,18,15,5,7,45,164.0,791.8971890242116
2026-09-29 11:58:19,7,14,11,5,3,33,120.0,543.1632629539394
2026-09-29 11:58:31,11,16,9,6,4,35,139.0,637.1091324453993
2026-09-29 11:58:43,15,15,17,0,0,32,77.0,346.23108223291894
2026-09-29 11:58:55,12,25,8,5,5,43,173.0,827.6648066678592
2026-09-29 11:59:14,14,15,12,0,10,37,132.0,612.161373083883
2026-09-29 11:59:20,20,15,27,0,4,46,111.0,538.3663837898165
2026-09-29 11:59:33,14,22,8,0,6,36,132.0,608.6411644690376
2026-09-29 11:59:45,8,23,12,0,7,42,146.0,695.13521689126
2026-09-29 11:59:59,10,19,8,0,10,37,144.0,667.8124070005995
2026-09-29 12:00:09,16,21,15,1,10,47,166.0,808.6193678107098
2026-09-29 12:00:21,10,27,10,1,9,47,179.0,871.9449809525124
2026-09-29 12:00:34,14,22,11,0,7,40,141.0,664.6136614053074
2026-09-29 12:00:48,4,16,4,1,5,26,105.0,451.06287093045455
2026-09-29 12:01:01,12,22,11,0,6,39,135.0,632.9987263053813
2026-09-29 12:01:10,10,13,10,0,3,26,80.0,343.66694928034633
2026-09-29 12:01:22,4,17,3,0,1,21,77.0,315.0102689085903
2026-09-29 12:01:34,3,8,6,0,0,14,38.0,140.90590764188397
2026-09-29 12:01:47,13,11,28,0,1,40,78.0,367.65862120293605
2026-09-29 12:01:58,21,9,24,6,5,44,132.0,634.4794486496822
2026-09-29 12:02:16,23,8,31,1,5,45,100.0,482.8641396489095
2026-09-29 12:02:26,13,14,24,2,3,43,112.0,535.8292389988453
2026-09-29 12:02:34,9,17,6,1,3,27,99.0,428.88824650734523
2026-09-29 12:02:47,13,13,12,3,5,33,115.0,520.5314603308586
2026-09-29 12:03:04,22,15,26,2,6,49,136.0,668.035128738228
2026-09-29 12:03:11,16,23,15,0,9,47,161.0,784.2633627561704
2026-09-29 12:03:23,13,20,11,1,14,46,182.0,882.7268635112306
2026-09-29 12:03:35,6,23,3,1,8,35,150.0,687.5278407684165
2026-09-29 12:03:47,8,16,9,2,11,38,153.0,713.5249318578359
2026-09-29 12:04:04,14,21,14,1,6,42,141.0,671.3292163127923
2026-09-29 12:04:11,13,16,10,1,5,32,111.0,499.11233932277923
2026-09-29 12:04:27,13,17,10,0,8,35,126.0,577.5233862454699
2026-09-29 12:04:36,7,24,6,0,8,38,150.0,699.5342469194469
2026-09-29 12:04:48,8,10,6,2,6,24,96.0,405.0120791873473
2026-09-29 12:05:03,9,14,8,1,3,26,89.0,382.3294810743853
2026-09-29 12:05:13,15,12,14,0,2,28,74.0,323.1798914189991
2026-09-29 12:05:28,20,10,18,0,3,31,76.0,339.39592861277924
2026-09-29 12:05:36,7,13,6,0,3,22,76.0,314.29756041061535
2026-09-29 12:05:48,7,13,5,0,1,19,63.0,251.73113323390143
2026-09-29 12:06:01,17,5,34,1,1,41,67.0,317.42386442498565
2026-09-29 12:06:15,14,18,18,1,0,37,97.0,449.8458574934594
2026-09-29 12:06:25,14,14,19,4,0,37,103.0,477.6713744518177
2026-09-29 12:06:37,19,18,23,2,3,46,127.0,615.9687454171774
2026-09-29 12:06:49,11,24,10,1,1,36,119.0,548.6992316046626
2026-09-29 12:07:01,6,19,7,1,0,27,90.0,389.89840591576836
2026-09-29 12:07:14,25,11,27,2,3,43,103.0,492.77153229358095
2026-09-29 12:07:25,14,17,22,1,6,46,133.0,645.0696310274378
2026-09-29 12:07:38,18,28,11,1,5,45,160.0,772.5826234382553
2026-09-29 12:07:50,13,26,8,1,9,44,173.0,831.5526107302653
2026-09-29 12:08:02,10,23,9,2,4,38,139.0,648.2350688120208
2026-09-29 12:08:15,7,20,12,0,11,43,158.0,755.9019621590853
2026-09-29 12:08:26,7,22,9,0,15,46,187.0,906.9776015197809
2026-09-29 12:08:38,11,17,8,2,12,39,162.0,759.5984715664576
2026-09-29 12:08:50,8,17,3,0,11,31,137.0,611.8058186835626
2026-09-29 12:09:03,16,12,13,3,14,42,166.0,790.3592192051312
2026-09-29 12:09:15,16,6,11,0,13,30,113.0,501.0405541068215
2026-09-29 12:09:27,9,10,9,6,11,36,157.0,723.9141122851431
2026-09-29 12:09:39,11,12,15,2,6,35,113.0,517.9376400455404
2026-09-29 12:09:51,13,13,11,1,3,28,88.0,384.32203303880976
2026-09-29 12:10:03,2,10,0,0,3,13,58.0,211.06532511768498
2026-09-29 12:10:15,5,10,8,1,0,19,55.0,219.7652750454695
2026-09-29 12:10:28,26,10,22,3,0,35,83.0,380.4320718918571
2026-09-29 12:10:40,15,14,24,2,0,40,94.0,443.07577427020493
2026-09-29 12:10:52,6,23,8,1,5,37,137.0,635.3493038825148
2026-09-29 12:11:04,5,20,2,2,5,29,126.0,554.5508700894317
2026-09-29 12:11:16,5,16,5,3,3,27,108.0,467.87808709892204
2026-09-29 12:11:32,17,16,16,1,0,33,87.0,393.79336564160604
2026-09-29 12:11:46,22,20,23,0,7,50,145.0,715.1147167450273
2026-09-29 12:11:57,13,21,16,0,4,41,124.0,587.4710326671376
2026-09-29 12:12:04,11,24,6,0,8,38,150.0,699.5342469194469
2026-09-29 12:12:17,16,11,16,0,13,40,138.0,650.4729452051945
2026-09-29 12:12:29,17,18,13,0,9,40,139.0,655.1865172718988
2026-09-29 12:12:42,14,23,13,2,5,43,149.0,712.844255453821
2026-09-29 12:12:54,7,23,8,0,5,36,130.0,599.419328643749
2026-09-29 12:13:07,5,25,5,2,15,47,209.0,1018.0810112797492
2026-09-29 12:13:18,7,20,6,0,6,32,122.0,548.5739224989105
2026-09-29 12:13:30,18,14,14,0,10,38,130.0,606.263013996854
2026-09-29 12:13:43,8,14,5,0,5,24,91.0,383.9177000630063
2026-09-29 12:13:55,2,14,0,0,3,17,74.0,287.88751008431615
2026-09-29 12:14:07,2,13,2,0,4,19,78.0,311.66711733721127
2026-09-29 12:14:19,10,15,9,0,2,26,81.0,347.96278614635065
2026-09-29 12:14:31,4,6,2,0,0,8,26.0,83.12783901074171
2026-09-29 12:14:44,17,5,17,6,1,29,85.0,374.1017774412833
2026-09-29 12:14:55,8,18,7,1,0,26,86.0,369.4419704763723
2026-09-29 12:15:07,20,18,14,0,3,35,104.0,476.68596959943545
2026-09-29 12:15:20,14,13,26,1,3,43,103.0,492.77153229358095
2026-09-29 12:15:32,4,13,10,1,4,28,93.0,406.1585121887421
2026-09-29 12:15:44,8,13,13,2,2,30,91.0,403.4928356081483
2026-09-29 12:15:57,17,9,30,1,3,43,91.0,435.3612566865618
2026-09-29 12:16:08,18,15,17,2,4,38,115.0,536.3095893049093
2026-09-29 12:16:20,17,20,17,1,6,44,140.0,672.9327485678448
2026-09-29 12:16:33,10,14,18,0,8,40,122.0,575.0557921379256
2026-09-29 12:16:44,14,15,14,0,16,45,170.0,820.8690374031462
2026-09-29 12:16:57,14,10,15,0,6,31,91.0,406.38196715477517
2026-09-29 12:17:09,12,19,10,1,9,39,147.0,689.2652797547486
2026-09-29 12:17:21,5,21,8,0,7,36,134.0,617.863000294326
2026-09-29 12:17:33,12,14,13,0,4,31,93.0,415.3134389603746
2026-09-29 12:17:45,7,19,5,1,8,33,136.0,615.585031347798
2026-09-29 12:17:57,11,15,13,0,3,31,91.0,406.38196715477517
2026-09-29 12:18:09,7,9,6,1,3,19,67.0,267.7140623281174
2026-09-29 12:18:21,6,15,8,0,2,25,80.0,340.64772304171856
2026-09-29 12:18:33,2,16,0,0,2,18,76.0,299.77736241664945
2026-09-29 12:18:46,3,13,2,0,2,17,66.0,256.76453602114685
2026-09-29 12:18:58,14,9,15,1,4,29,82.0,360.8981852962968
2026-09-29 12:19:10,15,18,18,5,0,41,125.0,592.2087022854209
2026-09-29 12:19:22,14,17,21,4,1,43,123.0,588.4553249719462
2026-09-29 12:19:34,9,17,9,3,1,30,104.0,461.1346692664552
2026-09-29 12:19:46,5,16,5,2,6,29,119.0,523.7424884177966
2026-09-29 12:19:59,1,11,7,4,7,29,121.0,532.5448831811209
2026-09-29 12:20:11,22,9,24,0,4,37,84.0,389.5572374170164
2026-09-29 12:20:23,22,19,14,2,8,43,152.0,727.1968243555757
2026-09-29 12:20:35,20,19,20,1,4,44,127.0,610.4461362008306
2026-09-29 12:20:47,3,18,4,1,12,35,155.0,710.445435460697
2026-09-29 12:20:59,12,17,9,0,6,32,113.0,508.10535444571224
2026-09-29 12:21:11,18,16,14,2,6,38,128.0,596.9358907045947
2026-09-29 12:21:23,14,17,11,0,4,32,103.0,463.1402788310474
2026-09-29 12:21:35,17,18,11,3,4,36,128.0,590.1974928184607
2026-09-29 12:21:47,14,16,13,0,5,34,107.0,487.4222425793672
2026-09-29 12:22:00,10,18,14,3,4,39,131.0,614.2432084889256
2026-09-29 12:22:13,9,9,4,0,4,17,64.0,248.98379250535453
2026-09-29 12:22:24,13,15,13,1,2,31,92.0,410.8477030575749
2026-09-29 12:22:36,8,9,16,0,1,26,58.0,249.15853822825107
2026-09-29 12:22:48,11,9,11,1,5,26,84.0,360.8502967443636
2026-09-29 12:23:00,3,8,2,0,1,11,40.0,139.39626599152
2026-09-29 12:23:13,19,2,15,6,1,24,71.0,299.5401835656423
2026-09-29 12:23:24,11,9,7,5,1,22,84.0,347.3815141380486
2026-09-29 12:23:37,9,13,13,5,2,33,112.0,506.9523787570101
2026-09-29 12:23:49,6,11,13,3,2,29,90.0,396.10776434959405
2026-09-29 12:24:01,11,15,20,3,5,43,131.0,626.7288420432923
2026-09-29 12:24:13,9,20,11,0,4,35,115.0,527.1046779224527
2026-09-29 12:24:25,4,16,7,0,4,27,95.0,411.5594284666444
2026-09-29 12:24:37,12,13,8,3,11,35,147.0,673.7772839530481
2026-09-29 12:24:49,12,14,7,1,9,31,124.0,553.7512519471661
2026-09-29 12:25:01,8,18,5,1,2,26,96.0,412.4003391364156
2026-09-29 12:25:14,12,18,15,1,6,40,130.0,612.7643686715601
2026-09-29 12:25:26,6,17,7,0,5,29,105.0,462.1257250745264
2026-09-29 12:25:38,13,15,16,1,4,36,107.0,493.36821665293195
2026-09-29 12:25:50,14,27,10,0,4,41,142.0,672.7490857962382
2026-09-29 12:26:02,5,20,5,0,1,26,91.0,390.92115480639393
2026-09-29 12:26:15,14,18,16,2,9,45,156.0,753.2680578522989
2026-09-29 12:26:27,7,18,7,0,4,29,103.0,453.3233303112021
2026-09-29 12:26:40,4,16,2,1,4,23,97.0,405.2712215437507
2026-09-29 12:26:52,7,12,3,0,4,19,75.0,299.6799205165493
2026-09-29 12:27:04,15,9,13,2,1,25,69.0,293.80866112348224
2026-09-29 12:27:17,1,12,0,0,1,13,54.0,196.50909579922396
2026-09-29 12:27:29,6,5,8,1,2,16,47.0,180.16102717064217
2026-09-29 12:27:41,16,9,16,3,2,30,85.0,376.88891238123745
2026-09-29 12:27:53,17,16,16,5,8,45,163.0,787.0685476277225
2026-09-29 12:28:05,5,23,6,1,6,36,141.0,650.1394256828356
2026-09-29 12:28:18,15,12,26,3,4,45,119.0,574.6083261822023
2026-09-29 12:28:29,11,21,14,3,8,46,167.0,809.9746494855798
2026-09-29 12:28:42,4,17,4,0,5,26,102.0,438.1753603324416
2026-09-29 12:28:53,20,9,20,0,7,36,98.0,451.86995543913395
2026-09-29 12:29:06,10,13,5,0,13,31,135.0,602.8743468779631
2026-09-29 12:29:18,10,20,6,1,14,41,177.0,838.5675224361561
2026-09-29 12:29:30,10,12,11,1,6,30,102.0,452.26669485748494
2026-09-29 12:29:42,5,21,7,0,4,32,115.0,517.0983695686451
2026-09-29 12:29:54,15,18,17,0,5,40,119.0,560.9150759378126
2026-09-29 12:30:06,10,25,6,0,11,42,172.0,818.9264198992927
2026-09-29 12:30:18,14,19,8,1,9,37,145.0,672.4499931603259
2026-09-29 12:30:31,9,16,5,1,10,32,136.0,611.5250283594412
2026-09-29 12:30:43,13,21,12,1,8,42,151.0,718.9412174697278
2026-09-29 12:30:55,9,20,8,0,7,35,130.0,595.8574619992943
2026-09-29 12:31:07,9,19,9,2,11,41,165.0,781.7154870167557
2026-09-29 12:31:19,21,12,17,0,3,32,83.0,373.21012760171783
2026-09-29 12:31:31,4,9,2,1,1,13,51.0,185.59192381037818
2026-09-29 12:31:44,5,11,6,1,1,19,63.0,251.73113323390143
2026-09-29 12:31:57,14,8,18,1,3,30,75.0,332.549040336386
2026-09-29 12:32:08,15,15,29,1,2,47,108.0,526.0897091780522
2026-09-29 12:32:21,8,13,14,1,7,35,115.0,527.1046779224527
2026-09-29 12:32:33,14,17,14,4,5,40,140.0,659.9000893386032
2026-09-29 12:32:46,8,19,7,4,6,36,147.0,677.8049331587009
2026-09-29 12:32:57,3,18,5,0,2,25,89.0,378.9705918839119
2026-09-29 12:33:09,24,16,26,0,1,43,96.0,459.2822048561531
2026-09-29 12:33:21,14,15,18,1,8,42,133.0,633.2396153872437
2026-09-29 12:33:34,11,23,6,1,5,35,135.0,618.7750566915748
2026-09-29 12:33:46,11,17,11,1,6,35,122.0,559.1893104916454
2026-09-29 12:33:58,14,19,9,3,10,41,166.0,786.4531566350391
2026-09-29 12:34:10,11,19,5,0,9,33,135.0,611.0586708231818
2026-09-29 12:34:22,6,20,7,0,7,34,129.0,587.6398999321343
2026-09-29 12:34:34,14,21,11,0,9,41,149.0,705.9127731242219
2026-09-29 12:34:46,9,20,9,0,10,39,149.0,698.6430386629764
2026-09-29 12:34:58,9,14,6,3,10,33,143.0,647.269555020111
2026-09-29 12:35:11,12,15,10,0,9,34,124.0,564.8631596246872
2026-09-29 12:35:23,16,16,9,0,9,34,127.0,578.5292038091554
2026-09-29 12:35:35,10,14,5,0,7,26,103.0,442.4711971984459
2026-09-29 12:35:47,1,9,2,0,8,19,86.0,343.6329755256432
2026-09-29 12:35:59,1,10,1,0,1,12,47.0,167.5526198006922
2026-09-29 12:36:14,14,4,18,0,1,23,40.0,167.1221532139178
2026-09-29 12:36:25,17,13,23,2,1,39,95.0,445.4435481408239
2026-09-29 12:36:37,13,16,16,1,3,36,105.0,484.1463808276435
2026-09-29 12:36:49,10,23,3,3,4,33,140.0,633.6904734462627
2026-09-29 12:37:02,10,16,7,4,5,32,129.0,580.0494754291759
2026-09-29 12:37:14,8,18,11,4,7,40,153.0,721.1765262057592
2026-09-29 12:37:26,21,13,28,0,3,44,98.0,471.05292399749135
2026-09-29 12:37:38,12,25,20,0,6,51,156.0,772.3940200987026
2026-09-29 12:37:50,15,20,17,0,4,41,121.0,573.2580238122875
2026-09-29 12:38:02,4,17,10,0,10,37,138.0,639.9868900422413
2026-09-29 12:38:15,8,14,7,0,10,31,123.0,549.2855160443664
2026-09-29 12:38:26,15,12,13,2,11,38,141.0,657.5621921042801
2026-09-29 12:38:39,17,17,16,0,7,40,126.0,593.9100804047428
2026-09-29 12:38:51,5,16,7,1,4,28,102.0,445.46417465862044
2026-09-29 12:39:03,7,18,6,0,5,29,108.0,475.32931721951286
2026-09-29 12:39:17,14,18,15,3,6,42,144.0,685.6128166598729
2026-09-29 12:39:27,11,23,12,0,7,42,146.0,695.13521689126
2026-09-29 12:39:39,13,16,13,2,2,33,103.0,466.21513403546464
2026-09-29 12:39:51,12,13,13,0,2,28,77.0,336.28177890895853
2026-09-29 12:40:05,7,14,7,1,3,25,88.0,374.7124953458904
2026-09-29 12:40:19,1,10,0,0,1,11,46.0,160.30570589024802
2026-09-29 12:40:31,8,5,16,2,0,23,50.0,208.90269151739727
2026-09-29 12:40:43,19,6,17,7,0,30,90.0,399.05884840366315
2026-09-29 12:40:55,13,13,15,5,1,34,108.0,491.9775906408566
2026-09-29 12:41:07,8,17,7,2,1,27,95.0,411.5594284666444
2026-09-29 12:41:19,21,13,18,3,2,36,103.0,474.92454500235505
2026-09-29 12:41:32,12,15,12,2,4,33,110.0,497.89965770777775
2026-09-29 12:41:44,18,12,21,1,5,39,106.0,497.0212221360772
2026-09-29 12:41:56,15,16,18,3,4,41,127.0,601.6840415219878
2026-09-29 12:42:08,16,15,10,0,3,28,88.0,384.32203303880976
2026-09-29 12:42:20,21,20,20,1,7,48,149.0,728.8812244184834
2026-09-29 12:42:32,16,16,18,1,5,40,119.0,560.9150759378126
2026-09-29 12:42:45,11,13,7,3,8,31,128.0,571.614195558365
2026-09-29 12:42:56,13,9,9,0,9,27,99.0,428.88824650734523
2026-09-29 12:43:09,11,9,8,2,13,32,136.0,611.5250283594412
2026-09-29 12:43:21,11,12,11,0,9,32,113.0,508.10535444571224
2026-09-29 12:43:33,15,23,11,3,9,46,178.0,863.3262731043905
2026-09-29 12:43:45,7,24,8,1,11,44,177.0,850.7792606893465
2026-09-29 12:43:57,13,19,9,0,5,33,115.0,520.5314603308586
2026-09-29 12:44:10,4,19,3,0,7,29,121.0,532.5448831811209
2026-09-29 12:44:21,2,15,2,0,7,24,104.0,438.7630857862929
2026-09-29 12:44:33,7,18,5,1,3,27,102.0,441.88486003787085
2026-09-29 12:44:47,8,9,3,0,2,14,51.0,189.11056025621272
2026-09-29 12:44:59,22,9,20,1,3,33,81.0,366.6352024939091
2026-09-29 12:45:10,11,15,17,4,1,37,111.0,514.7720637296288
2026-09-29 12:45:22,9,17,9,4,3,33,123.0,556.7423445277878
2026-09-29 12:45:34,2,17,2,0,5,24,100.0,421.8875824868201
2026-09-29 12:45:47,18,20,15,1,4,40,126.0,593.9100804047428
2026-09-29 12:45:59,5,22,5,0,6,33,129.0,583.9005076754848
2026-09-29 12:46:10,15,18,19,0,5,42,121.0,576.105213998921
2026-09-29 12:46:22,21,18,15,0,3,36,105.0,484.1463808276435
2026-09-29 12:46:35,21,15,22,0,4,41,106.0,502.192979538037
2026-09-29 12:46:47,7,23,7,1,5,36,136.0,627.0848361196145
2026-09-29 12:46:59,15,16,10,0,6,32,110.0,494.6158317613128
2026-09-29 12:47:12,13,20,12,0,10,42,152.0,723.7024175854215
2026-09-29 12:47:23,13,22,14,0,6,42,138.0,657.0456159657116
2026-09-29 12:47:35,12,19,7,3,12,41,176.0,833.8298528178727
2026-09-29 12:47:48,15,13,16,0,8,37,116.0,537.9599945282607
2026-09-29 12:47:59,11,11,12,0,6,29,92.0,404.91015911291834
2026-09-29 12:48:12,10,16,13,0,2,31,89.0,397.4504953491757
2026-09-29 12:48:24,11,15,10,0,3,28,88.0,384.32203303880976
2026-09-29 12:48:36,14,16,16,1,2,35,99.0,453.7683749071549
2026-09-29 12:48:48,3,18,3,0,2,23,87.0,363.49068324027127
2026-09-29 12:49:01,9,21,7,0,4,32,115.0,517.0983695686451
2026-09-29 12:49:12,11,3,16,0,6,25,64.0,272.5181784333748
2026-09-29 12:49:24,18,10,22,2,1,35,82.0,375.848552953401
2026-09-29 12:49:36,8,19,5,4,4,32,133.0,598.0355056750418
2026-09-29 12:49:48,14,18,17,2,1,38,109.0,508.32821942813143
2026-09-29 12:50:01,11,16,10,2,2,30,100.0,443.3987204485146
2026-09-29 12:50:13,7,14,7,2,4,27,101.0,437.5526555276956
2026-09-29 12:50:25,19,13,17,1,3,34,94.0,428.20271778000483
2026-09-29 12:50:37,10,21,10,0,4,35,118.0,540.855234737821
2026-09-29 12:50:49,19,18,15,1,1,35,100.0,458.351893845611
2026-09-29 12:51:02,15,18,16,1,4,39,119.0,557.9766550395584
2026-09-29 12:51:14,12,17,9,4,4,34,129.0,587.6398999321343
2026-09-29 12:51:25,15,13,17,0,1,31,75.0,334.9301927099795
2026-09-29 12:51:38,20,16,15,0,2,33,91.0,411.8988077400707
2026-09-29 12:51:50,11,16,5,1,5,27,106.0,459.21367807857166
2026-09-29 12:52:02,8,18,8,2,7,35,136.0,623.3585756300309
2026-09-29 12:52:14,9,10,7,1,1,19,60.0,239.74393641323945
2026-09-29 12:52:26,10,10,7,0,3,20,65.0,262.89395845202245
2026-09-29 12:52:38,8,13,11,0,4,28,87.0,379.9547372088233
2026-09-29 12:52:51,15,14,13,1,4,32,100.0,449.65075614664795
2026-09-29 12:53:02,15,16,17,1,0,34,88.0,400.87062941106836
2026-09-29 12:53:15,11,7,11,1,2,21,58.0,237.28046229478232
2026-09-29 12:53:27,7,4,0,0,1,5,22.0,61.418708323017206
2026-09-29 12:53:39,15,7,26,0,1,34,60.0,273.3208836893648
2026-09-29 12:53:51,10,19,8,3,3,33,123.0,556.7423445277878
2026-09-29 12:54:03,6,18,4,3,3,28,115.0,502.2390204484446
2026-09-29 12:54:15,3,24,2,3,2,31,131.0,585.0114032667642
2026-09-29 12:54:28,11,21,14,1,3,39,123.0,576.7321728560141
2026-09-29 12:54:39,14,19,18,1,4,42,125.0,595.1500144616953
2026-09-29 12:54:52,19,18,28,1,3,50,125.0,616.4782040905408
2026-09-29 12:55:04,15,14,21,0,4,39,101.0,473.5768248655075
2026-09-29 12:55:17,8,20,11,4,6,41,155.0,734.3387908339221
2026-09-29 12:55:28,15,14,13,1,9,37,130.0,602.8862007644301
2026-09-29 12:55:41,9,15,10,1,14,40,161.0,758.8851027393936
2026-09-29 12:55:52,15,18,12,0,5,35,114.0,522.5211589839965
2026-09-29 12:56:04,16,21,18,0,7,46,144.0,698.4212546462484
2026-09-29 12:56:18,13,19,13,0,9,41,143.0,677.4867554145217
2026-09-29 12:56:29,8,21,10,1,15,47,191.0,930.3993930834072
2026-09-29 12:56:41,8,22,6,0,4,32,118.0,530.5878922530446
2026-09-29 12:56:53,13,11,11,0,9,31,109.0,486.76521340517024
2026-09-29 12:57:05,14,12,14,0,1,27,68.0,294.5899066919139
2026-09-29 12:57:17,13,12,16,0,1,29,70.0,308.0838167163509
2026-09-29 12:57:29,2,11,1,1,3,16,70.0,268.32493408393515
2026-09-29 12:57:41,3,9,0,0,0,9,36.0,118.89306334778566
2026-09-29 12:57:53,17,6,26,0,0,32,50.0,224.82537807332398
2026-09-29 12:58:06,21,12,25,2,1,40,93.0,438.36220220350066
2026-09-29 12:58:18,6,21,5,7,2,35,150.0,687.5278407684165
2026-09-29 12:58:31,3,17,6,3,3,29,113.0,497.33530412782363
2026-09-29 12:58:47,20,14,26,2,4,46,120.0,582.017712205207
2026-09-29 12:58:55,13,20,12,3,1,36,119.0,548.6992316046626
2026-09-29 12:59:07,14,20,13,0,3,36,111.0,511.81188830350885
2026-09-29 12:59:19,19,16,18,0,3,37,100.0,463.75861597263855
2026-09-29 12:59:31,19,20,18,0,1,39,104.0,487.64346322784934
2026-09-29 12:59:44,14,20,8,0,1,29,94.0,413.7125538762427
2026-09-29 12:59:56,10,16,16,1,6,39,123.0,576.7321728560141
2026-09-29 13:00:08,18,18,20,0,1,39,98.0,459.5101865031657
2026-09-29 13:00:20,14,19,10,1,3,33,111.0,502.4260182323939
2026-09-29 13:00:33,9,24,9,0,6,39,141.0,661.132003030065
2026-09-29 13:00:45,8,22,10,0,2,34,110.0,501.0882867638354
2026-09-29 13:00:56,13,16,10,3,5,34,125.0,569.4185076861767
2026-09-29 13:01:09,11,19,9,0,7,35,127.0,582.106905183926
2026-09-29 13:01:21,11,21,10,0,9,40,148.0,697.6086658722376
2026-09-29 13:01:33,11,12,14,0,3,29,80.0,352.0957905329725
2026-09-29 13:01:48,11,7,10,0,3,20,56.0,226.49325651251166
2026-09-29 13:01:57,1,5,1,0,0,6,21.0,61.864113130161584
2026-09-29 13:02:09,1,5,0,0,0,5,20.0,55.8351893845611
2026-09-29 13:02:21,23,9,32,2,1,44,88.0,422.98629909978814
2026-09-29 13:02:33,10,16,14,5,1,36,119.0,548.6992316046626
2026-09-29 13:02:46,11,23,14,1,5,43,143.0,684.1391176503114
2026-09-29 13:02:58,7,25,11,0,5,41,141.0,668.0114161779549
2026-09-29 13:03:10,6,22,10,0,3,35,116.0,531.6881968609088
2026-09-29 13:03:23,7,19,8,1,8,36,139.0,640.9175898575471
2026-09-29 13:03:34,13,14,15,3,6,38,128.0,596.9358907045947
2026-09-29 13:03:47,13,22,9,0,5,36,127.0,585.5865749058164
2026-09-29 13:03:58,8,14,5,1,2,22,80.0,330.839537274332
2026-09-29 13:04:15,18,19,25,0,2,46,113.0,548.0666789932366
2026-09-29 13:04:23,12,18,15,1,5,39,124.0,581.4210523101281
2026-09-29 13:04:35,14,21,12,1,3,37,121.0,561.1479253268926
2026-09-29 13:04:47,12,21,13,2,7,43,153.0,731.981013989494
2026-09-29 13:04:59,17,17,16,0,6,39,120.0,562.6655344936723
2026-09-29 13:05:14,13,13,10,1,3,27,87.0,376.90179238524274
2026-09-29 13:05:23,11,14,8,1,3,26,89.0,382.3294810743853
2026-09-29 13:05:35,10,19,9,0,8,36,133.0,613.2520823816818
2026-09-29 13:05:47,3,11,0,0,2,13,56.0,203.78721045845447
2026-09-29 13:06:02,9,4,3,0,2,9,31.0,102.38013788281542
2026-09-29 13:06:12,19,12,24,0,3,39,90.0,421.9991508702542
2026-09-29 13:06:24,14,13,16,4,6,39,132.0,618.9320879430395
2026-09-29 13:06:36,11,16,9,1,4,30,104.0,461.1346692664552
2026-09-29 13:06:48,10,14,14,2,3,33,102.0,461.6887735108485
2026-09-29 13:07:00,6,14,2,4,6,26,122.0,524.0920976525282
2026-09-29 13:07:12,6,10,2,2,1,15,62.0,233.90050077886644
2026-09-29 13:07:24,24,8,29,0,3,40,79.0,372.3721932696403
2026-09-29 13:07:36,15,10,16,2,6,34,106.0,482.86689451787777
2026-09-29 13:07:48,7,20,6,0,10,36,146.0,673.1940152460567
2026-09-29 13:08:01,19,14,13,0,4,31,93.0,415.3134389603746
2026-09-29 13:08:14,8,21,11,0,8,40,143.0,674.0408055387161
2026-09-29 13:08:25,14,25,10,2,7,44,166.0,797.905973301873
2026-09-29 13:08:37,10,14,8,1,3,26,89.0,382.3294810743853
2026-09-29 13:08:49,27,17,16,0,6,39,120.0,562.6655344936723
2026-09-29 13:09:01,5,25,6,1,4,36,137.0,631.6957540322587
2026-09-29 13:09:15,7,20,8,0,6,34,124.0,564.8631596246872
2026-09-29 13:09:25,5,15,2,0,1,18,68.0,268.2218505833179
2026-09-29 13:09:37,1,14,0,2,7,23,112.0,467.9420289989699
2026-09-29 13:09:50,2,16,1,0,3,20,83.0,335.69536233104407
2026-09-29 13:10:03,12,14,18,4,2,38,114.0,531.6460276587796
2026-09-29 13:10:16,17,9,19,2,2,32,81.0,364.2171124787849
2026-09-29 13:10:26,15,18,16,6,3,43,148.0,708.0600658199027
2026-09-29 13:10:39,4,21,1,3,3,28,124.0,541.5446829183229
2026-09-29 13:10:51,3,21,0,5,6,32,155.0,696.9586720273044
2026-09-29 13:11:02,4,16,1,2,3,22,97.0,401.1429389451275
2026-09-29 13:11:14,20,9,23,1,3,36,84.0,387.3171046621148
2026-09-29 13:11:32,17,19,10,3,5,37,137.0,635.3493038825148
2026-09-29 13:11:39,13,20,7,1,3,31,112.0,500.1624211135694
2026-09-29 13:11:51,17,10,17,1,7,35,106.0,485.85300747634767
2026-09-29 13:12:03,13,20,12,4,4,40,144.0,678.7543776054204
2026-09-29 13:12:17,15,19,6,0,10,35,142.0,650.8596892607676
2026-09-29 13:12:27,12,23,10,0,7,40,144.0,678.7543776054204
2026-09-29 13:12:39,13,13,11,1,5,30,100.0,443.3987204485146
2026-09-29 13:12:51,5,22,8,0,3,33,114.0,516.0050998062425
2026-09-29 13:13:04,2,19,1,1,7,28,126.0,550.2792745782958
2026-09-29 13:13:16,12,11,15,0,6,32,95.0,427.16821833931556
2026-09-29 13:13:28,10,13,11,0,5,29,93.0,409.3113564945805
2026-09-29 13:13:41,4,18,5,1,5,29,114.0,501.7365015094858
2026-09-29 13:13:52,12,11,10,2,0,23,68.0,284.1076604636603
2026-09-29 13:14:04,18,17,15,2,4,38,121.0,564.2909591816872
2026-09-29 13:14:18,10,22,10,1,2,35,117.0,536.2717157993649
2026-09-29 13:14:30,9,17,7,2,2,28,101.0,441.0968788286339
2026-09-29 13:14:42,5,19,4,1,7,31,129.0,576.0799314611647
2026-09-29 13:14:53,12,14,9,3,5,31,116.0,518.0253647247683
2026-09-29 13:15:05,18,11,20,3,6,40,121.0,570.3422200712213
2026-09-29 13:15:17,13,16,7,1,4,28,102.0,445.46417465862044
2026-09-29 13:15:29,15,16,11,1,7,35,124.0,568.3563483685576
2026-09-29 13:15:44,10,19,13,1,3,36,114.0,525.6446420414416
2026-09-29 13:15:54,11,24,10,0,1,35,112.0,513.3541211070843
2026-09-29 13:16:06,13,13,14,0,1,28,72.0,314.44529975902617
2026-09-29 13:16:18,9,19,11,0,2,32,99.0,445.1542485851815
2026-09-29 13:16:33,15,10,14,1,6,31,97.0,433.1763825715735
2026-09-29 13:16:42,10,14,7,2,5,28,107.0,467.3006538085528
2026-09-29 13:16:56,7,16,9,2,6,33,123.0,556.7423445277878
2026-09-29 13:17:09,16,11,13,0,7,31,99.0,442.107854377173
2026-09-29 13:17:18,3,8,3,1,3,15,60.0,226.35532333438687
2026-09-29 13:17:32,1,3,1,0,0,4,13.0,33.922692861643306
2026-09-29 13:17:42,20,5,28,4,0,37,76.0,352.4565481392053
2026-09-29 13:17:55,16,19,15,2,0,36,105.0,484.1463808276435
2026-09-29 13:18:07,14,19,17,1,6,43,136.0,650.6497902128835
2026-09-29 13:18:19,13,21,6,3,6,36,147.0,677.8049331587009
2026-09-29 13:18:33,11,18,11,2,4,35,121.0,554.6057915531893
2026-09-29 13:18:48,6,20,5,2,5,32,129.0,580.0494754291759
2026-09-29 13:18:55,26,10,34,0,0,44,74.0,355.69302424300366
2026-09-29 13:19:07,18,9,37,0,5,51,103.0,509.978103013887
2026-09-29 13:19:19,14,21,11,1,7,40,144.0,678.7543776054204
2026-09-29 13:19:35,5,18,6,0,2,26,90.0,386.6253179403896
2026-09-29 13:19:44,14,18,15,3,2,38,120.0,559.6273975355575
2026-09-29 13:19:57,11,9,12,2,2,25,74.0,315.09914381358965
2026-09-29 13:20:08,3,10,8,0,3,21,66.0,270.00880192164885
2026-09-29 13:20:20,16,13,19,0,2,34,83.0,378.0938891036213
2026-09-29 13:20:33,3,17,3,0,4,24,95.0,400.7932033624791
2026-09-29 13:20:47,8,13,6,0,1,20,64.0,258.84943601429904
2026-09-29 13:20:56,6,9,7,1,2,19,62.0,247.73540096034742
2026-09-29 13:21:09,7,7,10,0,3,20,56.0,226.49325651251166
2026-09-29 13:21:20,3,11,1,0,2,14,57.0,211.35886146282598
2026-09-29 13:21:33,8,7,14,1,2,24,61.0,257.3514253169603
2026-09-29 13:21:46,20,10,19,3,3,35,98.0,449.1848559686988
2026-09-29 13:22:00,14,10,17,3,3,33,96.0,434.5306103631515
2026-09-29 13:22:09,10,14,11,1,2,28,86.0,375.58744137883684
2026-09-29 13:22:21,9,18,3,2,3,26,107.0,459.6545446624632
2026-09-29 13:22:33,5,17,2,1,5,25,107.0,455.61632956829857
2026-09-29 13:22:47,18,10,31,2,1,44,91.0,437.4062865690991
2026-09-29 13:23:02,14,13,16,1,5,35,105.0,481.26948853789156
2026-09-29 13:23:09,8,15,7,0,6,28,103.0,449.8314704886069
2026-09-29 13:23:22,17,17,18,0,6,41,122.0,577.9956934305709
2026-09-29 13:23:34,8,12,9,0,5,26,87.0,373.73780734237664
2026-09-29 13:23:48,13,14,9,1,6,30,108.0,478.8706180843958
2026-09-29 13:23:59,12,24,8,1,9,42,165.0,785.5980190894377
2026-09-29 13:24:15,12,14,7,2,5,28,107.0,467.3006538085528
2026-09-29 13:24:23,11,11,14,1,8,34,113.0,514.7543309483037
2026-09-29 13:24:35,4,15,2,0,6,23,98.0,409.44927537409865
2026-09-29 13:24:47,9,10,11,0,1,22,57.0,235.72317030796154
2026-09-29 13:24:59,4,10,1,0,2,13,53.0,192.8700384696087
2026-09-29 13:25:14,1,6,3,0,1,10,33.0,112.13054400234623
2026-09-29 13:25:23,15,4,28,0,1,33,50.0,226.31802623080807
2026-09-29 13:25:35,11,12,13,2,2,29,87.0,382.90417220460756
2026-09-29 13:25:47,16,18,22,0,4,44,118.0,567.1861737928978
2026-09-29 13:25:59,6,20,7,1,1,29,100.0,440.1197381662156
2026-09-29 13:26:14,3,21,6,0,1,28,96.0,419.26039967870156
2026-09-29 13:26:24,4,23,0,1,4,28,123.0,537.1773870883363
2026-09-29 13:26:38,3,18,3,0,2,23,87.0,363.49068324027127
2026-09-29 13:26:49,14,19,17,1,5,42,130.0,618.956015040163
2026-09-29 13:27:03,15,24,9,1,2,36,124.0,571.7538211678838
2026-09-29 13:27:16,22,26,16,1,2,45,139.0,671.1811541119843
2026-09-29 13:27:26,7,24,5,0,7,36,143.0,659.361261508124
2026-09-29 13:27:38,14,18,10,2,5,35,126.0,577.5233862454699
2026-09-29 13:27:51,17,10,19,0,5,34,89.0,405.42597747255775
2026-09-29 13:28:02,15,14,11,1,6,32,110.0,494.6158317613128
2026-09-29 13:28:16,14,14,12,2,4,32,106.0,476.62980151544684
2026-09-29 13:28:26,3,20,3,1,11,35,156.0,715.0289543991531
2026-09-29 13:28:39,10,13,11,2,4,30,101.0,447.8327076529998
2026-09-29 13:28:51,9,10,8,0,3,21,66.0,270.00880192164885
2026-09-29 13:29:03,1,6,3,0,0,9,27.0,89.16979751083925
2026-09-29 13:29:18,0,7,0,1,0,8,35.0,111.90286020676768
2026-09-29 13:29:31,17,5,28,3,1,37,75.0,347.8189619794789
2026-09-29 13:29:39,9,14,15,6,2,37,125.0,579.6982699657982
2026-09-29 13:29:51,14,13,17,4,5,39,127.0,595.4876906724699
2026-09-29 13:30:03,11,16,14,2,2,34,104.0,473.75619839489895
2026-09-29 13:30:16,1,16,7,0,5,28,101.0,441.0968788286339
2026-09-29 13:30:29,22,6,32,0,3,41,74.0,350.5875517529692
2026-09-29 13:30:43,9,14,9,2,8,33,127.0,574.8477866262525
2026-09-29 13:30:53,6,26,5,0,4,35,133.0,609.6080188146626
2026-09-29 13:31:04,12,20,14,0,2,36,106.0,488.75729874028775
2026-09-29 13:31:16,16,10,16,1,4,31,87.0,388.5190235435762
2026-09-29 13:31:33,13,15,16,1,3,35,101.0,462.9354127840671
2026-09-29 13:31:40,11,21,14,0,1,36,104.0,479.5354629149993
2026-09-29 13:31:53,5,24,5,0,2,31,113.0,504.62815701636913
2026-09-29 13:32:05,10,17,14,1,2,34,101.0,460.09015421043074
2026-09-29 13:32:18,11,11,10,3,2,26,87.0,373.73780734237664
2026-09-29 13:32:31,7,18,5,0,0,23,77.0,321.7101449367918
2026-09-29 13:32:41,4,10,3,0,0,13,43.0,156.4794651734561
2026-09-29 13:32:53,2,10,0,0,0,10,40.0,135.91581091193484
2026-09-29 13:33:06,15,5,27,0,3,35,65.0,297.92873099964714
2026-09-29 13:33:17,13,12,17,4,2,35,105.0,481.26948853789156
2026-09-29 13:33:31,18,16,17,1,6,40,124.0,584.4829362713342
2026-09-29 13:33:45,11,15,10,2,3,30,102.0,452.26669485748494
2026-09-29 13:33:54,9,14,6,0,3,23,80.0,334.2443064278356
2026-09-29 13:34:06,4,7,2,0,4,13,54.0,196.50909579922396
2026-09-29 13:34:18,16,12,18,0,6,36,102.0,470.31362708971085
2026-09-29 13:34:32,15,13,14,1,9,37,127.0,588.9734422852509
2026-09-29 13:34:44,6,20,5,0,6,31,121.0,540.354044238767
2026-09-29 13:34:58,12,16,14,0,2,32,90.0,404.68568053198317
2026-09-29 13:35:06,18,18,29,0,5,52,131.0,651.108240675328
2026-09-29 13:35:19,4,25,5,1,5,36,142.0,654.7503435954798
2026-09-29 13:35:31,12,19,13,0,4,36,113.0,521.0337241287973
2026-09-29 13:35:44,15,19,10,1,2,32,105.0,472.1332939539804
2026-09-29 13:35:55,10,19,10,0,5,34,116.0,528.4203751327719
2026-09-29 13:36:07,14,16,15,1,1,33,92.0,416.4251682646869
2026-09-29 13:36:19,8,11,5,1,3,20,74.0,299.2946603915333
2026-09-29 13:36:32,12,8,15,0,0,23,47.0,196.36853002635343
2026-09-29 13:36:47,0,6,1,0,1,8,31.0,99.11396189742281
2026-09-29 13:36:56,17,5,22,3,0,30,63.0,279.3411938825642
2026-09-29 13:37:08,15,12,21,4,2,39,109.0,511.087860498419
2026-09-29 13:37:20,18,10,21,5,5,41,126.0,596.9463719037044
2026-09-29 13:37:33,8,17,10,3,5,35,129.0,591.2739430608382
2026-09-29 13:37:44,8,18,12,1,3,34,109.0,496.53293870234603
2026-09-29 13:37:56,5,21,5,2,8,36,151.0,696.2486048092778
2026-09-29 13:38:09,26,17,20,0,2,39,100.0,468.88794541139356
2026-09-29 13:38:20,16,16,15,3,4,38,124.0,578.2816441200762
2026-09-29 13:38:32,14,20,6,1,6,33,129.0,583.9005076754848
2026-09-29 13:38:45,13,17,11,1,10,39,146.0,684.5764003006346
2026-09-29 13:38:57,17,17,15,2,8,42,145.0,690.3740167755665
2026-09-29 13:39:09,12,12,18,2,9,41,134.0,634.8477288499713
2026-09-29 13:39:21,12,23,5,0,12,40,169.0,796.593679273028
2026-09-29 13:39:34,17,20,11,2,5,38,135.0,629.5808222275023
2026-09-29 13:39:46,12,19,10,1,7,37,135.0,626.0741315630621
2026-09-29 13:39:57,14,14,12,1,4,31,99.0,442.107854377173
2026-09-29 13:40:10,9,16,6,0,2,24,82.0,345.94781763919246
2026-09-29 13:40:23,6,23,4,0,1,28,102.0,445.46417465862044
2026-09-29 13:40:34,9,11,9,0,0,20,53.0,214.3596891993414
2026-09-29 13:40:46,14,10,17,0,1,28,63.0,275.1396372891479
2026-09-29 13:40:59,13,12,20,2,2,36,94.0,433.42628378855704
2026-09-29 13:41:12,15,9,16,0,1,26,58.0,249.15853822825107
2026-09-29 13:41:22,10,9,16,1,3,29,77.0,338.892198387986
2026-09-29 13:41:35,15,15,11,1,5,32,108.0,485.62281663837985
2026-09-29 13:41:47,8,16,6,1,3,26,95.0,408.1045022704113
2026-09-29 13:41:59,22,9,19,1,6,35,98.0,449.1848559686988
2026-09-29 13:42:12,21,13,24,0,3,40,94.0,443.07577427020493
2026-09-29 13:42:23,13,11,11,0,5,27,85.0,368.23738336489237
2026-09-29 13:42:36,13,9,15,0,10,34,111.0,505.64363482532485
2026-09-29 13:42:48,11,20,7,1,7,35,136.0,623.3585756300309
2026-09-29 13:43:00,16,15,16,0,9,40,130.0,612.7643686715601
2026-09-29 13:43:12,15,18,9,0,2,29,93.0,409.3113564945805
2026-09-29 13:43:24,14,21,16,0,4,41,124.0,587.4710326671376
2026-09-29 13:43:37,17,14,12,0,6,32,104.0,467.6367863925139
2026-09-29 13:43:49,16,9,22,0,5,36,88.0,405.7607763126917
2026-09-29 13:44:01,14,14,15,0,3,32,89.0,400.1891729705167
2026-09-29 13:44:13,10,14,9,0,2,25,77.0,327.8734334276541
2026-09-29 13:44:28,3,9,2,0,3,14,56.0,207.65081126172376
2026-09-29 13:44:40,17,5,22,3,0,30,63.0,279.3411938825642
2026-09-29 13:44:51,8,12,14,6,2,34,116.0,528.4203751327719
2026-09-29 13:45:03,6,16,9,3,2,30,106.0,470.00264367542553
2026-09-29 13:45:16,16,18,18,0,4,40,114.0,537.3472156042911
2026-09-29 13:45:32,7,17,3,1,1,22,84.0,347.3815141380486
2026-09-29 13:45:39,12,9,14,1,1,25,63.0,268.2600818953533
2026-09-29 13:45:51,22,9,22,1,6,38,101.0,471.0197262590943
2026-09-29 13:46:04,15,18,14,0,3,35,104.0,476.68596959943545
2026-09-29 13:46:18,13,13,14,1,5,33,103.0,466.21513403546464
2026-09-29 13:46:30,15,16,18,2,1,37,102.0,473.03378829209134
2026-09-29 13:46:44,12,18,12,4,4,38,136.0,634.2443838736319
2026-09-29 13:46:53,10,19,16,0,10,45,152.0,733.9534922663424
2026-09-29 13:47:05,22,17,20,0,0,37,88.0,408.10758205592197
2026-09-29 13:47:17,15,11,15,0,4,30,83.0,368.0209379722671
2026-09-29 13:47:32,13,19,14,0,1,34,96.0,437.31341390298365
2026-09-29 13:47:42,10,21,13,0,5,39,127.0,595.4876906724699
2026-09-29 13:47:54,11,11,10,0,3,24,72.0,303.75905939051046
2026-09-29 13:48:06,5,8,2,0,0,10,34.0,115.5284392751446
2026-09-29 13:48:18,2,8,5,0,1,14,43.0,159.44615864739504
2026-09-29 13:48:33,20,10,26,1,2,39,85.0,398.55475359968455
2026-09-29 13:48:42,12,20,13,3,2,38,126.0,587.6087674123354
2026-09-29 13:48:54,16,18,13,2,6,39,135.0,632.9987263053813
2026-09-29 13:49:06,20,13,22,0,5,40,104.0,490.211494937248
2026-09-29 13:49:18,11,18,6,2,2,28,104.0,454.19876631859336
2026-09-29 13:49:31,24,8,27,0,1,36,65.0,299.7096643218745
2026-09-29 13:49:44,16,11,20,0,7,38,106.0,494.3375344897425
2026-09-29 13:49:56,17,10,14,0,5,29,84.0,369.7005800596211
2026-09-29 13:50:07,19,14,12,0,1,27,74.0,320.5831337529651
2026-09-29 13:50:19,13,20,13,0,6,39,129.0,604.8654495806977
2026-09-29 13:50:31,6,21,7,0,7,35,133.0,609.6080188146626
2026-09-29 13:50:44,12,23,10,0,3,36,120.0,553.3101495173069
2026-09-29 13:50:55,12,11,15,0,3,29,77.0,338.892198387986
2026-09-29 13:51:07,12,16,14,0,3,33,96.0,434.5306103631515
2026-09-29 13:51:19,4,14,3,0,7,24,101.0,426.1064583116883
2026-09-29 13:51:32,6,16,7,0,5,28,101.0,441.0968788286339
2026-09-29 13:51:44,3,8,3,0,1,12,41.0,146.162923655923
2026-09-29 13:51:56,3,6,1,0,0,7,25.0,76.9860385419959
2026-09-29 13:52:09,20,7,27,0,1,35,61.0,279.5946552458227
2026-09-29 13:52:20,11,14,22,0,2,38,90.0,419.72054815166814
2026-09-29 13:52:32,11,15,15,1,4,35,106.0,485.85300747634767
2026-09-29 13:52:45,10,16,5,1,4,26,100.0,429.5836866004329
2026-09-29 13:52:57,11,13,10,2,3,28,94.0,410.52580801872864
2026-09-29 13:53:14,0,10,0,1,3,14,65.0,241.02326307164364
2026-09-29 13:53:21,24,6,21,0,0,27,45.0,194.94920295788418
2026-09-29 13:53:33,18,15,23,0,4,42,107.0,509.4484123792111
2026-09-29 13:53:46,18,17,20,3,5,45,139.0,671.1811541119843
2026-09-29 13:54:02,7,16,4,0,2,22,80.0,330.839537274332
2026-09-29 13:54:09,11,14,12,0,6,32,104.0,467.6367863925139
2026-09-29 13:54:21,2,24,8,0,8,40,152.0,716.4629541390548
2026-09-29 13:54:34,6,27,5,2,4,38,151.0,704.1978085655766
2026-09-29 13:54:46,9,19,6,3,17,45,205.0,989.8714862802644
2026-09-29 13:54:58,10,16,9,1,10,36,140.0,645.5285077701914
2026-09-29 13:55:10,16,18,16,0,4,38,112.0,522.3189043665204
2026-09-29 13:55:22,10,19,7,0,7,33,125.0,565.7950655770202
2026-09-29 13:55:34,16,18,12,0,4,34,108.0,491.9775906408566
2026-09-29 13:55:47,4,12,2,0,1,15,56.0,211.26496844542774
2026-09-29 13:56:02,18,6,24,0,2,32,60.0,269.7904536879888
2026-09-29 13:56:10,19,7,20,4,3,34,94.0,428.20271778000483
2026-09-29 13:56:23,17,10,17,0,1,28,63.0,275.1396372891479
2026-09-29 13:56:35,8,12,13,1,1,27,74.0,320.5831337529651
2026-09-29 13:56:47,16,14,17,1,4,36,104.0,479.5354629149993
2026-09-29 13:57:01,7,19,8,1,7,35,133.0,609.6080188146626
2026-09-29 13:57:13,17,14,22,2,5,43,122.0,583.6711353380279
2026-09-29 13:57:24,7,17,6,2,6,31,124.0,553.7512519471661
2026-09-29 13:57:38,5,14,5,0,10,29,121.0,532.5448831811209
2026-09-29 13:57:50,19,11,22,1,3,37,91.0,422.02034053510107
2026-09-29 13:58:02,5,12,15,1,7,35,112.0,513.3541211070843
2026-09-29 13:58:15,14,15,18,1,9,43,139.0,665.0023591146384
2026-09-29 13:58:27,14,15,11,3,8,37,140.0,649.262062361694
2026-09-29 13:58:38,14,5,11,1,7,24,80.0,337.51006598945605
2026-09-29 13:58:50,14,16,14,1,6,37,121.0,561.1479253268926
2026-09-29 13:59:03,9,17,10,1,3,31,103.0,459.9707979883719
2026-09-29 13:59:15,5,13,8,1,3,25,85.0,361.9382057318259
2026-09-29 13:59:27,9,12,6,1,2,21,73.0,298.64609909515707
2026-09-29 13:59:39,2,8,1,1,4,14,64.0,237.31521287054144
2026-09-29 13:59:51,17,11,25,2,2,40,95.0,447.78934633690926
2026-09-29 14:00:04,15,15,17,3,2,37,110.0,510.1344775699024
2026-09-29 14:00:17,6,22,10,1,7,40,147.0,692.8950938055333
2026-09-29 14:00:29,5,16,14,1,5,36,115.0,530.2555599540857
2026-09-29 14:00:42,6,18,7,4,9,38,161.0,750.8334250268731
2026-09-29 14:00:53,8,14,7,2,4,27,101.0,437.5526555276956
2026-09-29 14:01:06,19,14,14,3,2,33,103.0,466.21513403546464
2026-09-29 14:01:18,15,21,17,2,4,44,139.0,668.1260860780744
2026-09-29 14:01:33,12,26,8,1,4,39,143.0,670.5097619382929
2026-09-29 14:01:44,15,26,13,2,2,43,143.0,684.1391176503114
2026-09-29 14:01:59,20,16,20,1,6,43,127.0,607.5920835076192
2026-09-29 14:02:06,17,16,20,0,6,42,120.0,571.3440138832275
2026-09-29 14:02:19,13,17,12,2,4,35,118.0,540.855234737821
2026-09-29 14:02:32,25,22,11,3,5,41,150.0,710.6504427425052
2026-09-29 14:02:44,10,25,7,1,7,40,156.0,735.3172424058721
2026-09-29 14:03:00,7,21,5,1,9,36,150.0,691.6376868966336
2026-09-29 14:03:07,6,13,7,0,10,30,119.0,527.6444773337324
2026-09-29 14:03:19,1,10,1,1,6,18,84.0,331.332874249981
2026-09-29 14:03:31,15,7,24,1,2,34,71.0,323.42971236574834
2026-09-29 14:03:44,15,10,20,3,6,39,117.0,548.5988961313304
2026-09-29 14:03:57,18,21,7,1,6,35,134.0,614.1915377531187
2026-09-29 14:04:07,8,14,13,3,4,34,114.0,519.3096790097931
2026-09-29 14:04:20,6,9,11,3,2,25,80.0,340.64772304171856
2026-09-29 14:04:32,27,9,27,0,3,39,81.0,379.7992357832288
2026-09-29 14:04:44,19,20,21,1,6,48,144.0,704.4221229279303
2026-09-29 14:04:58,9,21,13,0,7,41,139.0,658.5360769413882
2026-09-29 14:05:11,11,24,10,2,6,42,156.0,742.7472180481957
2026-09-29 14:05:21,11,19,11,2,4,36,125.0,576.364739080528
2026-09-29 14:05:33,5,21,3,1,8,33,142.0,642.7431944954949
2026-09-29 14:05:47,14,20,15,3,3,41,134.0,634.8477288499713
2026-09-29 14:06:02,11,13,12,0,6,31,100.0,446.5735902799727
2026-09-29 14:06:09,9,15,11,3,8,37,140.0,649.262062361694
2026-09-29 14:06:21,7,15,9,0,7,31,111.0,495.6966852107697
2026-09-29 14:06:33,9,16,10,1,6,33,117.0,529.5841813800909
2026-09-29 14:06:49,11,13,13,1,5,32,102.0,458.64377126958095
2026-09-29 14:06:57,8,11,6,3,6,26,107.0,459.6545446624632
2026-09-29 14:07:09,13,2,15,2,2,21,49.0,200.46108021455748
2026-09-29 14:07:21,15,7,18,6,3,34,106.0,482.86689451787777
2026-09-29 14:07:34,15,13,19,2,2,36,97.0,447.2590375264897
2026-09-29 14:07:46,16,8,20,3,2,33,85.0,384.7406445923737
2026-09-29 14:07:58,15,22,15,4,0,41,131.0,620.6347199951213
2026-09-29 14:08:10,6,25,8,2,1,36,128.0,590.1974928184607
2026-09-29 14:08:22,8,20,9,1,4,34,120.0,546.6417673787296
2026-09-29 14:08:34,23,13,24,0,4,41,100.0,473.7669618283368
2026-09-29 14:08:46,21,19,18,0,6,43,130.0,621.944652409374
2026-09-29 14:09:01,14,18,8,2,6,34,130.0,592.1952479936238
2026-09-29 14:09:12,11,22,11,0,3,36,117.0,539.4773957793742
2026-09-29 14:09:23,15,18,15,0,5,38,117.0,545.6367125971686
2026-09-29 14:09:35,15,12,17,1,3,33,90.0,407.37244721545454
2026-09-29 14:09:47,14,15,15,0,3,33,93.0,420.95152878930304
2026-09-29 14:10:00,17,16,16,2,2,36,106.0,488.75729874028775
2026-09-29 14:10:12,13,14,13,0,3,30,87.0,385.7568867902077
2026-09-29 14:10:23,14,12,20,2,6,40,118.0,556.2015038711083
2026-09-29 14:10:35,7,21,6,0,7,34,132.0,601.3059441166025
2026-09-29 14:10:47,5,19,5,1,2,27,100.0,433.2204510175204
2026-09-29 14:11:00,5,11,3,0,1,15,53.0,199.9472022787084
2026-09-29 14:11:13,2,12,5,0,3,20,71.0,287.161093078363
2026-09-29 14:11:24,20,7,33,0,5,45,91.0,439.40636708050766
2026-09-29 14:11:36,10,10,24,3,4,41,109.0,516.4059883928871
2026-09-29 14:11:50,9,15,8,1,7,31,117.0,522.491100627568
2026-09-29 14:12:02,10,13,2,1,3,19,79.0,315.66284961076525
2026-09-29 14:12:15,5,19,4,1,2,26,99.0,425.28784973442856
2026-09-29 14:12:29,21,9,22,0,4,35,82.0,375.848552953401
2026-09-29 14:12:39,17,17,20,1,8,46,143.0,693.5711070445384
2026-09-29 14:12:50,10,17,10,2,5,34,122.0,555.7524635017083
2026-09-29 14:13:02,18,16,11,0,1,28,81.0,353.7509622289044
2026-09-29 14:13:14,18,16,22,1,4,43,117.0,559.7501871684366
2026-09-29 14:13:27,11,13,16,0,2,31,80.0,357.2588722239782
2026-09-29 14:13:40,17,16,16,0,6,38,116.0,540.973150951039
2026-09-29 14:13:51,11,20,7,0,7,34,129.0,587.6398999321343
2026-09-29 14:14:04,10,16,8,0,4,28,96.0,419.26039967870156
2026-09-29 14:14:16,8,12,10,0,6,28,94.0,410.52580801872864
2026-09-29 14:14:27,13,11,16,2,2,31,86.0,384.05328764077655
2026-09-29 14:14:39,22,14,29,0,7,50,127.0,626.3418553559894
2026-09-29 14:14:51,7,10,6,0,3,19,64.0,255.72686550745541
2026-09-29 14:15:04,3,14,6,0,4,24,86.0,362.8233209386653
2026-09-29 14:15:19,16,12,23,3,3,41,110.0,521.1436580111705
2026-09-29 14:15:32,15,16,19,3,2,40,116.0,546.7743597376997
2026-09-29 14:15:40,6,28,9,0,2,39,133.0,623.6209673971534
2026-09-29 14:15:52,15,21,20,0,2,43,116.0,554.9659975345184
2026-09-29 14:16:04,4,21,2,0,1,24,92.0,388.13657588787447
2026-09-29 14:16:16,18,11,18,0,4,33,86.0,389.2670051169899
2026-09-29 14:16:29,16,22,11,0,4,37,123.0,570.4230976463455
2026-09-29 14:16:44,1,26,1,0,3,30,123.0,545.380426151673
2026-09-29 14:16:53,14,18,16,0,3,37,106.0,491.5841329309969
2026-09-29 14:17:05,13,13,10,2,6,31,112.0,500.1624211135694
2026-09-29 14:17:17,14,17,12,0,2,31,92.0,410.8477030575749
2026-09-29 14:17:29,15,15,8,0,4,27,92.0,398.5628149361188
2026-09-29 14:17:41,7,17,6,0,0,23,74.0,309.17598344574793
2026-09-29 14:17:53,8,18,7,0,4,29,103.0,453.3233303112021
2026-09-29 14:18:06,14,14,16,0,1,31,78.0,348.3274004183787
2026-09-29 14:18:18,12,17,11,0,2,30,91.0,403.4928356081483
2026-09-29 14:18:30,9,9,9,0,2,20,57.0,230.5377789502351
2026-09-29 14:18:45,7,9,8,1,1,19,57.0,227.75673959257747
2026-09-29 14:18:54,22,4,24,1,0,29,47.0,206.85627693812134
2026-09-29 14:19:06,18,11,23,4,2,40,107.0,504.35221113736094
2026-09-29 14:19:18,18,15,19,5,1,40,120.0,565.628648004517
2026-09-29 14:19:31,12,16,9,2,3,30,105.0,465.56865647094037
2026-09-29 14:19:44,13,18,9,0,3,30,99.0,438.9647332440295
2026-09-29 14:19:55,6,18,3,1,4,26,106.0,455.3587077964589
2026-09-29 14:20:07,16,16,16,0,3,35,98.0,449.1848559686988
2026-09-29 14:20:19,10,21,10,1,6,38,137.0,638.9079455197616
2026-09-29 14:20:31,13,19,9,0,4,32,109.0,490.1193241998463
2026-09-29 14:20:45,12,23,8,1,5,37,137.0,635.3493038825148
2026-09-29 14:20:55,12,19,11,1,4,35,118.0,540.855234737821
2026-09-29 14:21:07,21,13,26,2,3,44,110.0,528.7328738747351
2026-09-29 14:21:20,15,15,8,3,8,34,137.0,624.0826844240496
2026-09-29 14:21:32,13,13,18,0,1,32,76.0,341.7345746714525
2026-09-29 14:21:48,7,25,5,0,3,33,123.0,556.7423445277878
2026-09-29 14:21:56,12,14,9,0,1,24,71.0,299.5401835656423
2026-09-29 14:22:08,3,10,5,1,4,20,76.0,307.3837052669801
2026-09-29 14:22:20,15,14,13,1,1,29,82.0,360.8981852962968
2026-09-29 14:22:32,1,10,0,0,0,10,40.0,135.91581091193484
2026-09-29 14:22:44,16,7,23,2,0,32,65.0,292.2729914953212
2026-09-29 14:23:04,11,15,18,3,1,37,105.0,486.9465467712705
2026-09-29 14:23:09,16,19,13,4,2,38,129.0,601.5994523507244
2026-09-29 14:23:21,15,23,9,2,3,37,133.0,616.7989592436093
2026-09-29 14:23:33,7,17,6,3,2,28,107.0,467.3006538085528
2026-09-29 14:23:46,12,14,13,1,5,33,106.0,479.79421560931314
2026-09-29 14:23:57,17,10,23,1,8,42,118.0,561.8216136518403
2026-09-29 14:24:09,11,13,12,1,10,36,131.0,604.0302465563933
2026-09-29 14:24:22,8,14,10,1,7,32,115.0,517.0983695686451
2026-09-29 14:24:34,8,16,12,0,6,34,112.0,510.1989828868143
2026-09-29 14:24:46,11,13,8,0,4,25,84.0,357.68010919380447
2026-09-29 14:25:01,6,25,10,0,3,38,128.0,596.9358907045947
2026-09-29 14:25:10,10,15,15,2,3,35,107.0,490.4365264148038
2026-09-29 14:25:22,17,13,21,0,3,37,91.0,422.02034053510107
2026-09-29 14:25:34,7,14,9,0,3,26,83.0,356.5544598783593
2026-09-29 14:25:46,8,17,9,0,1,27,83.0,359.57297434454193
2026-09-29 14:26:04,13,16,11,0,3,30,93.0,412.3608100171186
2026-09-29 14:26:11,10,18,7,0,7,32,121.0,544.077414937444
2026-09-29 14:26:23,6,16,9,0,2,27,85.0,368.23738336489237
2026-09-29 14:26:35,17,9,34,3,3,49,109.0,535.410507591668
2026-09-29 14:26:48,3,15,1,3,4,23,106.0,442.8737060168822
2026-09-29 14:27:03,2,14,3,2,5,24,103.0,434.5442099614247
2026-09-29 14:27:16,8,18,9,0,3,30,99.0,438.9647332440295
2026-09-29 14:27:24,8,20,4,1,0,25,91.0,387.48678495995483
2026-09-29 14:27:36,21,10,35,0,5,50,105.0,517.8416914360542
2026-09-29 14:27:48,17,19,15,1,4,39,122.0,572.0432934019002
2026-09-29 14:28:02,14,23,7,1,4,35,130.0,595.8574619992943
2026-09-29 14:28:16,12,29,11,0,4,44,151.0,725.8060359553183
2026-09-29 14:28:27,13,18,19,0,9,46,145.0,703.2714022479585
2026-09-29 14:28:37,15,16,12,0,5,33,106.0,479.79421560931314
2026-09-29 14:28:50,8,18,9,2,4,33,119.0,538.6369024293232
2026-09-29 14:29:03,5,22,4,1,7,34,141.0,642.3040766700072
2026-09-29 14:29:17,8,17,8,0,7,32,118.0,530.5878922530446
2026-09-29 14:29:26,16,13,21,0,6,40,109.0,513.7793552707695
2026-09-29 14:29:38,18,18,16,1,11,46,161.0,780.8737638753194
2026-09-29 14:29:51,17,15,13,0,3,31,91.0,406.38196715477517
2026-09-29 14:30:03,9,10,9,0,2,21,61.0,249.5535896548573
2026-09-29 14:30:15,9,6,1,0,1,8,31.0,99.11396189742281
2026-09-29 14:30:28,18,11,24,4,2,41,108.0,511.66831877460373
2026-09-29 14:30:39,13,14,18,2,2,36,100.0,461.0917912644224
2026-09-29 14:30:53,12,23,5,3,3,34,136.0,619.5273363625602
2026-09-29 14:31:06,5,25,4,1,3,33,129.0,583.9005076754848
2026-09-29 14:31:18,22,14,33,0,1,48,95.0,464.72292832050954
2026-09-29 14:31:31,14,26,7,1,5,39,148.0,693.9541592088625
2026-09-29 14:31:43,12,22,14,1,7,44,151.0,725.8060359553183
2026-09-29 14:31:54,10,21,12,1,7,41,145.0,686.9620946510884
2026-09-29 14:32:07,22,17,16,1,7,41,133.0,630.110059231688
2026-09-29 14:32:21,14,19,9,1,16,45,188.0,907.7845825399498
2026-09-29 14:32:37,11,21,7,2,13,43,183.0,875.5067030070419
2026-09-29 14:32:44,15,18,13,1,8,40,140.0,659.9000893386032
2026-09-29 14:32:57,6,17,5,0,6,28,109.0,476.0352454685257
2026-09-29 14:33:09,5,15,3,2,6,26,113.0,485.4295658584892
2026-09-29 14:33:21,12,15,8,0,2,25,80.0,340.64772304171856
2026-09-29 14:33:34,12,17,10,0,2,29,90.0,396.10776434959405
2026-09-29 14:33:49,1,13,0,0,0,13,52.0,189.23098113999345
2026-09-29 14:33:57,8,6,15,1,0,22,46.0,190.23273393274087
2026-09-29 14:34:09,16,5,25,2,1,33,65.0,294.2134341000505
2026-09-29 14:34:22,12,11,18,1,5,35,99.0,453.7683749071549
2026-09-29 14:34:34,14,20,5,0,3,28,103.0,449.8314704886069
2026-09-29 14:34:47,8,15,5,1,5,26,102.0,438.1753603324416
2026-09-29 14:35:02,6,12,4,1,2,19,71.0,283.6969914223333
2026-09-29 14:35:12,21,13,21,2,3,39,105.0,492.33234268196327
2026-09-29 14:35:22,9,24,6,2,6,38,152.0,708.8613702117062
2026-09-29 14:35:35,12,14,9,2,4,29,103.0,453.3233303112021
2026-09-29 14:35:46,16,12,15,2,4,33,101.0,457.1624129862323
2026-09-29 14:35:59,13,14,14,5,5,38,135.0,629.5808222275023
2026-09-29 14:36:12,8,20,6,2,7,35,142.0,650.8596892607676
2026-09-29 14:36:23,9,17,11,1,5,34,116.0,528.4203751327719
2026-09-29 14:36:38,13,19,15,0,6,40,127.0,598.6236524714471
2026-09-29 14:36:47,12,16,10,3,3,32,113.0,508.10535444571224
2026-09-29 14:36:59,13,14,10,1,2,27,85.0,368.23738336489237
2026-09-29 14:37:12,6,14,6,1,0,21,69.0,282.2819292817238
2026-09-29 14:37:24,3,17,3,0,2,22,83.0,343.24601992211944
2026-09-29 14:37:36,2,6,2,0,2,10,38.0,129.12002036633808
2026-09-29 14:37:48,17,8,24,2,1,35,76.0,348.34743932266434
2026-09-29 14:38:02,15,8,17,2,3,30,81.0,359.15296356329685
2026-09-29 14:38:12,8,14,10,1,2,27,85.0,368.23738336489237
2026-09-29 14:38:24,3,13,15,3,5,36,118.0,544.0883136920185
2026-09-29 14:38:36,2,14,3,2,1,20,79.0,319.5172725801504
2026-09-29 14:38:48,14,14,15,0,1,30,77.0,341.41701474535625
2026-09-29 14:39:01,17,23,16,1,5,45,145.0,700.1530024909188
2026-09-29 14:39:18,18,17,17,0,5,39,115.0,539.2211372231026
2026-09-29 14:39:32,7,10,4,0,4,18,68.0,268.2218505833179
2026-09-29 14:39:39,12,12,12,1,7,32,109.0,490.1193241998463
2026-09-29 14:39:51,6,18,3,0,6,27,111.0,480.87470062944766
2026-09-29 14:40:05,13,26,12,1,8,47,171.0,832.9753728652493
2026-09-29 14:40:19,11,19,9,0,5,33,115.0,520.5314603308586
2026-09-29 14:40:29,8,21,8,0,6,35,128.0,586.6904241223821
2026-09-29 14:40:41,10,17,11,1,1,30,92.0,407.9268228126335
2026-09-29 14:40:53,9,22,10,0,2,34,110.0,501.0882867638354
2026-09-29 14:41:05,11,17,11,2,1,31,99.0,442.107854377173
2026-09-29 14:41:17,5,15,2,0,0,17,62.0,241.2030489895622
2026-09-29 14:41:32,7,15,0,0,0,15,60.0,226.35532333438687
2026-09-29 14:41:46,14,11,18,0,1,30,68.0,301.51112990498996
2026-09-29 14:41:54,16,15,14,3,6,38,131.0,610.9265756429837
2026-09-29 14:42:06,14,21,11,0,4,36,119.0,548.6992316046626
2026-09-29 14:42:18,7,17,6,0,3,26,92.0,395.2169916723983
2026-09-29 14:42:32,5,17,0,0,5,22,98.0,405.2784331610567
2026-09-29 14:42:45,19,14,26,0,7,47,124.0,604.0289253525784
2026-09-29 14:42:54,15,23,9,0,3,35,119.0,545.4387536762771
2026-09-29 14:43:07,15,20,13,0,6,39,129.0,604.8654495806977
2026-09-29 14:43:18,12,15,11,0,3,29,89.0,391.70656696793185
2026-09-29 14:43:32,12,16,12,0,7,35,118.0,540.855234737821
2026-09-29 14:43:43,14,16,14,3,7,40,141.0,664.6136614053074
2026-09-29 14:43:55,20,25,12,2,4,43,150.0,717.6284450877392
2026-09-29 14:44:07,7,17,3,5,3,28,124.0,541.5446829183229
2026-09-29 14:44:19,11,15,6,0,2,23,78.0,325.8881987671397
2026-09-29 14:44:32,5,11,7,4,3,25,97.0,413.03536418808375
2026-09-29 14:44:43,8,21,5,0,3,29,107.0,470.92811983785066
2026-09-29 14:45:00,4,14,2,0,5,21,88.0,360.01173589553184
2026-09-29 14:45:08,2,12,3,1,4,20,82.0,331.65083989332066
2026-09-29 14:45:20,3,11,5,2,1,19,69.0,275.70552687522536
2026-09-29 14:45:32,16,6,20,2,2,30,70.0,310.3791043139602
2026-09-29 14:45:48,2,16,4,0,1,21,74.0,302.7371415485154
2026-09-29 14:45:59,15,16,18,0,1,35,88.0,403.34966658413765
2026-09-29 14:46:08,6,18,3,2,3,26,107.0,459.6545446624632
2026-09-29 14:46:20,15,17,16,2,4,39,122.0,572.0432934019002
2026-09-29 14:46:37,10,21,10,2,4,37,132.0,612.161373083883
2026-09-29 14:46:48,10,12,10,0,6,28,94.0,410.52580801872864
2026-09-29 14:46:57,8,14,9,2,5,30,109.0,483.30460528888096
2026-09-29 14:47:09,13,21,13,0,3,37,115.0,533.3224083685343
2026-09-29 14:47:21,10,25,9,0,2,36,121.0,557.9210674299511
2026-09-29 14:47:33,11,24,10,0,3,37,124.0,575.0606838060718
2026-09-29 14:47:47,10,18,10,1,5,34,119.0,542.0864193172401
2026-09-29 14:47:59,10,25,9,2,1,37,129.0,598.2486146047038
2026-09-29 14:48:09,9,17,11,0,3,31,97.0,433.1763825715735
2026-09-29 14:48:23,11,8,11,0,3,22,61.0,252.26514717167814
2026-09-29 14:48:33,10,13,5,0,5,23,87.0,363.49068324027127
2026-09-29 14:48:46,1,6,0,3,3,12,63.0,224.59180952007682
2026-09-29 14:48:58,8,9,2,1,1,13,51.0,185.59192381037818
2026-09-29 14:49:11,13,9,19,2,2,32,81.0,364.2171124787849
2026-09-29 14:49:22,11,15,14,2,4,35,112.0,513.3541211070843
2026-09-29 14:49:34,15,17,16,1,2,36,103.0,474.92454500235505
2026-09-29 14:49:47,5,20,4,0,4,28,108.0,471.66794963853926
2026-09-29 14:49:58,4,19,1,0,5,25,107.0,455.61632956829857
2026-09-29 14:50:11,17,17,19,0,5,41,117.0,554.307345339154
2026-09-29 14:50:22,18,20,17,0,1,38,103.0,480.34684955135356
2026-09-29 14:50:35,11,24,10,0,3,37,124.0,575.0606838060718
2026-09-29 14:50:47,11,27,8,2,3,40,148.0,697.6086658722376
2026-09-29 14:50:59,13,18,16,0,7,41,130.0,615.8970503768378
2026-09-29 14:51:12,13,15,16,0,4,35,100.0,458.351893845611
2026-09-29 14:51:23,11,24,9,0,8,41,153.0,724.8634515973553
2026-09-29 14:51:36,9,19,11,0,6,36,123.0,567.1429032552395
2026-09-29 14:51:48,18,24,14,1,3,42,135.0,642.7620156186308
2026-09-29 14:52:00,7,23,9,1,5,38,138.0,643.5715071658911
2026-09-29 14:52:12,7,17,2,0,6,25,106.0,451.35823303027706
2026-09-29 14:52:24,10,15,8,1,6,30,111.0,492.17257969785123
2026-09-29 14:52:36,2,13,2,1,4,20,85.0,343.7844072064909
2026-09-29 14:52:48,1,16,1,0,0,17,65.0,252.8741642632507
2026-09-29 14:53:01,16,12,22,3,3,40,109.0,513.7793552707695
2026-09-29 14:53:14,10,21,9,5,0,35,128.0,586.6904241223821
2026-09-29 14:53:25,4,23,5,2,0,30,111.0,492.17257969785123
2026-09-29 14:53:37,5,19,4,0,4,27,104.0,450.5492690582212
2026-09-29 14:53:49,8,29,3,0,3,35,137.0,627.942094568487
2026-09-29 14:54:01,8,14,4,0,7,25,102.0,434.32584687819116
2026-09-29 14:54:14,19,22,17,0,3,42,123.0,585.6276142303082
2026-09-29 14:54:27,18,21,14,1,4,40,129.0,608.0507966048557
2026-09-29 14:54:37,18,15,14,0,5,34,104.0,473.75619839489895
2026-09-29 14:54:50,12,22,8,0,4,34,120.0,546.6417673787296
2026-09-29 14:55:02,12,18,10,0,7,35,124.0,568.3563483685576
2026-09-29 14:55:15,4,14,3,1,12,30,138.0,611.8902342189502
2026-09-29 14:55:27,11,22,5,2,6,35,143.0,655.4432081992237
2026-09-29 14:55:38,15,21,12,3,6,42,153.0,728.463617701115
2026-09-29 14:55:50,15,21,7,0,3,31,109.0,486.76521340517024
2026-09-29 14:56:02,11,17,6,1,1,25,87.0,370.4543988078689
2026-09-29 14:56:15,11,12,11,1,4,28,90.0,393.0566246987827
2026-09-29 14:56:27,0,8,1,0,2,11,45.0,156.82079924046002
2026-09-29 14:56:40,1,8,0,0,0,8,32.0,102.31118647475903
2026-09-29 14:56:51,16,2,22,3,4,31,75.0,334.9301927099795
2026-09-29 14:57:03,22,13,23,2,4,42,113.0,538.0156130733725
2026-09-29 14:57:16,7,16,7,2,6,31,121.0,540.354044238767
2026-09-29 14:57:27,6,24,1,1,5,31,134.0,598.4086109751635
2026-09-29 14:57:39,9,16,8,4,4,32,124.0,557.5669376218435
2026-09-29 14:57:52,10,26,7,0,2,35,123.0,563.7728294301015
2026-09-29 14:58:03,15,17,16,2,3,38,116.0,540.973150951039
2026-09-29 14:58:16,15,20,4,3,2,29,117.0,514.9400936544722
2026-09-29 14:58:28,9,23,10,1,3,37,127.0,588.9734422852509
2026-09-29 14:58:40,4,24,3,0,1,28,105.0,458.5660621485798
2026-09-29 14:58:52,4,24,3,1,4,32,130.0,584.5459829906424
2026-09-29 14:59:04,7,19,6,3,2,30,115.0,509.90852851579183
2026-09-29 14:59:16,14,18,11,0,3,32,101.0,454.14726370811445
2026-09-29 14:59:28,15,23,9,0,2,34,113.0,514.7543309483037
2026-09-29 14:59:40,18,17,14,1,4,36,113.0,521.0337241287973
2026-09-29 14:59:52,4,19,2,4,0,25,106.0,451.35823303027706
2026-09-29 15:00:05,22,15,15,2,1,33,95.0,430.0042498385354
2026-09-29 15:00:17,9,17,8,1,1,27,89.0,385.5662014055932
2026-09-29 15:00:30,5,14,1,1,2,18,76.0,299.77736241664945
2026-09-29 15:00:41,19,12,24,1,3,40,97.0,457.21649047031786
2026-09-29 15:00:53,19,19,16,1,2,38,111.0,517.6553427203908
2026-09-29 15:01:05,3,20,3,0,1,24,89.0,375.4799484132699
2026-09-29 15:01:17,13,20,15,1,1,37,108.0,500.85930525044967
2026-09-29 15:01:30,7,17,5,1,1,24,86.0,362.8233209386653
2026-09-29 15:01:42,19,11,26,2,1,40,90.0,424.2214860033877
2026-09-29 15:01:54,11,6,11,4,4,25,87.0,370.4543988078689
2026-09-29 15:02:06,8,20,6,0,0,26,86.0,369.4419704763723
2026-09-29 15:02:20,5,16,10,0,1,27,80.0,346.5763608140163
2026-09-29 15:02:32,13,18,12,1,2,33,103.0,466.21513403546464
2026-09-29 15:02:44,9,16,10,1,4,31,105.0,468.90226979397136
2026-09-29 15:02:56,6,17,3,0,8,28,119.0,519.7082037683905
2026-09-29 15:03:08,14,20,9,2,4,35,127.0,582.106905183926
2026-09-29 15:03:20,12,21,7,0,3,31,109.0,486.76521340517024
2026-09-29 15:03:32,10,16,9,0,4,29,97.0,426.9161460212291
2026-09-29 15:03:44,5,16,5,0,3,24,87.0,367.04219676353347
2026-09-29 15:03:57,6,16,7,1,3,27,96.0,415.8916329768196
2026-09-29 15:04:09,8,23,4,0,4,31,120.0,535.8883083359673
2026-09-29 15:04:21,0,14,1,0,1,16,63.0,241.49244067554162
2026-09-29 15:04:33,0,9,0,0,0,9,36.0,118.89306334778566
2026-09-29 15:04:46,21,3,26,2,0,31,52.0,232.2182669455858
2026-09-29 15:04:57,7,14,10,2,2,28,92.0,401.79121635875566
2026-09-29 15:05:10,25,15,28,6,1,50,136.0,670.7282860505084
2026-09-29 15:05:23,11,21,7,5,5,38,156.0,727.5156167962248
2026-09-29 15:05:34,7,21,5,7,6,39,174.0,815.8650250158248
2026-09-29 15:05:46,9,17,8,2,1,28,96.0,419.26039967870156
2026-09-29 15:05:58,21,15,17,1,2,35,96.0,440.0178180917866
2026-09-29 15:06:10,12,21,5,0,3,29,107.0,470.92811983785066
2026-09-29 15:06:22,15,21,11,0,2,34,107.0,487.4222425793672
2026-09-29 15:06:36,13,21,10,0,2,33,106.0,479.79421560931314
2026-09-29 15:06:46,14,20,8,0,3,31,106.0,473.36800569677104
2026-09-29 15:07:03,10,18,9,0,4,31,105.0,468.90226979397136
2026-09-29 15:07:11,8,25,7,0,8,40,155.0,730.6036703391677
2026-09-29 15:07:23,17,19,9,0,4,32,109.0,490.1193241998463
2026-09-29 15:07:35,14,22,13,0,2,37,113.0,524.0472360490816
2026-09-29 15:07:47,10,18,7,4,2,31,119.0,531.4225724331675
2026-09-29 15:08:01,9,26,6,0,1,33,116.0,525.0578208554747
2026-09-29 15:08:11,6,24,7,0,4,35,127.0,582.106905183926
2026-09-29 15:08:23,7,16,7,0,5,28,101.0,441.0968788286339
2026-09-29 15:08:36,4,14,3,0,3,20,77.0,311.42822770470354
2026-09-29 15:08:48,1,11,1,0,0,12,45.0,160.42272108576915
2026-09-29 15:09:03,20,9,18,1,0,28,61.0,266.40504562917494
2026-09-29 15:09:12,13,15,13,3,1,32,100.0,449.65075614664795
2026-09-29 15:09:24,15,18,18,3,1,40,117.0,551.4879318044041
2026-09-29 15:09:36,9,16,8,0,2,26,84.0,360.8502967443636
2026-09-29 15:09:48,17,17,15,0,2,34,95.0,432.7580658414942
2026-09-29 15:10:01,8,16,4,0,1,21,74.0,302.7371415485154
2026-09-29 15:10:14,4,10,5,0,0,15,45.0,169.76649250079015
2026-09-29 15:10:27,20,4,19,0,3,26,53.0,227.67935389822944
2026-09-29 15:10:37,4,22,5,0,1,28,99.0,432.362287168661
2026-09-29 15:10:49,12,22,9,0,3,34,115.0,523.8650270712825
2026-09-29 15:11:03,13,24,7,0,0,31,103.0,459.9707979883719
2026-09-29 15:11:14,16,19,12,1,4,36,119.0,548.6992316046626
2026-09-29 15:11:25,10,17,6,1,2,26,93.0,399.51282853840263
2026-09-29 15:11:38,15,22,13,0,5,40,131.0,617.4779407382644
2026-09-29 15:11:50,10,16,5,0,4,25,93.0,396.0029780359978
2026-09-29 15:12:02,11,22,10,0,2,34,110.0,501.0882867638354
2026-09-29 15:12:14,7,25,7,1,5,38,144.0,671.552877042669
2026-09-29 15:12:26,10,23,7,1,3,34,124.0,564.8631596246872
2026-09-29 15:12:38,6,17,3,2,2,24,97.0,409.2309550122155
2026-09-29 15:12:50,7,13,2,0,1,16,60.0,229.99280064337296
2026-09-29 15:13:02,3,8,3,0,5,16,65.0,249.15886736365405
2026-09-29 15:13:15,17,6,18,0,1,25,48.0,204.38863382503112
2026-09-29 15:13:27,15,13,12,5,5,35,129.0,591.2739430608382
2026-09-29 15:13:39,14,18,17,4,4,43,141.0,674.5707383824748
2026-09-29 15:13:51,4,19,1,0,6,26,113.0,485.4295658584892
2026-09-29 15:14:03,12,19,17,1,3,40,118.0,556.2015038711083
2026-09-29 15:14:15,7,18,1,0,6,25,109.0,464.1325226443415
2026-09-29 15:14:27,7,17,4,1,2,24,91.0,383.9177000630063
2026-09-29 15:14:40,17,12,18,3,4,37,111.0,514.7720637296288
2026-09-29 15:14:52,12,19,13,1,7,40,138.0,650.4729452051945
2026-09-29 15:15:04,9,18,5,2,3,28,109.0,476.0352454685257
2026-09-29 15:15:16,13,20,6,1,3,30,111.0,492.17257969785123
2026-09-29 15:15:28,7,27,4,0,7,38,154.0,718.1884935039656
2026-09-29 15:15:40,5,26,3,1,4,34,138.0,628.638032485539
2026-09-29 15:15:52,15,23,14,1,4,42,137.0,652.284415850018
2026-09-29 15:16:04,16,18,18,0,1,37,96.0,445.208271333733
2026-09-29 15:16:18,10,17,6,0,0,23,74.0,309.17598344574793
2026-09-29 15:16:30,15,19,10,1,5,35,123.0,563.7728294301015
2026-09-29 15:16:42,13,17,12,0,1,30,86.0,381.32289958572255
2026-09-29 15:16:54,5,17,3,0,1,21,77.0,315.0102689085903
2026-09-29 15:17:06,2,13,1,1,0,15,60.0,226.35532333438687
2026-09-29 15:17:19,8,13,7,0,2,22,71.0,293.6200893309696
2026-09-29 15:17:32,10,13,1,2,1,17,73.0,283.99713832642
2026-09-29 15:17:45,15,12,13,3,2,30,94.0,416.79479722160374
2026-09-29 15:17:55,12,17,9,5,1,32,118.0,530.5878922530446
2026-09-29 15:18:07,12,17,21,0,2,40,101.0,476.07077873713513
2026-09-29 15:18:19,9,27,7,1,3,38,140.0,652.8986304581505
2026-09-29 15:18:31,7,12,9,3,6,30,114.0,505.47454131130667
2026-09-29 15:18:45,12,20,6,0,2,28,98.0,427.9949913386745
2026-09-29 15:18:55,15,13,21,0,1,35,79.0,362.09799613803267
2026-09-29 15:19:07,19,20,17,0,3,40,115.0,542.0607876709954
2026-09-29 15:19:20,10,25,11,1,2,39,130.0,609.5543290348116
2026-09-29 15:19:32,17,21,15,0,1,37,105.0,486.9465467712705
2026-09-29 15:19:44,16,27,4,0,3,34,130.0,592.1952479936238
2026-09-29 15:19:56,11,26,12,0,3,41,134.0,634.8477288499713
2026-09-29 15:20:08,13,27,12,0,3,42,138.0,657.0456159657116
2026-09-29 15:20:20,8,35,2,0,3,40,160.0,754.1715306726893
2026-09-29 15:20:32,12,25,4,1,7,37,153.0,709.550682438137
2026-09-29 15:20:45,10,21,10,0,9,40,148.0,697.6086658722376
2026-09-29 15:20:57,15,22,8,0,5,35,126.0,577.5233862454699
2026-09-29 15:21:09,9,21,8,0,4,33,116.0,525.0578208554747
2026-09-29 15:21:21,13,18,10,1,4,33,113.0,511.47873928162625
2026-09-29 15:21:33,7,13,4,1,3,21,81.0,331.3744387220236
2026-09-29 15:21:45,5,7,3,1,3,14,56.0,207.65081126172376
2026-09-29 15:22:01,19,7,16,7,2,32,105.0,472.1332939539804
2026-09-29 15:22:14,11,12,6,12,1,31,144.0,643.0659700031607
2026-09-29 15:22:21,2,25,3,3,2,33,136.0,615.585031347798
2026-09-29 15:22:34,17,18,14,5,2,39,133.0,623.6209673971534
2026-09-29 15:22:46,9,20,5,4,2,31,125.0,558.2169878499659
2026-09-29 15:23:02,1,24,0,1,3,28,121.0,528.4427954283634
2026-09-29 15:23:11,17,15,17,0,2,34,89.0,405.42597747255775
2026-09-29 15:23:24,12,19,5,1,5,30,118.0,523.2104901292472
2026-09-29 15:23:36,15,22,12,1,2,37,119.0,551.8727530074399
2026-09-29 15:23:49,12,22,8,0,4,34,120.0,546.6417673787296
2026-09-29 15:24:04,13,22,5,1,2,30,112.0,496.6065669023364
2026-09-29 15:24:13,12,20,13,2,2,37,119.0,551.8727530074399
2026-09-29 15:24:24,2,21,5,5,8,39,172.0,806.487266107597
2026-09-29 15:24:36,8,21,3,4,7,35,157.0,719.6124733376092
2026-09-29 15:24:48,11,27,7,3,1,38,142.0,662.2257537504098
2026-09-29 15:25:00,9,16,8,2,4,30,110.0,487.73859249336607
2026-09-29 15:25:12,18,13,14,1,3,31,91.0,406.38196715477517
2026-09-29 15:25:24,5,9,7,0,3,19,61.0,243.73966868679344
2026-09-29 15:25:36,16,12,12,0,0,24,60.0,253.13254949209207
2026-09-29 15:25:49,10,9,7,1,0,17,50.0,194.51858789480823
2026-09-29 15:26:02,10,11,6,0,1,18,56.0,220.88858283332064
2026-09-29 15:26:13,17,15,16,1,1,33,89.0,402.8460866908384
2026-09-29 15:26:25,15,21,17,1,1,40,114.0,537.3472156042911
2026-09-29 15:26:37,9,19,6,1,1,27,95.0,411.5594284666444
2026-09-29 15:26:49,12,14,6,4,1,25,96.0,408.77726765006224
2026-09-29 15:27:02,11,20,11,2,3,36,123.0,567.1429032552395
2026-09-29 15:27:14,5,19,3,1,2,25,98.0,417.2934607261052
2026-09-29 15:27:25,23,19,27,0,1,47,109.0,530.96091018896
2026-09-29 15:27:37,16,18,15,0,0,33,87.0,393.79336564160604
2026-09-29 15:27:50,16,18,16,1,4,39,119.0,557.9766550395584
2026-09-29 15:28:02,15,20,10,1,3,34,115.0,523.8650270712825
2026-09-29 15:28:14,13,15,14,0,3,32,92.0,413.67869565491617
2026-09-29 15:28:27,10,25,10,1,5,41,147.0,696.4374338876551
2026-09-29 15:28:38,14,25,15,2,3,45,147.0,709.810285283897
2026-09-29 15:28:52,15,19,15,0,2,36,103.0,474.92454500235505
2026-09-29 15:29:04,14,17,10,0,1,28,84.0,366.85284971886387
2026-09-29 15:29:16,7,22,10,2,0,34,112.0,510.1989828868143
2026-09-29 15:29:33,11,16,8,0,2,26,84.0,360.8502967443636
2026-09-29 15:29:40,16,13,16,0,0,29,68.0,299.2814219530266
2026-09-29 15:29:52,19,10,21,0,1,32,67.0,301.26600661825415
2026-09-29 15:30:05,6,10,5,0,2,17,57.0,221.75119020008137
2026-09-29 15:30:17,0,6,0,1,0,7,31.0,95.4626877920749
2026-09-29 15:30:29,19,4,18,2,0,24,48.0,202.50603959367365
2026-09-29 15:30:46,15,10,15,4,1,30,89.0,394.62486119917804
2026-09-29 15:30:53,13,18,12,3,0,33,105.0,475.267855084697
2026-09-29 15:31:05,4,18,1,2,1,22,93.0,384.6009620814109
2026-09-29 15:31:17,18,19,17,0,1,37,99.0,459.1210298129122
2026-09-29 15:31:29,1,24,2,0,1,27,104.0,450.5492690582212
2026-09-29 15:31:46,15,19,15,0,1,35,97.0,444.6013370302427
2026-09-29 15:31:54,16,18,14,0,2,34,98.0,446.4241100259625
2026-09-29 15:32:06,17,20,14,0,3,37,112.0,519.4096498893553
2026-09-29 15:32:18,12,20,7,1,12,40,166.0,782.4529630729152
2026-09-29 15:32:32,12,19,6,0,3,28,100.0,436.72958299864746
2026-09-29 15:32:44,12,19,8,0,2,29,96.0,422.51494863956697
2026-09-29 15:32:56,11,21,7,0,5,33,121.0,547.6896234785555
2026-09-29 15:33:08,13,21,9,0,2,32,105.0,472.1332939539804
2026-09-29 15:33:20,17,21,14,0,3,38,116.0,540.973150951039
2026-09-29 15:33:32,14,22,10,1,3,36,123.0,567.1429032552395
2026-09-29 15:33:44,7,24,5,1,3,33,126.0,570.3214261016363
2026-09-29 15:33:56,12,21,11,2,5,39,139.0,651.7542441218371
2026-09-29 15:34:09,14,30,13,0,2,45,145.0,700.1530024909188
2026-09-29 15:34:21,6,17,6,1,4,28,105.0,458.5660621485798
2026-09-29 15:34:33,5,14,3,0,0,17,59.0,229.53193371587372
2026-09-29 15:34:46,18,10,20,1,1,32,73.0,328.24505198705305
2026-09-29 15:34:59,9,9,8,3,2,22,77.0,318.4330546265445
2026-09-29 15:35:12,3,20,0,3,0,23,101.0,421.9834368651425
2026-09-29 15:35:23,12,20,15,1,0,36,102.0,470.31362708971085
2026-09-29 15:35:36,16,11,20,0,1,32,70.0,314.7555293026536
2026-09-29 15:35:47,3,14,6,2,4,26,100.0,429.5836866004329
2026-09-29 15:35:59,19,19,21,3,1,44,124.0,596.0261487315196
2026-09-29 15:36:14,19,20,14,5,2,41,141.0,668.0114161779549
2026-09-29 15:36:24,10,31,6,2,4,43,168.0,803.743858498268
2026-09-29 15:36:36,10,30,9,1,3,43,154.0,736.7652036234123
2026-09-29 15:36:48,8,24,6,0,3,33,120.0,543.1632629539394
2026-09-29 15:37:00,11,28,7,0,3,38,137.0,638.9079455197616
2026-09-29 15:37:14,18,22,15,0,4,41,127.0,601.6840415219878
2026-09-29 15:37:24,12,24,5,0,5,34,131.0,596.7505960551131
2026-09-29 15:37:36,10,21,12,1,8,42,151.0,718.9412174697278
2026-09-29 15:37:49,10,23,10,0,3,36,120.0,553.3101495173069
2026-09-29 15:38:01,7,20,9,1,5,35,126.0,577.5233862454699
2026-09-29 15:38:15,11,11,12,1,2,26,75.0,322.18776495032466
2026-09-29 15:38:27,8,11,7,0,1,19,57.0,227.75673959257747
2026-09-29 15:38:39,8,6,7,0,0,13,31.0,112.81077721807301
2026-09-29 15:38:51,4,5,3,0,1,9,29.0,95.77496769682733
2026-09-29 15:39:03,16,8,27,2,0,37,73.0,338.54378966002616
2026-09-29 15:39:16,13,15,15,3,0,33,96.0,434.5306103631515
2026-09-29 15:39:30,16,14,20,4,2,40,116.0,546.7743597376997
2026-09-29 15:39:40,13,22,14,3,1,40,129.0,608.0507966048557
2026-09-29 15:39:51,7,20,7,3,2,32,120.0,539.5809073759776
2026-09-29 15:40:04,3,20,6,4,3,33,132.0,597.4795892493333
2026-09-29 15:40:16,3,18,4,3,6,31,133.0,593.9428750723637
2026-09-29 15:40:28,14,16,19,1,0,36,90.0,414.98261213798014
2026-09-29 15:40:40,17,21,11,1,1,34,108.0,491.9775906408566
2026-09-29 15:40:52,9,24,7,3,3,37,142.0,658.5372346811467
2026-09-29 15:41:04,6,21,8,2,5,36,136.0,627.0848361196145
2026-09-29 15:41:16,7,20,11,0,3,34,109.0,496.53293870234603
2026-09-29 15:41:28,13,21,7,3,5,36,142.0,654.7503435954798
2026-09-29 15:41:41,13,23,10,0,6,39,138.0,647.0653646677231
2026-09-29 15:41:52,12,19,15,0,3,37,109.0,505.49689141017603
2026-09-29 15:42:05,11,12,8,1,2,23,75.0,313.3540372760959
2026-09-29 15:42:17,15,23,13,0,1,37,111.0,514.7720637296288
2026-09-29 15:42:30,15,21,15,0,0,36,99.0,456.48087335177814
2026-09-29 15:42:41,16,15,12,1,5,33,109.0,493.3732971831616
2026-09-29 15:42:53,8,13,6,0,2,21,70.0,286.3729717350821
2026-09-29 15:43:06,0,9,2,0,0,11,38.0,132.426452691944
2026-09-29 15:43:17,12,8,24,0,1,33,62.0,280.634352526202
2026-09-29 15:43:30,13,20,15,2,1,38,115.0,536.3095893049093
2026-09-29 15:43:43,21,15,29,3,2,49,122.0,599.2668066622339
2026-09-29 15:43:54,2,24,3,2,1,30,119.0,527.6444773337324
2026-09-29 15:44:06,7,17,11,3,2,33,112.0,506.9523787570101
2026-09-29 15:44:18,8,21,10,1,1,33,107.0,484.3205761339293
2026-09-29 15:44:30,5,21,6,0,4,31,114.0,509.09389291916887
2026-09-29 15:44:44,19,19,16,4,3,42,138.0,657.0456159657116
2026-09-29 15:44:54,20,23,20,0,7,50,154.0,759.5011474395462
2026-09-29 15:45:06,16,26,21,0,6,53,161.0,803.2264314968482
2026-09-29 15:45:19,13,24,12,0,3,39,126.0,590.7988112183559
2026-09-29 15:45:33,17,28,12,0,6,46,160.0,776.0236162736094
2026-09-29 15:45:48,16,26,13,0,1,40,123.0,579.7693642046298
2026-09-29 15:45:55,14,21,11,2,7,41,151.0,715.3881123607886
2026-09-29 15:46:08,13,29,9,3,5,46,176.0,853.6259779009703
2026-09-29 15:46:20,12,29,10,0,7,46,168.0,814.8247970872898
2026-09-29 15:46:33,6,26,4,0,6,36,144.0,663.9721794207683
2026-09-29 15:46:46,16,23,16,0,4,43,132.0,631.5130316772105
2026-09-29 15:46:56,19,25,18,0,4,47,142.0,691.7105435489204
2026-09-29 15:47:08,12,23,14,0,3,40,124.0,584.4829362713342
2026-09-29 15:47:20,9,17,5,0,3,25,91.0,387.48678495995483
2026-09-29 15:47:33,5,13,8,0,1,22,66.0,272.9426182513239
2026-09-29 15:47:45,20,14,25,2,2,43,107.0,511.908290829254
2026-09-29 15:47:57,17,14,20,2,2,38,102.0,475.68328790522395
2026-09-29 15:48:09,8,18,6,3,2,29,111.0,488.5329093644993
2026-09-29 15:48:21,13,23,12,4,1,40,138.0,650.4729452051945
2026-09-29 15:48:33,13,14,18,5,3,40,127.0,598.6236524714471
2026-09-29 15:48:46,6,23,6,1,2,32,117.0,526.0913846915781
2026-09-29 15:48:58,17,16,28,2,1,47,112.0,545.5745132216838
2026-09-29 15:49:12,21,25,19,1,1,46,132.0,640.2194834257277
2026-09-29 15:49:22,14,31,14,0,0,45,138.0,666.3525127154951
2026-09-29 15:49:34,12,26,19,0,1,46,129.0,625.6690406205976
2026-09-29 15:49:46,11,20,21,1,0,42,108.0,514.2096124949047
2026-09-29 15:49:59,15,23,24,0,0,47,116.0,565.0593172653154
2026-09-29 15:50:12,13,21,22,1,1,45,119.0,574.6083261822023
2026-09-29 15:50:22,10,25,8,0,3,36,126.0,580.9756569931723
2026-09-29 15:50:34,10,25,7,0,2,34,119.0,542.0864193172401
2026-09-29 15:50:47,9,23,9,1,2,35,120.0,550.0222726147332
2026-09-29 15:51:02,13,25,18,1,4,48,149.0,728.8812244184834
2026-09-29 15:51:12,17,25,12,1,3,41,137.0,649.0607377048215
2026-09-29 15:51:23,10,14,12,0,1,27,74.0,320.5831337529651
2026-09-29 15:51:35,6,17,6,1,2,26,93.0,399.51282853840263
2026-09-29 15:51:47,7,13,8,2,0,23,74.0,309.17598344574793
2026-09-29 15:51:59,23,16,23,1,1,41,100.0,473.7669618283368
2026-09-29 15:52:14,10,22,8,4,1,35,130.0,595.8574619992943
2026-09-29 15:52:24,9,19,3,5,4,31,138.0,616.2715545863623
2026-09-29 15:52:36,3,21,9,2,1,33,113.0,511.47873928162625
2026-09-29 15:52:48,11,14,17,4,1,36,107.0,493.36821665293195
2026-09-29 15:53:00,9,24,4,0,4,32,124.0,557.5669376218435
2026-09-29 15:53:14,20,12,33,1,0,46,88.0,426.81298895048513
2026-09-29 15:53:24,21,20,31,0,2,53,123.0,613.6450377274058
2026-09-29 15:53:36,13,21,9,1,0,31,100.0,446.5735902799727
2026-09-29 15:53:48,13,20,13,0,3,36,111.0,511.81188830350885
2026-09-29 15:54:04,20,18,23,0,0,41,95.0,450.07861373692
2026-09-29 15:54:12,18,20,24,0,1,45,110.0,531.1505536138004
2026-09-29 15:54:25,13,21,16,1,3,41,125.0,592.2087022854209
2026-09-29 15:54:37,5,22,6,2,3,33,126.0,570.3214261016363
2026-09-29 15:54:49,13,21,18,0,4,43,126.0,602.8078938737009
2026-09-29 15:55:02,8,29,12,0,5,46,158.0,766.3233210701892
2026-09-29 15:55:16,7,29,6,0,4,39,146.0,684.5764003006346
2026-09-29 15:55:25,10,25,7,1,4,37,138.0,639.9868900422413
2026-09-29 15:55:37,10,23,8,1,3,35,125.0,572.9398673070137
2026-09-29 15:55:50,8,13,8,0,3,24,78.0,329.0723143397197
2026-09-29 15:56:02,0,10,2,1,0,13,49.0,178.31380915114767
2026-09-29 15:56:14,19,10,27,1,1,39,80.0,375.1103563291149
2026-09-29 15:56:29,11,15,24,1,0,40,91.0,428.935058070092
2026-09-29 15:56:38,13,19,16,3,4,42,137.0,652.284415850018
2026-09-29 15:56:50,5,20,5,0,4,29,109.0,479.730514601175
2026-09-29 15:57:02,12,17,21,2,4,44,127.0,610.4461362008306
2026-09-29 15:57:15,11,19,14,1,2,36,109.0,502.5900524782204
2026-09-29 15:57:26,9,18,13,0,1,32,91.0,409.18218809344967
2026-09-29 15:57:39,20,19,25,1,4,49,132.0,648.3870367165154
2026-09-29 15:57:51,23,21,24,2,1,48,128.0,626.1529981581602
2026-09-29 15:58:03,16,22,17,2,3,44,137.0,658.5127610985338
2026-09-29 15:58:15,12,18,17,4,2,41,129.0,611.1593807585544
2026-09-29 15:58:29,12,16,20,0,6,42,120.0,571.3440138832275
2026-09-29 15:58:39,6,16,9,0,2,27,85.0,368.23738336489237
2026-09-29 15:58:51,16,20,17,0,1,38,103.0,480.34684955135356
2026-09-29 15:59:04,17,16,18,0,4,38,106.0,494.3375344897425
2026-09-29 15:59:16,7,22,10,0,2,34,110.0,501.0882867638354
2026-09-29 15:59:28,15,17,14,1,2,34,101.0,460.09015421043074
2026-09-29 15:59:40,18,15,19,1,1,36,92.0,424.2044479632686
2026-09-29 15:59:52,18,16,19,0,0,35,83.0,380.4320718918571
2026-09-29 16:00:04,7,18,6,0,0,24,78.0,329.0723143397197
2026-09-29 16:00:17,9,13,7,0,0,20,59.0,238.62682382568192
2026-09-29 16:00:29,20,8,28,2,1,39,80.0,375.1103563291149
2026-09-29 16:00:41,16,14,29,3,1,47,112.0,545.5745132216838
2026-09-29 16:00:53,11,18,18,0,5,41,120.0,568.5203541940042
2026-09-29 16:01:05,5,23,3,2,6,34,145.0,660.5254689159649
2026-09-29 16:01:18,10,21,10,3,2,36,127.0,585.5865749058164
2026-09-29 16:01:31,4,25,4,1,3,33,129.0,583.9005076754848
2026-09-29 16:01:47,7,28,2,1,6,37,157.0,728.1010270770425
2026-09-29 16:01:54,17,26,17,0,1,44,127.0,610.4461362008306
2026-09-29 16:02:09,18,22,25,1,3,51,138.0,683.271633164237
2026-09-29 16:02:19,25,24,12,0,4,40,132.0,622.1915128049686
2026-09-29 16:02:32,15,23,16,0,3,42,126.0,599.9112145773888
2026-09-29 16:02:42,8,24,8,1,5,38,141.0,657.5621921042801
2026-09-29 16:02:56,16,30,12,0,2,44,144.0,692.159398526926
2026-09-29 16:03:07,14,29,13,0,6,48,165.0,807.1503491882535
2026-09-29 16:03:19,11,28,9,0,6,43,157.0,751.1177725251671
2026-09-29 16:03:33,19,25,12,0,2,39,124.0,581.4210523101281
2026-09-29 16:03:45,16,27,9,0,2,38,129.0,601.5994523507244
2026-09-29 16:04:00,22,22,14,0,4,40,126.0,593.9100804047428
2026-09-29 16:04:09,16,21,16,0,2,39,112.0,525.1544988607608
2026-09-29 16:06:35,11,24,5,1,3,33,126.0,570.3214261016363
2026-09-29 16:06:47,19,22,14,2,1,39,122.0,572.0432934019002
2026-09-29 16:07:00,11,27,8,0,3,38,134.0,624.9172605813726
2026-09-29 16:07:14,10,28,10,0,1,39,128.0,600.1765701265838
2026-09-29 16:07:23,13,29,9,0,3,41,143.0,677.4867554145217
2026-09-29 16:07:35,17,23,13,1,7,44,154.0,740.2260234246293
2026-09-29 16:07:47,16,24,14,0,2,40,122.0,575.0557921379256
2026-09-29 16:07:59,16,22,20,2,5,49,152.0,746.6274968250782
2026-09-29 16:08:14,21,14,21,0,1,36,83.0,382.7061867494706
2026-09-29 16:08:24,9,24,16,2,2,44,138.0,663.3194235883041
2026-09-29 16:08:36,11,19,12,0,2,33,100.0,452.63605246161615
2026-09-29 16:08:48,1,21,1,1,2,25,104.0,442.8420399542341
2026-09-29 16:09:01,3,11,5,0,1,17,55.0,213.97044668428904
2026-09-29 16:09:12,22,9,31,3,0,43,88.0,421.008687784807
2026-09-29 16:09:24,17,14,19,2,0,35,89.0,407.93318552259376
2026-09-29 16:09:36,5,23,3,2,1,29,115.0,506.1376988911479
2026-09-29 16:09:48,13,15,23,7,4,49,156.0,766.2755888467908
2026-09-29 16:10:01,3,14,11,1,0,26,74.0,317.89192808432034
2026-09-29 16:10:16,11,16,12,0,1,29,82.0,360.8981852962968
2026-09-29 16:10:25,11,23,12,0,0,35,104.0,476.68596959943545
2026-09-29 16:10:37,23,26,22,0,2,50,138.0,680.591937315957
2026-09-29 16:10:49,14,26,14,0,3,43,136.0,650.6497902128835
2026-09-29 16:11:01,19,23,15,0,1,39,113.0,529.8433783148747
2026-09-29 16:11:15,13,23,22,1,2,48,133.0,650.6120996487134
2026-09-29 16:11:25,10,23,10,1,5,39,139.0,651.7542441218371
2026-09-29 16:11:38,4,35,5,0,5,45,175.0,845.0122443855917
2026-09-29 16:11:50,10,24,10,1,5,40,143.0,674.0408055387161
2026-09-29 16:12:03,7,22,7,2,5,36,139.0,640.9175898575471
2026-09-29 16:12:14,18,10,24,0,0,34,64.0,291.54227593532244
2026-09-29 16:12:29,8,14,9,1,1,25,78.0,332.13152996567555
2026-09-29 16:12:43,13,11,14,1,0,26,65.0,279.2293962902814
2026-09-29 16:12:51,11,19,14,0,1,34,96.0,437.31341390298365
2026-09-29 16:13:03,3,11,1,0,0,12,45.0,160.42272108576915
2026-09-29 16:13:16,5,8,1,1,0,10,40.0,135.91581091193484
2026-09-29 16:13:30,15,8,31,2,1,42,83.0,395.1796096025656
2026-09-29 16:13:39,21,14,31,1,2,48,106.0,518.5329515997264
2026-09-29 16:13:51,3,20,8,2,2,32,114.0,512.6018620071787
2026-09-29 16:14:03,10,17,14,4,1,36,116.0,534.86647786673
2026-09-29 16:14:16,2,22,2,1,0,25,97.0,413.03536418808375
2026-09-29 16:14:28,6,16,14,0,2,32,90.0,404.68568053198317
2026-09-29 16:14:40,12,18,16,3,1,38,115.0,536.3095893049093
2026-09-29 16:14:54,20,22,27,2,1,52,135.0,670.9894083295366
2026-09-29 16:15:05,15,23,17,1,2,43,128.0,612.3762731415375
2026-09-29 16:15:16,14,20,19,2,5,46,143.0,693.5711070445384
2026-09-29 16:15:28,23,18,24,1,2,45,115.0,555.293760596246
2026-09-29 16:15:40,17,21,20,1,3,45,129.0,622.8947401470932
2026-09-29 16:15:53,12,22,18,0,2,42,118.0,561.8216136518403
2026-09-29 16:16:04,22,19,26,3,2,50,135.0,665.796460417784
2026-09-29 16:16:17,13,23,26,1,1,51,131.0,648.612927134167
2026-09-29 16:16:29,11,25,14,1,5,45,151.0,729.1248508698534
2026-09-29 16:16:42,12,26,9,0,2,37,125.0,579.6982699657982
2026-09-29 16:16:53,12,24,14,0,3,41,128.0,606.4217111402711
2026-09-29 16:17:05,26,18,21,0,4,43,117.0,559.7501871684366
2026-09-29 16:17:18,13,17,16,1,0,34,91.0,414.53667359553657
2026-09-29 16:17:53,15,8,16,7,2,33,109.0,493.3732971831616
2026-09-29 16:18:12,12,15,11,6,2,34,125.0,569.4185076861767
2026-09-29 16:18:18,9,13,14,6,3,36,126.0,580.9756569931723
2026-09-29 16:18:34,5,17,9,11,3,40,172.0,810.7343954731409
2026-09-29 16:18:42,11,11,20,8,3,42,138.0,657.0456159657116
2026-09-29 16:18:54,12,18,11,3,6,38,140.0,652.8986304581505
2026-09-29 16:19:06,14,18,24,2,2,46,122.0,591.7180074086272
2026-09-29 16:19:18,7,24,13,1,2,40,128.0,603.3372245381514
2026-09-29 16:19:31,17,31,16,1,1,49,153.0,751.5395198305064
2026-09-29 16:19:43,13,19,13,1,5,38,126.0,587.6087674123354
2026-09-29 16:19:55,10,22,14,0,1,37,108.0,500.85930525044967
2026-09-29 16:20:07,13,26,8,0,2,36,124.0,571.7538211678838
2026-09-29 16:20:19,11,26,15,0,3,44,137.0,658.5127610985338
2026-09-29 16:20:33,18,20,19,0,5,44,129.0,620.0594611803713
2026-09-29 16:20:46,16,23,14,0,2,39,118.0,553.2877755854445
2026-09-29 16:20:59,1,20,1,0,5,26,111.0,476.83789212648054
2026-09-29 16:21:09,6,18,4,0,1,23,82.0,342.6004140885315
2026-09-29 16:21:21,7,15,13,0,2,30,85.0,376.88891238123745
2026-09-29 16:21:33,17,11,16,1,2,30,79.0,350.2849891543266
2026-09-29 16:21:46,6,14,9,0,2,25,77.0,327.8734334276541
2026-09-29 16:21:58,17,14,18,0,3,35,92.0,421.6837423379621
2026-09-29 16:22:10,6,12,10,5,3,30,111.0,492.17257969785123
2026-09-29 16:22:22,13,16,11,2,2,31,101.0,451.0393261827724
2026-09-29 16:22:34,16,17,22,1,2,42,109.0,518.9708126105983
2026-09-29 16:22:46,15,18,19,0,2,39,103.0,482.9545837737354
2026-09-29 16:22:58,4,23,6,1,0,30,105.0,465.56865647094037
2026-09-29 16:23:11,10,15,11,2,3,31,103.0,459.9707979883719
2026-09-29 16:23:22,17,16,30,1,4,51,125.0,618.9054648226784
2026-09-29 16:23:35,11,20,22,3,10,55,183.0,919.6393594045323
2026-09-29 16:23:47,9,24,11,3,9,47,182.0,886.558583985236
2026-09-29 16:23:59,8,19,8,2,6,35,134.0,614.1915377531187
2026-09-29 16:24:14,20,22,22,0,0,44,110.0,528.7328738747351
2026-09-29 16:24:26,13,28,11,0,2,41,135.0,639.5853984682547
2026-09-29 16:24:35,21,23,23,2,2,50,141.0,695.38741421413
2026-09-29 16:24:47,10,32,7,0,2,41,147.0,696.4374338876551
2026-09-29 16:24:59,15,22,21,0,3,46,127.0,615.9687454171774
2026-09-29 16:25:15,16,23,17,0,2,42,121.0,576.105213998921
2026-09-29 16:25:24,16,19,19,1,3,42,120.0,571.3440138832275
2026-09-29 16:25:36,16,21,18,0,3,42,120.0,571.3440138832275
2026-09-29 16:25:48,10,22,11,0,3,36,117.0,539.4773957793742
2026-09-29 16:26:01,7,13,9,1,4,27,92.0,398.5628149361188
2026-09-29 16:26:12,1,21,8,1,1,31,105.0,468.90226979397136
2026-09-29 16:26:24,21,9,31,4,4,48,119.0,582.1266154751646
2026-09-29 16:26:43,14,14,14,5,2,35,117.0,536.2717157993649
2026-09-29 16:26:49,11,18,15,4,2,39,127.0,595.4876906724699
2026-09-29 16:27:01,14,18,23,4,0,45,123.0,593.9228917681587
2026-09-29 16:27:13,8,18,12,3,2,35,117.0,536.2717157993649
2026-09-29 16:27:28,10,16,12,3,4,35,121.0,554.6057915531893
2026-09-29 16:27:37,20,21,24,2,1,48,128.0,626.1529981581602
2026-09-29 16:27:49,8,30,11,0,1,42,137.0,652.284415850018
2026-09-29 16:28:01,16,22,12,1,3,38,125.0,582.9452057662057
2026-09-29 16:28:14,8,25,8,0,6,39,144.0,675.1986413924068
2026-09-29 16:28:27,10,23,14,1,4,42,137.0,652.284415850018
2026-09-29 16:28:38,13,24,11,1,2,38,126.0,587.6087674123354
2026-09-29 16:28:50,12,28,8,1,5,42,157.0,747.5084181638892
2026-09-29 16:29:02,11,23,11,0,2,36,115.0,530.2555599540857
2026-09-29 16:29:14,9,27,10,2,5,44,162.0,778.6793233427918
2026-09-29 16:29:26,13,27,12,2,1,42,140.0,666.5680161970987
2026-09-29 16:29:44,17,16,19,1,0,36,90.0,414.98261213798014
2026-09-29 16:29:50,9,20,7,0,1,28,93.0,406.1585121887421
2026-09-29 16:30:04,19,25,23,1,1,50,136.0,670.7282860505084
2026-09-29 16:30:15,5,18,4,1,1,24,89.0,375.4799484132699
2026-09-29 16:30:32,4,20,10,0,1,31,96.0,428.7106466687738
2026-09-29 16:30:39,20,10,30,1,0,41,77.0,364.8005606078193
2026-09-29 16:30:51,17,11,27,4,3,45,117.0,564.9510433892241
2026-09-29 16:31:03,9,22,13,3,0,38,122.0,568.9545208278169
2026-09-29 16:31:16,11,14,20,1,2,37,95.0,440.57068517400666
2026-09-29 16:31:32,6,15,8,3,0,26,89.0,382.3294810743853
2026-09-29 16:31:39,7,18,7,2,1,28,99.0,432.362287168661
2026-09-29 16:31:52,15,8,33,0,0,41,65.0,307.9485251884189
2026-09-29 16:32:04,21,17,24,1,3,45,117.0,564.9510433892241
2026-09-29 16:32:16,18,22,12,0,2,36,112.0,516.422806216153
2026-09-29 16:32:32,24,21,15,0,0,36,99.0,456.48087335177814
2026-09-29 16:32:40,11,25,14,1,0,40,121.0,570.3422200712213
2026-09-29 16:32:52,15,23,14,0,1,38,112.0,522.3189043665204
2026-09-29 16:33:04,14,26,14,1,2,43,137.0,655.4339798468018
2026-09-29 16:33:17,8,29,8,2,6,45,174.0,840.1836029891025
2026-09-29 16:33:30,11,28,12,0,5,45,154.0,743.6107750593206
2026-09-29 16:33:41,16,19,15,1,6,41,134.0,634.8477288499713
2026-09-29 16:33:53,18,15,27,1,3,46,112.0,543.2165313915266
2026-09-29 16:34:05,13,20,12,0,1,33,98.0,443.5833314123838
2026-09-29 16:34:17,8,15,14,0,2,31,86.0,384.05328764077655
2026-09-29 16:34:29,8,16,10,1,2,29,93.0,409.3113564945805
2026-09-29 16:34:44,8,9,5,1,0,15,48.0,181.0842586675095
2026-09-29 16:34:53,23,10,30,0,0,40,70.0,329.9500446693016
2026-09-29 16:35:06,13,14,21,6,2,43,131.0,626.7288420432923
2026-09-29 16:35:18,4,17,7,4,0,28,103.0,449.8314704886069
2026-09-29 16:35:32,13,19,20,3,0,42,117.0,557.0604135361467
2026-09-29 16:35:42,8,24,8,0,0,32,104.0,467.6367863925139
2026-09-29 16:35:54,16,18,28,3,1,50,127.0,626.3418553559894
2026-09-29 16:36:06,8,24,5,1,1,31,114.0,509.09389291916887
2026-09-29 16:36:18,18,24,23,1,1,49,132.0,648.3870367165154
2026-09-29 16:36:33,12,19,19,5,6,49,166.0,815.3958189010723
2026-09-29 16:36:43,14,25,11,1,2,39,130.0,609.5543290348116
2026-09-29 16:36:55,12,23,9,0,1,33,107.0,484.3205761339293
2026-09-29 16:37:07,18,24,19,1,2,46,134.0,649.9197786291478
2026-09-29 16:37:19,14,24,11,1,1,37,120.0,556.5103391671663
2026-09-29 16:37:32,17,28,14,0,1,43,132.0,631.5130316772105
2026-09-29 16:37:46,15,25,9,3,3,40,148.0,697.6086658722376
2026-09-29 16:37:57,11,28,13,0,3,44,143.0,687.3527360371558
2026-09-29 16:38:08,19,28,15,0,5,48,157.0,768.0157868033684
2026-09-29 16:38:20,4,31,0,1,6,38,167.0,778.814794903651
2026-09-29 16:38:32,14,25,10,0,6,41,146.0,691.6997642693717
2026-09-29 16:38:46,18,23,12,0,5,40,134.0,631.6186569383773
2026-09-29 16:38:57,10,18,11,1,4,34,114.0,519.3096790097931
2026-09-29 16:39:09,9,20,9,0,4,33,113.0,511.47873928162625
2026-09-29 16:39:21,16,15,19,3,4,41,124.0,587.4710326671376
2026-09-29 16:39:33,14,17,23,4,4,48,143.0,699.5303026298196
2026-09-29 16:39:46,13,20,13,3,4,40,138.0,650.4729452051945
2026-09-29 16:39:57,17,17,23,1,3,44,116.0,557.572848813357
2026-09-29 16:40:09,10,24,12,1,0,37,115.0,533.3224083685343
2026-09-29 16:40:22,11,19,11,0,1,31,93.0,415.3134389603746
2026-09-29 16:40:34,13,21,10,0,3,34,112.0,510.1989828868143
2026-09-29 16:40:46,8,20,16,0,2,38,108.0,503.6646577820018
2026-09-29 16:40:58,23,20,17,0,4,41,121.0,573.2580238122875
2026-09-29 16:41:10,14,20,17,0,6,43,133.0,636.2972213111287
2026-09-29 16:41:22,17,25,9,2,4,40,147.0,692.8950938055333
2026-09-29 16:41:34,11,29,9,1,2,41,144.0,682.224425032805
2026-09-29 16:41:46,11,31,4,2,0,37,142.0,658.5372346811467
2026-09-29 16:42:00,11,32,9,0,1,42,143.0,680.8516165441794
2026-09-29 16:42:11,14,34,4,3,4,45,185.0,893.2986583504826
2026-09-29 16:42:23,9,36,3,1,4,44,178.0,855.5859231791169
2026-09-29 16:42:35,9,31,3,0,2,36,139.0,640.9175898575471
2026-09-29 16:42:47,10,29,7,1,1,38,136.0,634.2443838736319
2026-09-29 16:43:00,17,23,12,0,1,36,110.0,507.20097039086465
2026-09-29 16:43:12,9,21,12,1,3,37,121.0,561.1479253268926
2026-09-29 16:43:24,11,27,4,1,0,32,119.0,535.0843998145111
2026-09-29 16:43:36,6,24,9,0,0,33,105.0,475.267855084697
2026-09-29 16:43:48,21,19,23,2,0,44,113.0,543.1528613440461
2026-09-29 16:44:00,18,12,28,1,0,41,83.0,393.22657831751957
2026-09-29 16:44:12,14,11,14,6,2,33,112.0,506.9523787570101
2026-09-29 16:44:24,14,11,20,6,4,41,130.0,615.8970503768378
2026-09-29 16:44:37,8,20,12,4,3,39,138.0,647.0653646677231
2026-09-29 16:44:49,10,16,13,3,1,33,104.0,470.7414945600808
2026-09-29 16:45:01,14,16,25,6,1,48,137.0,670.1793808411559
2026-09-29 16:45:13,7,18,11,4,5,38,141.0,657.5621921042801
2026-09-29 16:45:25,12,19,22,3,3,47,137.0,667.354538494381
2026-09-29 16:45:37,19,26,17,0,2,45,133.0,642.2093057330496
2026-09-29 16:45:49,11,26,10,1,4,41,145.0,686.9620946510884
2026-09-29 16:46:02,4,31,3,3,5,42,178.0,847.493620593454
2026-09-29 16:46:15,17,33,8,2,1,44,160.0,769.0659983632511
2026-09-29 16:46:26,21,18,21,2,3,44,125.0,600.83281122129
2026-09-29 16:46:38,20,20,21,2,0,43,115.0,550.1818079006001
2026-09-29 16:46:50,9,21,12,1,0,34,103.0,469.20085033340956
2026-09-29 16:47:02,11,29,8,0,3,40,142.0,669.3272334720117
2026-09-29 16:47:15,5,27,6,1,2,36,133.0,613.2520823816818
2026-09-29 16:47:26,7,24,11,2,2,39,133.0,623.6209673971534
2026-09-29 16:47:38,8,23,9,1,2,35,120.0,550.0222726147332
2026-09-29 16:47:51,14,14,12,0,0,26,68.0,292.11690688829435
2026-09-29 16:48:03,1,9,2,0,2,13,50.0,181.9528664807629
2026-09-29 16:48:15,5,12,9,3,0,24,78.0,329.0723143397197
2026-09-29 16:48:27,11,9,19,2,0,30,69.0,305.9451171094751
2026-09-29 16:48:39,18,7,26,7,2,42,115.0,547.5380133047596
2026-09-29 16:48:51,12,7,23,5,3,38,104.0,485.0104111974832
2026-09-29 16:49:03,8,17,8,5,1,31,117.0,522.491100627568
2026-09-29 16:49:16,9,14,16,4,2,36,112.0,516.422806216153
2026-09-29 16:49:27,9,20,10,4,4,38,142.0,662.2257537504098
2026-09-29 16:49:40,7,22,8,1,1,32,109.0,490.1193241998463
2026-09-29 16:49:52,14,13,32,1,3,49,109.0,535.410507591668
2026-09-29 16:50:04,8,25,15,2,3,45,147.0,709.810285283897
2026-09-29 16:50:16,15,28,10,1,4,43,153.0,731.981013989494
2026-09-29 16:50:28,10,30,9,0,5,44,159.0,764.2593358734808
2026-09-29 16:50:42,12,35,7,1,4,47,178.0,867.0737799416046
2026-09-29 16:50:52,13,31,11,1,0,43,142.0,679.3549280163932
2026-09-29 16:51:05,16,28,16,0,1,45,134.0,647.0379471295388
2026-09-29 16:51:17,12,20,8,0,1,29,94.0,413.7125538762427
2026-09-29 16:51:29,12,12,14,2,2,30,88.0,390.1908739946929
2026-09-29 16:51:41,17,14,24,3,6,47,137.0,667.354538494381
2026-09-29 16:51:53,14,18,12,5,3,38,137.0,638.9079455197616
2026-09-29 16:52:05,15,16,16,1,0,33,87.0,393.79336564160604
2026-09-29 16:52:17,7,12,7,1,0,20,62.0,250.76039113885219
2026-09-29 16:52:30,15,15,10,6,1,32,118.0,530.5878922530446
2026-09-29 16:52:42,12,16,11,5,0,32,110.0,494.6158317613128
2026-09-29 16:52:54,21,9,36,0,0,45,72.0,347.66218054721486
2026-09-29 16:53:06,20,17,21,2,1,41,109.0,516.4059883928871
2026-09-29 16:53:18,15,17,17,2,1,37,105.0,486.9465467712705
2026-09-29 16:53:30,10,18,10,0,5,33,112.0,506.9523787570101
2026-09-29 16:53:43,3,23,11,1,3,38,128.0,596.9358907045947
2026-09-29 16:53:54,5,22,6,4,3,35,140.0,641.6926513838554
2026-09-29 16:54:06,18,16,30,1,2,49,113.0,555.0585996133806
2026-09-29 16:54:19,15,20,25,1,2,48,124.0,606.5857169657178
2026-09-29 16:54:31,6,21,21,0,1,43,111.0,531.045049364927
2026-09-29 16:54:43,8,21,10,0,3,34,112.0,510.1989828868143
2026-09-29 16:54:55,16,31,10,0,3,44,152.0,730.6126984450885
2026-09-29 16:55:07,11,26,8,0,4,38,136.0,634.2443838736319
2026-09-29 16:55:19,8,27,3,2,4,36,149.0,687.0267689839893
2026-09-29 16:55:31,9,25,3,2,4,34,141.0,642.3040766700072
2026-09-29 16:55:43,10,26,8,0,2,36,124.0,571.7538211678838
2026-09-29 16:55:56,9,28,12,0,4,44,148.0,711.3860484860073
2026-09-29 16:56:08,10,38,3,2,6,49,205.0,1006.96471611277
2026-09-29 16:56:20,10,28,14,1,3,46,151.0,732.3722878582188
2026-09-29 16:56:32,18,19,16,0,3,38,110.0,512.9917810742611
2026-09-29 16:56:44,4,32,0,0,1,33,134.0,606.5323102985657
2026-09-29 16:56:57,15,16,19,3,2,40,116.0,546.7743597376997
2026-09-29 16:57:08,14,11,15,5,2,33,106.0,479.79421560931314
2026-09-29 16:57:20,16,10,15,4,3,32,101.0,454.14726370811445
2026-09-29 16:57:33,20,10,30,3,2,45,103.0,497.3500638383768
2026-09-29 16:57:45,15,11,14,3,4,32,103.0,463.1402788310474
2026-09-29 16:57:57,8,14,12,5,0,31,103.0,459.9707979883719
2026-09-29 16:58:09,5,11,8,5,1,25,93.0,396.0029780359978
2026-09-29 16:58:21,19,15,28,2,2,47,114.0,555.3169152434996
2026-09-29 16:58:33,20,23,22,2,6,53,164.0,818.1933836365411
2026-09-29 16:58:46,17,23,13,2,7,45,161.0,777.4112648347443
2026-09-29 16:58:58,10,32,11,2,6,51,189.0,935.7850628118897
2026-09-29 16:59:10,17,32,9,1,4,46,168.0,814.8247970872898
2026-09-29 16:59:22,15,23,12,1,7,43,153.0,731.981013989494
2026-09-29 16:59:34,5,26,4,1,6,37,151.0,700.2755101186842
2026-09-29 16:59:46,21,13,18,0,2,33,82.0,371.16156301852527
2026-09-29 17:00:00,14,16,10,1,2,29,93.0,409.3113564945805
2026-09-29 17:00:10,14,12,23,0,1,36,77.0,355.04067927360524
2026-09-29 17:00:22,10,18,12,1,4,35,115.0,527.1046779224527
2026-09-29 17:00:34,9,23,11,0,2,36,115.0,530.2555599540857
2026-09-29 17:00:47,17,14,21,0,1,36,83.0,382.7061867494706
2026-09-29 17:00:59,12,13,14,1,0,28,73.0,318.81259558901263
2026-09-29 17:01:11,19,7,19,3,0,29,68.0,299.2814219530266
2026-09-29 17:01:23,12,7,19,3,4,33,92.0,416.4251682646869
2026-09-29 17:01:35,12,14,24,0,2,40,92.0,433.6486301367963
2026-09-29 17:01:48,7,13,12,0,1,26,70.0,300.70858062030305
2026-09-29 17:01:59,9,13,15,2,3,33,99.0,448.109691937
2026-09-29 17:02:12,7,26,7,3,1,37,138.0,639.9868900422413
2026-09-29 17:02:24,2,17,4,3,0,24,93.0,392.3554517127427
2026-09-29 17:02:36,5,19,8,1,1,29,97.0,426.9161460212291
2026-09-29 17:02:48,10,16,35,1,2,54,118.0,590.8653158574316
2026-09-29 17:03:00,21,19,27,1,1,48,116.0,567.4511545808327
2026-09-29 17:03:12,21,23,26,0,4,53,142.0,708.435734612127
2026-09-29 17:03:24,28,17,29,0,1,47,103.0,501.7337041235127
2026-09-29 17:03:36,8,20,7,0,2,29,99.0,435.71854078455345
2026-09-29 17:03:49,12,18,10,3,0,31,103.0,459.9707979883719
2026-09-29 17:04:01,16,16,22,0,0,38,86.0,401.0663015671496
2026-09-29 17:04:13,19,13,19,0,1,33,77.0,348.52976039544444
2026-09-29 17:04:25,13,15,22,1,0,38,89.0,415.05698650553853
2026-09-29 17:04:42,9,17,9,0,1,27,83.0,359.57297434454193
2026-09-29 17:04:49,15,19,19,0,1,39,101.0,473.5768248655075
2026-09-29 17:05:02,10,18,17,0,0,35,89.0,407.93318552259376
2026-09-29 17:05:15,14,13,14,1,1,29,79.0,347.6945931513103
2026-09-29 17:05:27,8,14,24,1,2,41,99.0,469.0292922100534
2026-09-29 17:05:37,15,12,26,0,2,40,86.0,405.36719773657046
2026-09-29 17:05:50,13,13,17,2,4,36,107.0,493.36821665293195
2026-09-29 17:06:02,19,18,18,0,4,40,114.0,537.3472156042911
2026-09-29 17:06:15,10,14,20,3,4,41,121.0,573.2580238122875
2026-09-29 17:06:26,7,12,11,2,3,28,91.0,397.4239205287692
2026-09-29 17:06:38,8,13,11,0,2,26,75.0,322.18776495032466
2026-09-29 17:06:50,7,21,6,0,3,30,108.0,478.8706180843958
2026-09-29 17:07:03,3,15,7,2,1,25,87.0,370.4543988078689
2026-09-29 17:07:15,15,13,15,3,3,34,106.0,482.86689451787777
2026-09-29 17:07:27,17,19,25,1,3,48,126.0,616.369357561939
2026-09-29 17:07:39,13,19,19,2,5,45,139.0,671.1811541119843
2026-09-29 17:07:51,17,24,16,0,3,43,130.0,621.944652409374
2026-09-29 17:08:03,14,24,14,3,2,43,143.0,684.1391176503114
2026-09-29 17:08:15,19,15,22,1,1,39,95.0,445.4435481408239
2026-09-29 17:08:27,16,17,18,1,2,38,105.0,489.6739728436129
2026-09-29 17:08:39,15,17,19,1,0,37,94.0,435.93309901428023
2026-09-29 17:08:52,5,31,6,0,2,39,142.0,665.8208824841789
2026-09-29 17:09:04,13,24,12,0,3,39,126.0,590.7988112183559
2026-09-29 17:09:16,16,12,21,0,0,33,69.0,312.31887619851517
2026-09-29 17:09:28,14,11,21,0,1,33,71.0,321.37159724774745
2026-09-29 17:09:40,15,10,23,1,0,34,70.0,318.8743643042589
2026-09-29 17:09:52,9,12,9,1,2,24,76.0,320.6345626899833
2026-09-29 17:10:05,19,7,36,0,2,45,76.0,366.9767461331712
2026-09-29 17:10:17,17,5,25,4,1,35,79.0,362.09799613803267
2026-09-29 17:10:30,14,7,13,2,1,23,61.0,254.86128365122465
2026-09-29 17:10:41,12,15,20,5,2,42,127.0,604.6724146930824
2026-09-29 17:10:54,13,17,11,3,2,33,112.0,506.9523787570101
2026-09-29 17:11:05,14,16,17,0,0,33,81.0,366.6352024939091
2026-09-29 17:11:18,4,21,8,1,1,31,105.0,468.90226979397136
2026-09-29 17:11:30,4,17,8,0,1,26,82.0,352.258623012355
2026-09-29 17:11:42,2,16,10,0,1,27,80.0,346.5763608140163
2026-09-29 17:11:54,4,23,7,0,1,31,105.0,468.90226979397136
2026-09-29 17:12:06,13,14,21,2,0,37,91.0,422.02034053510107
2026-09-29 17:12:18,16,25,26,1,3,55,151.0,758.8281053010076
2026-09-29 17:12:30,13,31,16,2,1,50,160.0,789.0921012358922
2026-09-29 17:12:43,13,29,15,2,2,48,157.0,768.0157868033684
2026-09-29 17:12:55,17,19,25,2,1,47,121.0,589.4153223198548
2026-09-29 17:13:07,15,23,13,1,0,37,112.0,519.4096498893553
2026-09-29 17:13:19,16,18,22,0,1,41,100.0,473.7669618283368
2026-09-29 17:13:31,18,19,17,0,1,37,99.0,459.1210298129122
2026-09-29 17:13:44,12,16,13,0,1,30,83.0,368.0209379722671
2026-09-29 17:13:56,15,13,15,0,3,31,85.0,379.5875517379768
2026-09-29 17:14:07,12,13,15,0,1,29,73.0,321.2874088613374
2026-09-29 17:14:20,11,17,19,0,2,38,99.0,461.692602966835
2026-09-29 17:14:32,14,18,20,1,0,39,99.0,464.19906595727963
2026-09-29 17:14:44,17,13,23,1,0,37,82.0,380.28206509756365
2026-09-29 17:14:56,11,7,25,2,1,35,73.0,334.596882507296
2026-09-29 17:15:08,12,10,21,1,1,33,74.0,334.95067882159594
2026-09-29 17:15:20,15,10,17,6,0,33,99.0,448.109691937
2026-09-29 17:15:33,15,12,20,4,2,38,108.0,503.6646577820018
2026-09-29 17:15:45,9,14,10,1,4,29,97.0,426.9161460212291
2026-09-29 17:15:57,10,14,11,0,1,26,73.0,313.596091218316
2026-09-29 17:16:09,0,13,7,1,0,21,66.0,270.00880192164885
2026-09-29 17:16:22,7,15,13,1,1,30,86.0,381.32289958572255
2026-09-29 17:16:33,6,21,4,1,1,27,101.0,437.5526555276956
2026-09-29 17:16:45,5,21,12,1,1,35,109.0,499.603564291716
2026-09-29 17:16:57,8,15,30,3,3,51,129.0,638.7104396970041
2026-09-29 17:17:10,14,21,22,1,1,45,119.0,574.6083261822023
2026-09-29 17:17:21,17,21,29,2,2,54,139.0,696.0193127473135
2026-09-29 17:17:34,22,23,24,4,2,53,156.0,778.2815112640268
2026-09-29 17:17:46,14,16,34,2,3,55,130.0,653.2957197955694
2026-09-29 17:17:58,13,19,25,2,0,46,115.0,557.7669741966567
2026-09-29 17:18:10,21,15,30,0,1,46,96.0,465.6141697641656
2026-09-29 17:18:22,18,19,21,1,2,43,116.0,554.9659975345184
2026-09-29 17:18:34,17,23,18,1,1,43,123.0,588.4553249719462
2026-09-29 17:18:46,23,21,22,0,1,44,112.0,538.3461988542758
2026-09-29 17:18:59,12,24,10,0,2,36,118.0,544.0883136920185
2026-09-29 17:19:12,16,18,19,1,0,38,98.0,457.02904132070535
2026-09-29 17:19:23,10,11,13,1,0,25,64.0,272.5181784333748
2026-09-29 17:19:35,14,13,19,1,2,35,90.0,412.51670446104987
2026-09-29 17:19:47,15,6,26,4,1,37,84.0,389.5572374170164
2026-09-29 17:20:02,19,9,27,6,2,44,117.0,562.3795113031274
2026-09-29 17:20:11,12,19,20,1,1,41,109.0,516.4059883928871
2026-09-29 17:20:23,11,16,17,1,0,34,88.0,400.87062941106836
2026-09-29 17:20:35,9,14,10,2,1,27,86.0,372.56958787506755
2026-09-29 17:20:47,7,15,11,1,1,28,84.0,366.85284971886387
2026-09-29 17:21:02,6,13,9,1,3,26,86.0,369.4419704763723
2026-09-29 17:21:12,6,8,12,1,2,23,63.0,263.21739131192055
2026-09-29 17:21:25,7,13,8,2,2,25,86.0,366.1963022698474
2026-09-29 17:21:37,18,10,37,3,2,52,110.0,546.7321104907335
2026-09-29 17:21:49,8,14,34,0,3,51,108.0,534.7343216067941
2026-09-29 17:22:01,20,19,33,4,3,59,155.0,789.6234071444255
2026-09-29 17:22:13,20,24,27,2,2,55,149.0,748.7774019195373
2026-09-29 17:22:25,18,22,15,0,2,39,115.0,539.2211372231026
2026-09-29 17:22:37,11,19,15,0,0,34,91.0,414.53667359553657
2026-09-29 17:22:50,21,10,32,1,0,43,79.0,377.95098107954266
2026-09-29 17:23:02,16,14,15,0,0,29,71.0,312.4850140980131
2026-09-29 17:23:14,16,16,27,0,1,44,97.0,466.246261507721
2026-09-29 17:23:26,4,22,2,0,2,26,102.0,438.1753603324416
2026-09-29 17:23:38,9,22,7,0,0,29,95.0,418.1137512579048
2026-09-29 17:23:50,5,14,9,1,0,24,72.0,303.75905939051046
2026-09-29 17:24:02,6,17,8,2,1,28,96.0,419.26039967870156
2026-09-29 17:24:14,9,14,13,1,1,29,82.0,360.8981852962968
2026-09-29 17:24:26,18,16,20,4,1,41,118.0,559.0450149574374
2026-09-29 17:24:39,17,8,26,2,3,39,90.0,421.9991508702542
2026-09-29 17:24:51,13,13,15,2,3,33,99.0,448.109691937
2026-09-29 17:25:03,15,7,23,5,1,36,92.0,424.2044479632686
2026-09-29 17:25:15,17,8,13,3,0,24,66.0,278.4458044413013
2026-09-29 17:25:27,8,10,11,0,2,23,63.0,263.21739131192055
2026-09-29 17:25:39,2,5,5,4,1,15,59.0,222.58273461214708
2026-09-29 17:25:52,0,13,8,3,0,24,81.0,341.7289418143243
2026-09-29 17:26:03,7,11,10,4,2,27,94.0,407.2272239564692
2026-09-29 17:26:16,2,10,6,2,5,23,90.0,376.02484473131506
2026-09-29 17:26:28,22,11,29,1,1,42,86.0,409.46320994964634
2026-09-29 17:26:41,14,18,26,4,3,51,144.0,712.9790954757254
2026-09-29 17:26:52,19,24,12,6,4,46,174.0,843.9256826975502
2026-09-29 17:27:04,12,26,9,3,2,40,146.0,688.1815217388289
2026-09-29 17:27:17,19,26,19,3,5,53,174.0,868.0832241021837
2026-09-29 17:27:33,11,21,13,2,4,40,135.0,636.3322290050816
2026-09-29 17:27:41,10,22,13,1,2,38,120.0,559.6273975355575
2026-09-29 17:27:53,18,22,29,0,1,52,123.0,611.3459053669111
2026-09-29 17:28:05,20,11,19,2,2,34,89.0,405.42597747255775
2026-09-29 17:28:17,17,13,26,2,3,44,110.0,528.7328738747351
2026-09-29 17:28:32,16,16,15,1,1,33,92.0,416.4251682646869
2026-09-29 17:28:42,14,18,18,2,1,39,110.0,515.7767399525329
2026-09-29 17:28:53,13,17,17,1,0,35,92.0,421.6837423379621
2026-09-29 17:29:05,11,16,9,2,4,31,111.0,495.6966852107697
2026-09-29 17:29:18,3,14,3,1,1,19,72.0,287.69272369588737
2026-09-29 17:29:30,9,7,10,3,1,21,65.0,265.91775946829057
2026-09-29 17:29:42,19,4,27,3,0,34,64.0,291.54227593532244
2026-09-29 17:29:54,16,8,22,2,0,32,68.0,305.7625141797206
2026-09-29 17:30:06,18,12,25,2,0,39,87.0,407.9325125079124
2026-09-29 17:30:18,13,15,23,2,3,43,115.0,550.1818079006001
2026-09-29 17:30:32,11,16,16,2,3,37,112.0,519.4096498893553
2026-09-29 17:30:42,10,14,13,0,2,29,81.0,356.49698791463464
2026-09-29 17:30:55,7,19,13,2,2,36,115.0,530.2555599540857
2026-09-29 17:31:06,5,18,5,1,3,27,102.0,441.88486003787085
2026-09-29 17:31:19,18,10,33,1,4,48,104.0,508.7493110035052
2026-09-29 17:31:32,9,27,14,2,2,45,148.0,714.638926680386
2026-09-29 17:31:44,16,24,15,0,1,40,117.0,551.4879318044041
2026-09-29 17:31:56,15,27,10,2,1,40,138.0,650.4729452051945
2026-09-29 17:32:07,14,24,18,1,2,45,133.0,642.2093057330496
2026-09-29 17:32:19,16,23,16,2,4,45,146.0,704.9816438874079
2026-09-29 17:32:31,14,14,22,0,0,36,78.0,359.6515971862495
2026-09-29 17:32:43,14,18,21,0,2,41,105.0,497.45530991975363
2026-09-29 17:32:56,21,16,20,0,0,36,84.0,387.3171046621148
2026-09-29 17:33:08,15,20,13,1,2,36,112.0,516.422806216153
2026-09-29 17:33:20,18,12,21,2,1,36,89.0,410.37169422533594
2026-09-29 17:33:33,20,12,27,0,0,39,75.0,351.6659590585452
2026-09-29 17:33:46,21,15,21,0,0,36,81.0,373.48435092418214
2026-09-29 17:33:57,8,13,7,2,1,23,79.0,330.0662525974877
2026-09-29 17:34:10,11,10,25,0,1,36,71.0,327.3751717977399
2026-09-29 17:34:22,12,12,19,1,3,35,92.0,421.6837423379621
2026-09-29 17:34:34,13,9,25,0,3,37,79.0,366.3693066183845
2026-09-29 17:34:46,11,15,13,2,0,30,87.0,385.7568867902077
2026-09-29 17:34:58,16,13,21,2,1,37,93.0,431.29551285455386
2026-09-29 17:35:11,6,11,11,3,1,26,82.0,352.258623012355
2026-09-29 17:35:22,9,9,11,4,2,26,87.0,373.73780734237664
2026-09-29 17:35:34,2,12,9,7,0,28,106.0,462.9333579785663
2026-09-29 17:35:47,6,18,10,4,1,33,116.0,525.0578208554747
2026-09-29 17:35:59,2,21,5,3,1,30,116.0,514.342515720277
2026-09-29 17:36:12,10,15,11,1,1,28,84.0,366.85284971886387
2026-09-29 17:36:23,19,20,22,1,4,47,133.0,647.8697344507494
2026-09-29 17:36:37,19,27,21,8,0,56,185.0,932.9644845493918
2026-09-29 17:36:49,16,20,20,4,2,46,140.0,679.0206642394082
2026-09-29 17:37:01,17,28,14,1,5,48,163.0,797.3667085920322
2026-09-29 17:37:13,19,17,15,0,5,37,113.0,524.0472360490816
2026-09-29 17:37:26,22,18,16,6,6,46,166.0,805.1245018838697
2026-09-29 17:37:37,18,15,25,1,3,44,110.0,528.7328738747351
2026-09-29 17:37:49,16,11,20,0,3,34,82.0,373.5385410421319
2026-09-29 17:38:01,13,15,13,2,1,31,93.0,415.3134389603746
2026-09-29 17:38:15,14,15,19,1,2,37,98.0,454.4834436531858
2026-09-29 17:38:27,20,16,21,4,2,43,125.0,598.0237042397827
2026-09-29 17:38:38,14,19,12,1,0,32,95.0,427.16821833931556
2026-09-29 17:38:50,8,21,5,1,2,29,108.0,475.32931721951286
2026-09-29 17:39:02,16,10,26,4,2,42,106.0,504.68721226351755
2026-09-29 17:39:14,18,13,23,2,1,39,95.0,445.4435481408239
2026-09-29 17:39:27,7,17,13,4,0,34,109.0,496.53293870234603
2026-09-29 17:39:38,17,13,21,6,0,40,115.0,542.0607876709954
2026-09-29 17:39:51,17,14,10,1,8,33,121.0,547.6896234785555
2026-09-29 17:40:03,12,17,7,2,1,27,95.0,411.5594284666444
2026-09-29 17:40:15,10,16,12,5,1,34,117.0,532.9757231942614
2026-09-29 17:40:28,11,20,9,2,1,32,109.0,490.1193241998463
2026-09-29 17:40:39,6,14,8,1,0,23,71.0,296.64182195470414
2026-09-29 17:40:51,5,15,8,2,1,26,88.0,378.03364420838096
2026-09-29 17:41:03,7,11,9,1,1,22,66.0,272.9426182513239
2026-09-29 17:41:15,19,15,28,2,1,46,108.0,523.8159409846863
2026-09-29 17:41:29,21,18,28,2,2,50,126.0,621.4100297232651
2026-09-29 17:41:40,14,24,16,4,2,46,152.0,737.2224354599289
2026-09-29 17:41:52,19,22,20,1,2,45,127.0,613.2374573541151
2026-09-29 17:42:04,10,21,10,3,5,39,145.0,679.8875208465207
2026-09-29 17:42:16,5,24,4,4,2,34,140.0,637.7487286085178
2026-09-29 17:42:30,8,24,4,2,1,31,120.0,535.8883083359673
2026-09-29 17:42:45,22,13,13,1,1,28,78.0,340.64907473894505
2026-09-29 17:42:52,14,13,19,0,2,34,83.0,378.0938891036213
2026-09-29 17:43:05,13,11,12,1,2,26,75.0,322.18776495032466
2026-09-29 17:43:17,15,12,17,1,0,30,72.0,319.24707872293055
2026-09-29 17:43:29,15,14,20,0,0,34,76.0,346.2064526731954
2026-09-29 17:43:44,17,14,19,2,2,37,101.0,468.396202132365
2026-09-29 17:43:53,5,11,12,2,0,25,70.0,298.06675766150374
2026-09-29 17:44:05,13,4,16,4,1,25,66.0,281.0343715094178
2026-09-29 17:44:17,10,6,21,3,1,31,72.0,321.53298500158036
2026-09-29 17:44:29,9,12,15,1,3,31,88.0,392.98475944637596
2026-09-29 17:44:44,17,7,13,5,2,27,88.0,381.233996895418
2026-09-29 17:44:55,7,9,7,1,0,17,50.0,194.51858789480823
2026-09-29 17:45:07,4,10,4,2,1,17,64.0,248.98379250535453
2026-09-29 17:45:19,8,11,9,3,1,24,80.0,337.51006598945605
2026-09-29 17:45:31,4,6,5,1,1,13,42.0,152.84040784384086
2026-09-29 17:45:44,10,15,9,0,1,25,75.0,319.35724035161115
2026-09-29 17:45:56,4,17,5,3,3,28,112.0,489.13713295848515
2026-09-29 17:46:08,18,14,14,2,2,32,96.0,431.66472590078206
2026-09-29 17:46:20,19,19,31,3,2,55,140.0,703.549236702921
2026-09-29 17:46:32,11,24,22,1,4,51,149.0,737.7353140686326
2026-09-29 17:46:44,15,28,24,0,1,53,142.0,708.435734612127
2026-09-29 17:46:56,18,21,26,1,3,51,135.0,668.4179020084927
2026-09-29 17:47:08,26,16,28,0,3,47,110.0,535.832111199868
2026-09-29 17:47:20,5,24,3,0,1,28,105.0,458.5660621485798
2026-09-29 17:47:32,10,19,11,1,1,32,100.0,449.65075614664795
2026-09-29 17:47:45,19,14,22,2,1,39,98.0,459.5101865031657
2026-09-29 17:47:58,15,11,20,0,1,32,70.0,314.7555293026536
2026-09-29 17:48:14,21,13,25,0,0,38,77.0,359.0942467519828
2026-09-29 17:48:21,20,15,19,1,2,37,98.0,454.4834436531858
2026-09-29 17:48:33,14,20,20,0,1,41,106.0,502.192979538037
2026-09-29 17:48:46,15,13,18,3,2,36,103.0,474.92454500235505
2026-09-29 17:49:02,9,8,10,4,0,22,70.0,289.48459511504046
2026-09-29 17:49:09,3,14,5,6,3,28,121.0,528.4427954283634
2026-09-29 17:49:22,15,13,11,7,2,33,124.0,561.268705052404
2026-09-29 17:49:34,10,8,6,5,1,20,79.0,319.5172725801504
2026-09-29 17:49:46,14,10,14,1,1,26,67.0,287.82107002229003
2026-09-29 17:49:58,17,8,11,2,2,23,69.0,288.28571429400824
2026-09-29 17:50:11,11,6,18,1,0,25,49.0,208.6467303630526
2026-09-29 17:50:22,7,12,6,4,0,22,82.0,339.1105257061903
2026-09-29 17:50:34,10,6,10,6,0,22,76.0,314.29756041061535
2026-09-29 17:50:46,7,12,10,3,1,26,85.0,365.146133610368
2026-09-29 17:51:00,8,14,4,2,2,22,86.0,355.65250256990686
2026-09-29 17:51:11,4,9,9,1,1,20,58.0,234.58230138795852
2026-09-29 17:51:23,15,9,26,2,3,40,94.0,443.07577427020493
2026-09-29 17:51:35,10,10,11,1,1,23,64.0,267.3954451422685
2026-09-29 17:51:47,0,11,1,1,3,16,70.0,268.32493408393515
2026-09-29 17:51:59,14,11,22,0,0,33,66.0,298.7397946246667
2026-09-29 17:52:15,11,16,31,0,1,48,101.0,494.0738501091733
2026-09-29 17:52:26,19,15,17,0,1,33,83.0,375.68792354314144
2026-09-29 17:52:36,13,13,14,2,3,32,98.0,440.657741023715
2026-09-29 17:52:48,15,17,19,0,1,37,93.0,431.29551285455386
2026-09-29 17:53:02,1,13,3,1,0,17,62.0,241.2030489895622
2026-09-29 17:53:15,8,11,8,2,2,23,78.0,325.8881987671397
2026-09-29 17:53:27,14,11,21,4,2,38,105.0,489.6739728436129
2026-09-29 17:53:36,12,16,16,1,2,35,99.0,453.7683749071549
2026-09-29 17:53:48,10,24,16,3,1,44,139.0,668.1260860780744
2026-09-29 17:54:01,12,21,9,1,4,35,124.0,568.3563483685576
2026-09-29 17:54:14,1,15,0,0,3,18,78.0,307.66624037498235
2026-09-29 17:54:24,10,6,10,1,2,19,53.0,211.7738104983615
2026-09-29 17:54:37,7,11,13,2,2,28,83.0,362.4855538888774
2026-09-29 17:54:49,5,8,6,3,2,19,71.0,283.6969914223333
2026-09-29 17:55:03,6,7,12,0,0,19,40.0,159.82929094215964
2026-09-29 17:55:14,2,6,2,0,0,8,26.0,83.12783901074171
2026-09-29 17:55:26,0,2,2,0,0,4,10.0,26.094379124341003
2026-09-29 17:55:37,4,7,3,2,0,12,45.0,160.42272108576915
2026-09-29 17:55:49,0,5,3,2,0,10,37.0,125.72212509353972
2026-09-29 17:56:02,2,4,6,3,0,13,43.0,156.4794651734561
2026-09-29 17:56:14,10,13,9,4,1,27,95.0,411.5594284666444
2026-09-29 17:56:26,12,23,17,4,4,48,161.0,787.5830679958109
2026-09-29 17:56:38,6,22,11,3,2,38,132.0,615.5901372891133
2026-09-29 17:56:50,1,26,6,4,6,42,174.0,828.4488201306798
2026-09-29 17:57:05,4,30,7,3,1,41,154.0,729.6011212156386
2026-09-29 17:57:14,7,31,14,1,1,47,151.0,735.5513526470914
2026-09-29 17:57:27,8,24,6,4,2,36,142.0,654.7503435954798
2026-09-29 17:57:39,11,20,15,2,1,38,115.0,536.3095893049093
2026-09-29 17:57:51,23,21,14,1,2,38,117.0,545.6367125971686
2026-09-29 17:58:03,15,14,14,1,1,30,83.0,368.0209379722671
2026-09-29 17:58:15,11,8,21,1,1,31,66.0,294.738569584782
2026-09-29 17:58:27,3,10,8,0,2,20,60.0,242.67134626340535
2026-09-29 17:58:41,9,9,10,1,1,21,59.0,241.37150474814064
2026-09-29 17:58:52,6,13,10,0,3,26,80.0,343.66694928034633
2026-09-29 17:59:06,2,1,6,0,3,10,28.0,95.14106763835437
2026-09-29 17:59:19,9,1,12,4,0,17,44.0,171.17635734743124
2026-09-29 17:59:31,8,4,8,0,1,13,30.0,109.17171988845776
2026-09-29 17:59:41,5,7,4,0,0,11,32.0,111.51701279321601
2026-09-29 17:59:52,8,2,11,2,0,15,33.0,124.49542783391277
2026-09-29 18:00:04,0,5,2,2,1,10,42.0,142.71160145753157
2026-09-29 18:00:16,0,6,0,5,0,11,59.0,205.60949233749201
2026-09-29 18:00:31,6,7,7,2,0,16,49.0,187.82745385875458
2026-09-29 18:00:40,2,8,5,2,1,16,57.0,218.49316061120433
2026-09-29 18:00:53,3,10,4,2,1,17,64.0,248.98379250535453
2026-09-29 18:01:05,0,9,2,1,0,12,45.0,160.42272108576915
2026-09-29 18:01:17,7,17,20,0,0,37,88.0,408.10758205592197
2026-09-29 18:01:30,11,22,12,0,2,36,112.0,516.422806216153
2026-09-29 18:01:41,4,23,10,1,1,35,115.0,527.1046779224527
2026-09-29 18:01:53,10,30,6,1,0,37,133.0,616.7989592436093
2026-09-29 18:02:05,9,18,13,2,1,34,105.0,478.3115464563884
2026-09-29 18:02:17,5,19,5,1,1,26,94.0,403.80866540440695
2026-09-29 18:02:30,8,26,4,0,0,30,108.0,478.8706180843958
2026-09-29 18:02:45,7,21,5,1,0,27,96.0,415.8916329768196
2026-09-29 18:02:54,16,16,14,1,0,31,85.0,379.5875517379768
2026-09-29 18:03:06,9,19,10,0,0,29,86.0,378.5029748229454
2026-09-29 18:03:18,10,16,10,1,1,28,87.0,379.9547372088233
2026-09-29 18:03:33,8,13,10,0,0,23,62.0,259.0393374815726
2026-09-29 18:03:42,7,12,8,0,0,20,56.0,226.49325651251166
2026-09-29 18:03:54,4,9,5,0,0,14,41.0,152.03005824519062
2026-09-29 18:04:07,10,5,21,1,1,28,54.0,235.83397481926963
2026-09-29 18:04:19,6,3,16,1,1,21,41.0,167.73274058769096
2026-09-29 18:04:31,7,2,8,0,0,10,16.0,54.36632436477393
2026-09-29 18:04:43,5,6,5,1,1,13,42.0,152.84040784384086
2026-09-29 18:04:55,1,4,3,2,2,11,45.0,156.82079924046002
2026-09-29 18:05:07,2,4,4,2,0,10,34.0,115.5284392751446
2026-09-29 18:05:19,1,4,3,0,0,7,19.0,58.50938929191688
2026-09-29 18:05:31,0,8,0,0,0,8,32.0,102.31118647475903
2026-09-29 18:05:44,2,7,2,5,2,16,77.0,295.1574274923286
2026-09-29 18:05:57,3,1,4,6,0,11,50.0,174.24533248940003
2026-09-29 18:06:09,11,3,21,3,0,27,54.0,233.93904354946102
2026-09-29 18:06:21,8,17,11,4,0,32,107.0,481.12630907691334
2026-09-29 18:06:33,12,24,13,1,1,39,122.0,572.0432934019002
2026-09-29 18:06:45,9,26,6,1,3,36,135.0,622.4739182069702
2026-09-29 18:06:57,13,24,8,1,1,34,117.0,532.9757231942614
2026-09-29 18:07:09,16,15,18,0,0,33,78.0,353.0561209200606
2026-09-29 18:07:21,4,17,5,0,0,22,73.0,301.89107776282793
2026-09-29 18:07:34,8,15,21,1,0,37,88.0,408.10758205592197
2026-09-29 18:07:46,15,25,12,0,0,37,112.0,519.4096498893553
2026-09-29 18:07:58,10,22,9,0,0,31,97.0,433.1763825715735
2026-09-29 18:08:10,10,24,10,0,2,36,118.0,544.0883136920185
2026-09-29 18:08:22,15,15,17,0,1,33,83.0,375.68792354314144
2026-09-29 18:08:34,11,15,11,0,0,26,71.0,305.0044174863074
2026-09-29 18:08:46,9,6,7,1,0,14,38.0,140.90590764188397
2026-09-29 18:09:03,12,11,15,0,2,28,71.0,310.0780039290397
2026-09-29 18:09:13,15,14,6,3,0,23,83.0,346.77846791887947
2026-09-29 18:09:23,11,11,9,0,0,20,53.0,214.3596891993414
2026-09-29 18:09:35,12,3,15,1,0,19,34.0,135.8548973008357
2026-09-29 18:09:47,13,5,12,3,0,20,53.0,214.3596891993414
2026-09-29 18:10:01,7,1,5,3,0,9,30.0,99.07755278982138
2026-09-29 18:10:13,3,10,4,1,1,16,57.0,218.49316061120433
2026-09-29 18:10:25,3,11,2,3,0,16,67.0,256.8252940517665
2026-09-29 18:10:37,4,4,3,5,0,12,54.0,192.50726530292297
2026-09-29 18:10:50,3,6,4,2,0,12,42.0,149.72787301338454
2026-09-29 18:11:01,5,7,10,2,0,19,52.0,207.77807822480753
2026-09-29 18:11:15,8,14,20,1,0,35,83.0,380.4320718918571
2026-09-29 18:11:27,6,22,16,1,1,40,117.0,551.4879318044041
2026-09-29 18:11:38,10,28,12,1,1,42,137.0,652.284415850018
2026-09-29 18:11:50,8,22,9,1,0,32,104.0,467.6367863925139
2026-09-29 18:12:03,6,25,14,0,1,40,120.0,565.628648004517
2026-09-29 18:12:16,7,27,10,1,2,40,137.0,645.7593731384902
2026-09-29 18:12:26,11,29,11,0,1,41,133.0,630.110059231688
2026-09-29 18:12:39,9,18,8,2,0,28,94.0,410.52580801872864
2026-09-29 18:12:50,9,16,8,1,0,25,79.0,336.38962650369706
2026-09-29 18:13:03,12,14,21,2,0,37,91.0,422.02034053510107
2026-09-29 18:13:16,10,20,7,2,1,30,107.0,474.43663087991064
2026-09-29 18:13:27,6,23,3,0,2,28,107.0,467.3006538085528
2026-09-29 18:13:39,9,27,6,0,3,36,132.0,608.6411644690376
2026-09-29 18:13:51,7,17,7,1,3,28,100.0,436.72958299864746
2026-09-29 18:14:04,14,3,20,0,0,23,32.0,133.69772257113425
2026-09-29 18:14:15,11,7,12,4,0,23,68.0,284.1076604636603
2026-09-29 18:14:28,12,5,17,5,2,29,84.0,369.7005800596211
2026-09-29 18:14:40,15,6,15,3,1,25,66.0,281.0343715094178
2026-09-29 18:14:52,10,2,10,8,1,21,80.0,327.2833962686653
2026-09-29 18:15:04,17,7,12,6,0,25,82.0,349.1639161177615
2026-09-29 18:15:16,7,5,8,5,1,19,69.0,275.70552687522536
2026-09-29 18:15:30,13,5,7,4,3,19,73.0,291.68845596944135
2026-09-29 18:15:45,10,6,7,5,3,21,84.0,343.64756608209854
2026-09-29 18:15:54,7,5,2,4,2,13,62.0,225.62155443614603
2026-09-29 18:16:06,5,3,26,5,1,35,79.0,362.09799613803267
2026-09-29 18:16:18,13,17,12,3,1,33,107.0,484.3205761339293
2026-09-29 18:16:31,10,20,13,5,0,38,128.0,596.9358907045947
2026-09-29 18:16:43,19,22,16,1,2,41,123.0,582.7333630488542
2026-09-29 18:16:55,4,31,2,4,2,39,166.0,778.3539893829134
2026-09-29 18:17:07,5,31,5,1,1,38,142.0,662.2257537504098
2026-09-29 18:17:19,14,13,8,2,1,24,80.0,337.51006598945605
2026-09-29 18:17:33,23,7,24,2,0,33,66.0,298.7397946246667
2026-09-29 18:17:46,13,9,10,1,0,20,53.0,214.3596891993414
2026-09-29 18:17:57,15,9,15,1,0,25,58.0,246.96959920524594
2026-09-29 18:18:09,10,10,14,1,0,25,61.0,259.74388881931037
2026-09-29 18:18:21,12,13,17,1,0,31,76.0,339.39592861277924
2026-09-29 18:18:33,2,22,8,0,0,30,96.0,425.66277163057407
2026-09-29 18:18:45,2,21,4,0,0,25,88.0,374.7124953458904
2026-09-29 18:19:02,11,14,11,1,2,28,86.0,375.58744137883684
2026-09-29 18:19:10,13,3,12,2,0,17,38.0,147.83412680005426
2026-09-29 18:19:22,7,9,8,1,2,20,63.0,254.80491357657561
2026-09-29 18:19:34,6,9,7,3,2,21,76.0,310.91922645523204
2026-09-29 18:19:47,6,11,6,1,2,20,69.0,279.07204820291616
2026-09-29 18:20:03,2,10,2,1,0,13,49.0,178.31380915114767
2026-09-29 18:20:14,1,8,2,3,0,13,55.0,200.14815312883923
2026-09-29 18:20:26,0,5,4,3,2,14,57.0,211.35886146282598
2026-09-29 18:20:38,0,8,1,3,1,13,60.0,218.34343977691552
2026-09-29 18:20:50,1,9,2,2,0,13,52.0,189.23098113999345
2026-09-29 18:21:03,14,14,20,2,2,38,102.0,475.68328790522395
2026-09-29 18:21:14,10,21,14,4,3,42,144.0,685.6128166598729
2026-09-29 18:21:26,11,23,8,4,4,39,152.0,712.7096770253182
2026-09-29 18:21:38,10,29,12,4,1,46,162.0,785.7239114770294
2026-09-29 18:21:50,7,36,3,3,3,45,186.0,898.1272997469716
2026-09-29 18:22:03,11,24,12,0,0,36,108.0,497.9791345655762
2026-09-29 18:22:15,7,27,10,1,2,40,137.0,645.7593731384902
2026-09-29 18:22:27,4,17,2,0,1,20,76.0,307.3837052669801
2026-09-29 18:22:39,14,17,8,0,0,25,76.0,323.6153368896326
2026-09-29 18:22:51,17,9,18,4,1,32,88.0,395.6926654090502
2026-09-29 18:23:03,10,12,20,3,1,36,95.0,438.0372017012013
2026-09-29 18:23:15,17,9,18,3,1,31,81.0,361.72460812677787
2026-09-29 18:23:28,17,8,22,3,1,34,81.0,368.98319298064246
2026-09-29 18:23:43,2,8,0,1,2,11,51.0,177.73023913918803
2026-09-29 18:23:52,9,14,12,0,1,27,74.0,320.5831337529651
2026-09-29 18:24:04,6,6,5,0,0,11,29.0,101.062292843852
2026-09-29 18:24:16,12,6,14,2,1,23,58.0,242.32712216018083
2026-09-29 18:24:30,12,11,8,1,0,20,59.0,238.62682382568192
2026-09-29 18:24:40,2,7,1,0,0,8,29.0,92.71951274275037
2026-09-29 18:24:52,3,10,6,0,0,16,46.0,176.32781382658595
2026-09-29 18:25:04,2,12,1,1,1,15,62.0,233.90050077886644
2026-09-29 18:25:16,3,9,7,1,0,17,50.0,194.51858789480823
2026-09-29 18:25:29,5,6,7,2,2,17,57.0,221.75119020008137
2026-09-29 18:25:41,15,8,26,1,1,36,71.0,327.3751717977399
2026-09-29 18:25:53,7,18,22,2,1,43,114.0,545.3976182666818
2026-09-29 18:26:05,8,22,9,0,2,33,109.0,493.3732971831616
2026-09-29 18:26:17,13,23,10,2,2,37,128.0,593.6110284449774
2026-09-29 18:26:31,15,20,19,0,2,41,111.0,525.8813276294538
2026-09-29 18:26:42,19,17,16,0,1,34,90.0,409.9813255340472
2026-09-29 18:26:54,15,14,19,1,2,36,94.0,433.42628378855704
2026-09-29 18:27:06,8,14,11,1,1,27,80.0,346.5763608140163
2026-09-29 18:27:18,13,14,18,4,0,36,102.0,470.31362708971085
2026-09-29 18:27:30,10,14,13,5,0,32,104.0,467.6367863925139
2026-09-29 18:27:42,7,16,2,4,0,22,94.0,388.73645629734006
2026-09-29 18:27:54,9,11,8,5,0,24,87.0,367.04219676353347
2026-09-29 18:28:06,20,10,18,2,0,30,72.0,319.24707872293055
2026-09-29 18:28:19,5,10,11,0,0,21,51.0,208.6431651212741
2026-09-29 18:28:32,2,15,4,0,0,19,64.0,255.72686550745541
2026-09-29 18:28:43,16,6,17,1,0,24,48.0,202.50603959367365
2026-09-29 18:28:55,7,7,8,1,0,16,43.0,164.8281737944173
2026-09-29 18:29:07,1,8,1,1,0,10,40.0,135.91581091193484
2026-09-29 18:29:19,0,10,2,0,0,12,42.0,149.72787301338454
2026-09-29 18:29:31,9,8,12,3,0,23,65.0,271.57349897261645
2026-09-29 18:29:43,0,12,2,3,1,18,77.0,303.7218013958159
2026-09-29 18:29:55,19,9,17,3,0,29,74.0,325.6886062429995
2026-09-29 18:30:08,2,6,1,2,0,9,39.0,128.80081862676778
2026-09-29 18:30:20,19,13,28,2,0,43,94.0,449.7138255883166
2026-09-29 18:30:32,14,22,15,0,0,37,103.0,477.6713744518177
2026-09-29 18:30:44,16,18,14,4,2,38,126.0,587.6087674123354
2026-09-29 18:30:57,13,17,15,1,2,35,102.0,467.51893172252323
2026-09-29 18:31:08,16,22,13,1,3,39,126.0,590.7988112183559
2026-09-29 18:31:20,5,17,11,0,0,28,79.0,345.0163705689315
2026-09-29 18:31:33,11,16,16,4,3,39,126.0,590.7988112183559
2026-09-29 18:31:45,10,17,10,3,1,31,105.0,468.90226979397136
2026-09-29 18:32:01,10,22,8,2,2,34,122.0,555.7524635017083
2026-09-29 18:32:09,7,30,5,1,3,39,150.0,703.3319181170904
2026-09-29 18:32:21,10,30,7,1,1,39,140.0,656.4431235759511
2026-09-29 18:32:33,7,27,11,2,1,41,139.0,658.5360769413882
2026-09-29 18:32:47,12,12,22,1,0,35,77.0,352.93095826112045
2026-09-29 18:33:02,13,15,10,1,0,26,77.0,330.77943868233336
2026-09-29 18:33:10,6,9,7,0,0,16,43.0,164.8281737944173
2026-09-29 18:33:22,7,5,10,0,0,15,30.0,113.17766166719343
2026-09-29 18:33:34,2,11,3,0,0,14,47.0,174.27835945180388
2026-09-29 18:33:47,2,1,6,0,1,8,16.0,51.15559323737951
2026-09-29 18:33:58,6,4,12,0,0,16,28.0,107.32997363357406
2026-09-29 18:34:10,4,9,5,0,2,16,53.0,203.16030723497946
2026-09-29 18:34:22,1,11,6,1,1,19,63.0,251.73113323390143
2026-09-29 18:34:34,1,2,3,3,0,8,32.0,102.31118647475903
2026-09-29 18:34:47,0,5,2,3,0,10,43.0,146.10949673032994
2026-09-29 18:35:00,10,10,19,1,0,30,66.0,292.64315549601963
2026-09-29 18:35:11,12,12,23,4,2,41,111.0,525.8813276294538
2026-09-29 18:35:23,8,20,8,3,2,33,121.0,547.6896234785555
2026-09-29 18:35:35,13,28,3,6,0,37,157.0,728.1010270770425
2026-09-29 18:35:48,12,26,12,4,2,44,156.0,749.8393484041699
2026-09-29 18:36:01,15,18,14,1,0,33,93.0,420.95152878930304
2026-09-29 18:36:11,6,16,5,0,1,22,75.0,310.16206619468625
2026-09-29 18:36:25,10,12,7,0,0,19,55.0,219.7652750454695
2026-09-29 18:36:36,16,8,12,1,2,23,63.0,263.21739131192055
2026-09-29 18:36:48,8,7,10,0,0,17,38.0,147.83412680005426
2026-09-29 18:37:00,9,11,16,0,0,27,60.0,259.93227061051226
2026-09-29 18:37:12,10,9,25,1,0,35,68.0,311.67928781501547
2026-09-29 18:37:24,10,6,10,2,0,18,48.0,189.33307099998913
2026-09-29 18:37:36,4,9,4,2,0,15,54.0,203.7197910009482
2026-09-29 18:37:48,3,10,7,0,1,18,53.0,209.05526589582132
2026-09-29 18:38:00,1,7,3,1,2,13,50.0,181.9528664807629
2026-09-29 18:38:13,0,9,5,1,0,15,48.0,181.0842586675095
2026-09-29 18:38:25,15,13,14,2,1,30,86.0,381.32289958572255
2026-09-29 18:38:37,1,6,4,2,0,12,42.0,149.72787301338454
2026-09-29 18:38:49,1,6,2,3,0,11,47.0,163.79061254003602
2026-09-29 18:39:03,2,6,6,6,1,19,78.0,311.66711733721127
2026-09-29 18:39:16,3,9,2,5,0,16,73.0,279.8245741161038
2026-09-29 18:39:25,3,13,1,2,1,17,73.0,283.99713832642
2026-09-29 18:39:37,16,11,25,2,0,38,83.0,387.07561662876066
2026-09-29 18:39:50,13,22,14,4,0,40,130.0,612.7643686715601
2026-09-29 18:40:04,8,25,10,2,1,38,130.0,606.263013996854
2026-09-29 18:40:17,18,21,24,3,4,52,153.0,760.4546627734748
2026-09-29 18:40:26,23,14,17,3,1,35,100.0,458.351893845611
2026-09-29 18:40:38,13,15,12,3,1,31,99.0,442.107854377173
2026-09-29 18:40:50,12,10,12,0,0,22,52.0,215.04569922831578
2026-09-29 18:41:02,12,11,15,0,1,27,65.0,281.59329316138826
2026-09-29 18:41:14,16,19,17,1,2,39,112.0,525.1544988607608
2026-09-29 18:41:27,14,9,14,6,1,30,98.0,434.53074603954434
2026-09-29 18:41:40,11,18,14,2,1,35,106.0,485.85300747634767
2026-09-29 18:41:51,15,22,14,1,0,37,109.0,505.49689141017603
2026-09-29 18:42:03,11,25,9,1,1,36,122.0,562.5319853425954
2026-09-29 18:42:15,5,20,7,1,0,28,94.0,410.52580801872864
2026-09-29 18:42:27,8,10,8,1,0,19,55.0,219.7652750454695
2026-09-29 18:42:39,8,5,13,0,0,18,33.0,130.16648631249254
2026-09-29 18:42:51,4,4,10,0,0,14,26.0,96.40930522865746
2026-09-29 18:43:04,4,3,7,1,0,11,26.0,90.60757289448802
2026-09-29 18:43:15,2,4,5,0,0,9,21.0,69.35428695287496
2026-09-29 18:43:28,3,4,3,1,0,8,26.0,83.12783901074171
2026-09-29 18:43:40,1,4,2,0,1,7,24.0,73.90659700031605
2026-09-29 18:43:52,0,7,1,1,2,11,48.0,167.27551918982402
2026-09-29 18:44:04,8,10,9,1,1,21,62.0,253.6446321082156
2026-09-29 18:44:17,11,22,15,2,0,39,117.0,548.5988961313304
2026-09-29 18:44:29,11,21,14,5,3,43,151.0,722.4126347216575
2026-09-29 18:44:41,12,19,13,1,1,34,102.0,464.6455022719201
2026-09-29 18:44:52,18,21,13,0,0,34,97.0,441.8687619644731
2026-09-29 18:45:05,10,12,11,0,0,23,59.0,246.50517599052878
2026-09-29 18:45:17,7,19,7,0,1,27,89.0,385.5662014055932
2026-09-29 18:45:30,10,27,12,0,4,43,144.0,688.9233072842296
2026-09-29 18:45:47,11,24,8,2,3,37,136.0,630.7117177227884
2026-09-29 18:45:53,6,28,11,1,3,43,148.0,708.0600658199027
2026-09-29 18:46:05,6,28,12,1,1,42,137.0,652.284415850018
2026-09-29 18:46:17,14,28,14,0,1,43,132.0,631.5130316772105
2026-09-29 18:46:32,11,15,11,0,1,27,77.0,333.57974728349075
2026-09-29 18:46:42,15,9,13,0,1,23,55.0,229.792960669137
2026-09-29 18:46:54,12,9,16,1,0,26,59.0,253.45437509425543
2026-09-29 18:47:06,6,9,5,1,0,15,48.0,181.0842586675095
2026-09-29 18:47:18,1,10,9,0,0,19,49.0,195.79088140414555
2026-09-29 18:47:31,4,10,6,3,0,19,67.0,267.7140623281174
2026-09-29 18:47:43,0,7,1,3,1,12,56.0,199.63716401784606
2026-09-29 18:47:55,7,3,8,0,1,12,26.0,92.68868329399996
2026-09-29 18:48:07,12,9,17,1,1,28,66.0,288.2415247791073
2026-09-29 18:48:19,15,12,24,0,1,37,78.0,361.73172045865806
2026-09-29 18:48:31,10,21,17,3,0,41,122.0,577.9956934305709
2026-09-29 18:48:47,13,29,5,1,1,36,134.0,617.863000294326
2026-09-29 18:48:55,13,29,10,0,0,39,126.0,590.7988112183559
2026-09-29 18:49:07,21,15,29,1,1,46,102.0,494.71505537442596
2026-09-29 18:49:20,15,19,15,0,0,34,91.0,414.53667359553657
2026-09-29 18:49:31,5,31,3,1,0,35,134.0,614.1915377531187
2026-09-29 18:49:48,10,23,12,0,0,35,104.0,476.68596959943545
2026-09-29 18:49:57,8,32,7,0,2,41,147.0,696.4374338876551
2026-09-29 18:50:08,9,27,4,0,0,31,112.0,500.1624211135694
2026-09-29 18:50:20,7,23,9,0,0,32,101.0,454.14726370811445
2026-09-29 18:50:32,0,11,0,0,0,11,44.0,153.33589259067202
2026-09-29 18:50:44,3,6,1,1,1,9,38.0,125.49823353377374
2026-09-29 18:50:59,19,5,16,0,0,21,36.0,147.27752832089936
2026-09-29 18:51:13,1,5,7,2,0,14,41.0,152.03005824519062
2026-09-29 18:51:21,0,12,1,1,2,16,68.0,260.6585073958227
2026-09-29 18:51:33,0,9,3,1,1,14,52.0,192.81861045731492
2026-09-29 18:51:45,6,9,7,1,1,18,56.0,220.88858283332064
2026-09-29 18:51:57,2,11,1,2,1,15,65.0,245.21826694558578
2026-09-29 18:52:09,17,16,22,1,1,40,99.0,466.64363460372647
2026-09-29 18:52:22,11,23,17,2,2,44,135.0,648.8994361189931
2026-09-29 18:52:33,14,22,15,1,1,39,116.0,543.9100166772165
2026-09-29 18:52:46,9,21,10,0,2,33,106.0,479.79421560931314
2026-09-29 18:52:58,7,19,11,0,2,32,99.0,445.1542485851815
2026-09-29 18:53:10,8,29,6,0,2,37,134.0,621.4365454033357
2026-09-29 18:53:22,14,19,10,1,4,34,117.0,532.9757231942614
2026-09-29 18:53:34,6,28,5,2,2,37,143.0,663.1748208408732
2026-09-29 18:53:46,16,26,17,0,1,44,127.0,610.4461362008306
2026-09-29 18:53:59,6,25,6,2,3,36,138.0,636.3066719449029
2026-09-29 18:54:12,4,28,3,0,0,31,115.0,513.5596288219687
2026-09-29 18:54:23,6,24,6,1,0,31,109.0,486.76521340517024
2026-09-29 18:54:37,4,23,8,0,2,33,112.0,506.9523787570101
2026-09-29 18:54:48,3,5,1,0,0,6,21.0,61.864113130161584
2026-09-29 18:55:01,3,8,5,0,0,13,37.0,134.64512119576457
2026-09-29 18:55:17,4,5,10,0,0,15,30.0,113.17766166719343
2026-09-29 18:55:25,9,7,8,3,1,19,63.0,251.73113323390143
2026-09-29 18:55:37,10,13,9,7,0,29,110.0,484.13171198283715
2026-09-29 18:55:49,5,6,8,2,1,17,52.0,202.29933141060056
2026-09-29 18:56:02,2,8,7,6,0,21,81.0,331.3744387220236
2026-09-29 18:56:13,20,8,24,3,0,35,77.0,352.93095826112045
2026-09-29 18:56:27,12,18,21,3,1,43,120.0,574.1027560701914
2026-09-29 18:56:38,16,22,17,0,0,39,105.0,492.33234268196327
2026-09-29 18:56:50,12,18,14,0,1,33,92.0,416.4251682646869
2026-09-29 18:57:03,6,30,7,0,2,39,139.0,651.7542441218371
2026-09-29 18:57:15,4,26,5,0,0,31,109.0,486.76521340517024
2026-09-29 18:57:27,3,18,3,0,0,21,75.0,306.8281840018737
2026-09-29 18:57:39,7,12,7,0,1,20,61.0,246.71586870112878
2026-09-29 18:57:51,8,14,9,0,0,23,65.0,271.57349897261645
2026-09-29 18:58:03,7,8,8,1,0,17,47.0,182.84747262111972
2026-09-29 18:58:16,9,10,11,0,1,22,57.0,235.72317030796154
2026-09-29 18:58:28,8,6,9,2,3,20,65.0,262.89395845202245
2026-09-29 18:58:43,3,9,6,0,0,15,42.0,158.4487263340708
2026-09-29 18:58:52,0,5,0,0,0,5,20.0,55.8351893845611
2026-09-29 18:59:04,3,0,0,0,0,0,0.0,0.0
2026-09-29 18:59:17,5,2,9,0,1,12,23.0,81.99383522161534
2026-09-29 18:59:33,8,8,13,3,0,24,66.0,278.4458044413013
2026-09-29 18:59:42,11,7,9,5,1,22,78.0,322.56854884247366
2026-09-29 18:59:54,6,7,6,3,0,16,55.0,210.8267339230919
2026-09-29 19:00:06,3,12,5,2,1,20,73.0,295.2501379538098
2026-09-29 19:00:18,16,6,23,3,1,33,74.0,334.95067882159594
2026-09-29 19:00:30,7,12,20,3,2,37,101.0,468.396202132365
2026-09-29 19:00:42,14,25,16,1,2,44,135.0,648.8994361189931
2026-09-29 19:00:59,5,29,8,0,4,41,148.0,701.1751035059384
2026-09-29 19:01:08,10,25,7,0,0,32,107.0,481.12630907691334
2026-09-29 19:01:20,11,25,12,1,0,38,119.0,554.9638358894279
2026-09-29 19:01:32,15,26,7,1,2,36,130.0,599.419328643749
2026-09-29 19:01:47,12,24,10,2,3,39,138.0,647.0653646677231
2026-09-29 19:02:01,18,19,16,3,1,39,119.0,557.9766550395584
2026-09-29 19:02:09,16,16,16,0,1,33,86.0,389.2670051169899
2026-09-29 19:02:21,13,12,18,0,0,30,66.0,292.64315549601963
2026-09-29 19:02:33,18,13,22,0,0,35,74.0,339.1804014457521
2026-09-29 19:02:45,10,21,17,0,3,41,119.0,563.7826845757207
2026-09-29 19:02:59,4,12,6,0,0,18,54.0,212.99970487498777
2026-09-29 19:03:09,0,11,1,0,0,12,45.0,160.42272108576915
2026-09-29 19:03:21,11,11,14,0,0,25,58.0,246.96959920524594
2026-09-29 19:03:34,7,13,11,4,0,28,91.0,397.4239205287692
2026-09-29 19:03:46,11,6,10,2,0,18,48.0,189.33307099998913
2026-09-29 19:03:58,2,10,4,0,0,14,44.0,163.15420884849723
2026-09-29 19:04:13,7,10,10,0,0,20,50.0,202.22612188617114
2026-09-29 19:04:22,16,11,23,1,1,36,80.0,368.87343301153794
2026-09-29 19:04:34,5,22,10,3,2,37,131.0,607.5237869241565
2026-09-29 19:04:47,13,27,7,5,5,44,180.0,865.1992481586575
2026-09-29 19:05:02,5,35,5,2,3,45,177.0,854.6695271785699
2026-09-29 19:05:13,10,24,4,4,3,35,146.0,669.193765014592
2026-09-29 19:05:23,8,31,2,0,2,35,138.0,632.5256135069432
2026-09-29 19:05:35,7,21,12,0,2,35,108.0,495.0200453532599
2026-09-29 19:05:47,13,24,10,0,0,34,106.0,482.86689451787777
2026-09-29 19:06:04,7,20,7,0,2,29,99.0,435.71854078455345
2026-09-29 19:06:12,5,22,3,0,3,28,109.0,476.0352454685257
2026-09-29 19:06:24,6,21,6,1,2,30,109.0,483.30460528888096
2026-09-29 19:06:36,6,25,7,0,4,36,131.0,604.0302465563933
2026-09-29 19:06:48,9,24,6,2,2,34,128.0,583.0845518706449
2026-09-29 19:07:00,7,28,6,1,1,36,131.0,604.0302465563933
2026-09-29 19:07:13,4,21,3,0,0,24,87.0,367.04219676353347
2026-09-29 19:07:26,19,11,18,1,1,31,75.0,334.9301927099795
2026-09-29 19:07:39,10,7,5,8,0,20,89.0,359.9624969573846
2026-09-29 19:07:49,12,3,19,4,0,26,59.0,253.45437509425543
2026-09-29 19:08:01,0,8,3,1,3,15,60.0,226.35532333438687
2026-09-29 19:08:18,4,12,10,1,0,23,65.0,271.57349897261645
2026-09-29 19:08:25,13,3,11,0,0,14,23.0,85.28515462535083
2026-09-29 19:08:37,10,14,21,2,1,38,97.0,452.3654796745757
2026-09-29 19:08:49,9,20,9,1,2,32,108.0,485.62281663837985
2026-09-29 19:09:02,4,16,9,3,4,32,118.0,530.5878922530446
2026-09-29 19:09:13,13,26,9,1,3,39,138.0,647.0653646677231
2026-09-29 19:09:27,11,27,6,0,2,35,126.0,577.5233862454699
2026-09-29 19:09:38,23,17,11,1,0,29,86.0,378.5029748229454
2026-09-29 19:09:50,13,19,11,0,4,34,111.0,505.64363482532485
2026-09-29 19:10:02,13,23,9,0,1,33,107.0,484.3205761339293
2026-09-29 19:10:14,18,14,15,0,1,30,77.0,341.41701474535625
2026-09-29 19:10:27,13,16,9,0,1,26,79.0,339.371112414342
2026-09-29 19:10:42,11,14,16,1,1,32,85.0,382.2031427246508
2026-09-29 19:10:50,9,13,7,2,2,24,85.0,358.6044451137971
2026-09-29 19:11:02,1,8,2,0,0,10,34.0,115.5284392751446
2026-09-29 19:11:15,3,2,2,0,0,4,10.0,26.094379124341003
2026-09-29 19:11:27,10,1,9,1,0,11,20.0,69.69813299576
2026-09-29 19:11:39,12,10,15,0,0,25,55.0,234.19530959118148
2026-09-29 19:11:51,8,8,13,1,1,23,58.0,242.32712216018083
2026-09-29 19:12:03,5,9,2,1,0,12,45.0,160.42272108576915
2026-09-29 19:12:16,5,17,7,0,0,24,75.0,316.41568686511505
2026-09-29 19:12:30,2,6,7,1,0,14,38.0,140.90590764188397
2026-09-29 19:12:39,12,17,19,1,1,38,100.0,466.3561646129646
2026-09-29 19:12:52,10,11,16,1,1,29,73.0,321.2874088613374
2026-09-29 19:13:05,14,21,15,1,3,40,124.0,584.4829362713342
2026-09-29 19:13:17,11,16,18,1,0,35,89.0,407.93318552259376
2026-09-29 19:13:34,12,21,14,2,0,37,112.0,519.4096498893553
2026-09-29 19:13:40,15,18,15,1,2,36,106.0,488.75729874028775
2026-09-29 19:13:52,14,21,9,0,0,30,93.0,412.3608100171186
2026-09-29 19:14:04,9,18,12,0,1,31,90.0,401.91623125197543
2026-09-29 19:14:16,5,13,4,0,3,20,74.0,299.2946603915333
2026-09-29 19:14:29,4,15,5,0,1,21,71.0,290.46401418844044
2026-09-29 19:14:41,12,13,14,0,0,27,66.0,285.9254976715635
2026-09-29 19:14:53,10,11,9,1,0,21,60.0,245.46254720149898
2026-09-29 19:15:05,10,14,10,1,0,25,73.0,310.84104727556814
2026-09-29 19:15:18,2,12,3,0,0,15,51.0,192.40202483422883
2026-09-29 19:15:29,6,5,11,0,0,16,31.0,118.8296136657427
2026-09-29 19:15:42,16,8,11,3,2,24,76.0,320.6345626899833
2026-09-29 19:15:54,6,9,5,4,1,19,75.0,299.6799205165493
2026-09-29 19:16:06,6,9,12,6,0,27,90.0,389.89840591576836
2026-09-29 19:16:18,5,14,2,3,0,19,79.0,315.66284961076525
2026-09-29 19:16:30,1,14,4,1,1,20,73.0,295.2501379538098
2026-09-29 19:16:42,13,11,20,1,0,32,71.0,319.25203686412004
2026-09-29 19:16:58,13,15,16,0,0,31,76.0,339.39592861277924
2026-09-29 19:17:24,7,13,17,0,0,30,69.0,305.9451171094751
2026-09-29 19:17:33,9,9,10,0,1,20,52.0,210.31516676161797
2026-09-29 19:17:46,5,6,15,1,0,22,46.0,190.23273393274087
2026-09-29 19:17:55,4,4,5,0,0,9,21.0,69.35428695287496
2026-09-29 19:18:07,14,8,18,1,0,27,57.0,246.93565707998664
2026-09-29 19:18:19,9,7,12,2,0,21,54.0,220.91629248134907
2026-09-29 19:18:33,17,14,15,2,1,32,91.0,409.18218809344967
2026-09-29 19:18:45,10,13,8,1,2,24,79.0,333.2911901645879
2026-09-29 19:18:57,7,10,10,0,0,20,50.0,202.22612188617114
2026-09-29 19:19:09,6,9,3,0,1,13,45.0,163.75757983268662
2026-09-29 19:19:22,0,7,2,0,0,9,30.0,99.07755278982138
2026-09-29 19:19:33,7,4,9,0,0,13,25.0,90.97643324038145
2026-09-29 19:19:46,13,3,10,4,0,17,50.0,194.51858789480823
2026-09-29 19:19:58,8,5,10,0,0,15,30.0,113.17766166719343
2026-09-29 19:20:10,17,10,15,0,0,25,55.0,234.19530959118148
2026-09-29 19:20:22,6,11,10,0,0,21,54.0,220.91629248134907
2026-09-29 19:20:34,2,9,2,1,1,13,51.0,185.59192381037818
2026-09-29 19:20:47,17,7,30,1,1,39,71.0,332.91044124208946
2026-09-29 19:21:00,15,14,17,0,2,33,85.0,384.7406445923737
2026-09-29 19:21:12,6,23,8,0,0,31,100.0,446.5735902799727
2026-09-29 19:21:22,4,25,9,1,2,37,128.0,593.6110284449774
2026-09-29 19:21:35,10,19,8,0,1,28,90.0,393.0566246987827
2026-09-29 19:21:47,11,15,14,1,1,31,87.0,388.5190235435762
2026-09-29 19:22:02,2,24,2,1,0,27,105.0,454.8814735683965
2026-09-29 19:22:12,13,13,12,2,2,29,90.0,396.10776434959405
2026-09-29 19:22:23,23,4,22,1,1,28,51.0,222.73208732931022
2026-09-29 19:22:35,12,10,13,1,0,24,60.0,253.13254949209207
2026-09-29 19:22:47,13,4,12,1,1,18,41.0,161.72199814582405
2026-09-29 19:23:00,15,12,16,0,0,28,64.0,279.5069331191344
2026-09-29 19:23:17,17,4,21,0,0,25,37.0,157.54957190679482
2026-09-29 19:23:24,3,3,2,0,0,5,14.0,39.08463256919277
2026-09-29 19:23:36,1,2,1,3,0,6,30.0,88.3773044716594
2026-09-29 19:23:48,10,2,15,1,0,18,30.0,118.3331693749932
2026-09-29 19:24:01,4,7,10,3,0,20,59.0,238.62682382568192
2026-09-29 19:24:15,18,6,22,3,0,31,67.0,299.20430548758173
2026-09-29 19:24:25,9,8,5,3,0,16,58.0,222.32637395526055
2026-09-29 19:24:37,5,7,15,3,1,26,70.0,300.70858062030305
2026-09-29 19:24:49,8,7,24,3,1,35,79.0,362.09799613803267
2026-09-29 19:25:02,12,20,16,1,1,38,109.0,508.32821942813143
2026-09-29 19:25:14,11,18,10,1,1,30,95.0,421.2287844260889
2026-09-29 19:25:25,13,13,20,0,0,33,72.0,325.8979577723636
2026-09-29 19:25:37,10,14,8,1,0,23,71.0,296.64182195470414
2026-09-29 19:25:50,6,12,3,0,1,16,57.0,218.49316061120433
2026-09-29 19:26:05,15,9,16,1,1,27,65.0,281.59329316138826
2026-09-29 19:26:15,7,7,12,0,0,19,40.0,159.82929094215964
2026-09-29 19:26:27,9,8,11,0,0,19,43.0,171.8164877628216
2026-09-29 19:26:38,11,11,16,0,0,27,60.0,259.93227061051226
2026-09-29 19:26:50,13,9,16,0,0,25,52.0,221.42101997711706
2026-09-29 19:27:02,10,5,12,0,0,17,32.0,124.49189625267726
2026-09-29 19:27:18,6,16,9,0,0,25,73.0,310.84104727556814
2026-09-29 19:27:27,1,7,6,0,0,13,34.0,123.72794920691878
2026-09-29 19:27:39,0,3,0,0,0,3,12.0,28.63553233343869
2026-09-29 19:27:51,12,5,15,0,1,21,41.0,167.73274058769096
2026-09-29 19:28:03,10,7,11,3,2,23,72.0,300.8198757850521
2026-09-29 19:28:15,4,9,6,6,3,24,102.0,430.3253341365565
2026-09-29 19:28:27,1,9,1,3,1,14,64.0,237.31521287054144
2026-09-29 19:28:40,6,11,14,3,0,28,79.0,345.0163705689315
2026-09-29 19:28:52,16,9,25,2,0,36,75.0,345.8188434483168
2026-09-29 19:29:04,13,16,21,1,3,41,110.0,521.1436580111705
2026-09-29 19:29:17,11,17,14,0,2,33,94.0,425.4778893139192
2026-09-29 19:29:30,14,18,13,0,0,31,85.0,379.5875517379768
2026-09-29 19:29:40,12,18,12,0,0,30,84.0,372.4549251767523
2026-09-29 19:29:52,14,18,12,0,1,31,90.0,401.91623125197543
2026-09-29 19:30:04,14,21,13,2,1,37,117.0,542.5975806879871
2026-09-29 19:30:17,15,22,11,0,2,35,111.0,508.7706021686282
2026-09-29 19:30:30,11,14,16,0,1,31,78.0,348.3274004183787
2026-09-29 19:30:41,16,11,14,1,1,27,71.0,307.5865202224395
2026-09-29 19:30:53,16,13,14,0,1,28,72.0,314.44529975902617
2026-09-29 19:31:05,13,7,12,0,1,20,46.0,186.04803213527742
2026-09-29 19:31:17,12,7,14,0,1,22,48.0,198.50372236459918
2026-09-29 19:31:29,0,8,6,1,1,16,51.0,195.49388054686702
2026-09-29 19:31:42,2,5,3,0,0,8,23.0,73.53616527873305
2026-09-29 19:31:53,12,7,16,0,0,23,44.0,183.83436853530958
2026-09-29 19:32:05,7,8,7,5,0,20,74.0,299.2946603915333
2026-09-29 19:32:18,4,8,6,1,0,15,45.0,169.76649250079015
2026-09-29 19:32:30,9,5,11,1,0,17,38.0,147.83412680005426
2026-09-29 19:32:42,10,12,16,1,0,29,71.0,312.4850140980131
2026-09-29 19:32:54,11,12,23,0,0,35,71.0,325.4298446303838
2026-09-29 19:33:06,12,23,17,1,0,41,116.0,549.5696757208707
2026-09-29 19:33:20,8,15,21,1,0,37,88.0,408.10758205592197
2026-09-29 19:33:32,5,16,5,0,1,22,75.0,310.16206619468625
2026-09-29 19:33:47,14,21,8,0,0,29,92.0,404.91015911291834
2026-09-29 19:33:56,3,24,8,0,3,35,122.0,559.1893104916454
2026-09-29 19:34:08,9,5,7,0,1,13,33.0,120.08889187730352
2026-09-29 19:34:20,4,6,8,2,1,17,52.0,202.29933141060056
2026-09-29 19:34:33,3,19,9,0,0,28,85.0,371.2201455488503
2026-09-29 19:34:45,0,12,0,1,0,13,55.0,200.14815312883923
2026-09-29 19:34:57,13,1,10,1,0,12,21.0,74.86393650669227
2026-09-29 19:35:10,13,3,18,0,0,21,30.0,122.73127360074949
2026-09-29 19:35:21,4,5,10,5,0,20,65.0,262.89395845202245
2026-09-29 19:35:33,3,4,0,3,0,7,37.0,113.93933704215392
2026-09-29 19:35:47,5,11,9,2,1,23,73.0,304.9979296154
2026-09-29 19:35:57,9,9,25,1,1,36,74.0,341.2079255356726
2026-09-29 19:36:09,13,21,19,0,1,41,109.0,516.4059883928871
2026-09-29 19:36:22,17,16,18,1,2,37,101.0,468.396202132365
2026-09-29 19:36:34,6,13,9,0,0,22,61.0,252.26514717167814
2026-09-29 19:36:46,9,12,8,0,1,21,62.0,253.6446321082156
2026-09-29 19:37:00,8,9,14,1,1,25,63.0,268.2600818953533
2026-09-29 19:37:10,8,6,9,0,0,15,33.0,124.49542783391277
2026-09-29 19:37:22,13,5,11,0,0,16,31.0,118.8296136657427
2026-09-29 19:37:35,6,7,7,0,0,14,35.0,129.78175703857735
2026-09-29 19:37:47,7,14,5,0,0,19,61.0,243.73966868679344
2026-09-29 19:38:00,5,3,6,0,0,9,18.0,59.44653167389283
2026-09-29 19:38:11,13,5,9,3,1,18,56.0,220.88858283332064
2026-09-29 19:38:23,4,9,8,3,1,21,71.0,290.46401418844044
2026-09-29 19:38:35,7,9,11,1,0,21,54.0,220.91629248134907
2026-09-29 19:38:47,1,14,1,1,2,18,76.0,299.77736241664945
2026-09-29 19:38:59,8,9,28,0,1,38,70.0,326.44931522907524
2026-09-29 19:39:12,10,23,8,0,4,35,124.0,568.3563483685576
2026-09-29 19:39:24,9,15,7,0,1,23,73.0,304.9979296154
2026-09-29 19:39:36,12,4,15,0,0,19,31.0,123.86770048017371
2026-09-29 19:39:48,10,5,11,1,0,17,38.0,147.83412680005426
2026-09-29 19:40:00,7,12,6,0,0,18,54.0,212.99970487498777
2026-09-29 19:40:12,13,6,14,0,1,21,44.0,180.00586794776592
2026-09-29 19:40:24,8,5,15,0,0,20,35.0,141.55828532031978
2026-09-29 19:40:36,11,13,16,1,2,32,87.0,391.1961578475837
2026-09-29 19:40:48,5,2,5,0,0,7,13.0,40.03274004183786
2026-09-29 19:41:02,5,2,4,1,1,8,25.0,79.9306144334055
2026-09-29 19:41:13,6,3,8,0,0,11,20.0,69.69813299576
2026-09-29 19:41:25,17,8,19,2,0,29,65.0,286.0778298080401
2026-09-29 19:41:37,1,16,3,0,1,20,73.0,295.2501379538098
2026-09-29 19:41:49,2,16,2,2,1,21,86.0,351.82965098881516
2026-09-29 19:42:02,10,14,19,2,1,36,95.0,438.0372017012013
2026-09-29 19:42:15,9,13,17,0,0,30,69.0,305.9451171094751
2026-09-29 19:42:27,3,15,5,0,0,20,65.0,262.89395845202245
2026-09-29 19:42:39,7,13,10,0,0,23,62.0,259.0393374815726
2026-09-29 19:42:51,9,17,7,0,1,25,81.0,344.90581957974
2026-09-29 19:43:04,7,11,11,0,2,24,67.0,282.66468026616946
2026-09-29 19:43:15,13,10,14,1,1,26,67.0,287.82107002229003
2026-09-29 19:43:27,9,7,18,4,3,32,92.0,413.67869565491617
2026-09-29 19:43:40,5,6,6,0,1,13,36.0,131.0060638661493
2026-09-29 19:43:52,0,4,0,0,0,4,16.0,41.75100659894561
2026-09-29 19:44:05,6,10,1,0,0,11,41.0,142.881172641308
2026-09-29 19:44:18,10,2,5,0,0,7,13.0,40.03274004183786
2026-09-29 19:44:30,6,13,13,1,1,28,78.0,340.64907473894505
2026-09-29 19:44:42,1,6,4,2,1,13,48.0,174.6747518215324
2026-09-29 19:44:54,1,11,3,0,2,16,59.0,226.15958729931674
2026-09-29 19:45:06,10,19,16,1,1,37,105.0,486.9465467712705
2026-09-29 19:45:18,4,19,5,0,0,24,81.0,341.7289418143243
2026-09-29 19:45:30,10,19,11,1,0,31,94.0,419.7791748631743
2026-09-29 19:45:45,8,11,12,0,0,23,56.0,233.97101449948494
2026-09-29 19:45:55,11,9,13,0,1,23,55.0,229.792960669137
2026-09-29 19:46:07,7,5,7,0,0,12,27.0,96.25363265146149
2026-09-29 19:46:19,4,10,4,1,3,18,69.0,272.1662895624844
2026-09-29 19:46:32,10,6,12,0,0,18,36.0,141.99980324999186
2026-09-29 19:46:43,4,7,7,0,0,14,35.0,129.78175703857735
2026-09-29 19:46:57,2,3,3,2,3,11,47.0,163.79061254003602
2026-09-29 19:47:07,16,0,12,0,0,12,12.0,42.77939228953844
2026-09-29 19:47:19,13,5,11,3,1,20,58.0,234.58230138795852
2026-09-29 19:47:32,2,9,1,0,1,11,43.0,149.85098594088402
2026-09-29 19:47:44,6,10,6,0,1,17,52.0,202.29933141060056
2026-09-29 19:47:57,0,8,0,0,0,8,32.0,102.31118647475903
2026-09-29 19:48:08,13,8,21,0,0,29,53.0,233.26346122809426
2026-09-29 19:48:20,4,16,4,0,2,22,80.0,330.839537274332
2026-09-29 19:48:32,5,17,8,0,0,25,76.0,323.6153368896326
2026-09-29 19:48:44,13,15,21,0,0,36,81.0,373.48435092418214
2026-09-29 19:48:56,8,14,15,0,1,30,77.0,341.41701474535625
2026-09-29 19:49:09,10,10,11,1,0,22,58.0,239.8586645238907
2026-09-29 19:49:21,6,12,15,0,0,27,63.0,272.9288841410379
2026-09-29 19:49:33,9,7,8,0,0,15,36.0,135.8131940006321
2026-09-29 19:49:45,2,6,7,1,2,16,50.0,191.6606672028108
2026-09-29 19:49:57,1,11,0,0,1,12,50.0,178.24746787307683
2026-09-29 19:50:09,4,4,9,0,0,13,25.0,90.97643324038145
2026-09-29 19:50:21,9,4,15,1,0,20,38.0,153.69185263349004
2026-09-29 19:50:33,7,7,16,0,1,24,50.0,210.94379124341006
2026-09-29 19:50:47,0,9,0,1,1,11,49.0,170.76042583961203
2026-09-29 19:50:58,7,11,8,2,0,21,66.0,270.00880192164885
2026-09-29 19:51:10,15,7,17,3,0,27,66.0,285.9254976715635
2026-09-29 19:51:24,4,18,4,0,1,23,82.0,342.6004140885315
2026-09-29 19:51:34,17,20,13,0,0,33,93.0,420.95152878930304
2026-09-29 19:51:47,13,13,17,0,0,30,69.0,305.9451171094751
2026-09-29 19:51:58,3,14,5,0,0,19,61.0,243.73966868679344
2026-09-29 19:52:10,8,16,9,0,0,25,73.0,310.84104727556814
2026-09-29 19:52:23,7,13,9,0,0,22,61.0,252.26514717167814
2026-09-29 19:52:35,8,14,11,0,0,25,67.0,285.2924680474393
2026-09-29 19:52:47,8,11,9,0,0,20,53.0,214.3596891993414
2026-09-29 19:53:00,2,5,10,0,0,15,30.0,113.17766166719343
2026-09-29 19:53:12,15,11,20,0,0,31,64.0,285.8070977791825
2026-09-29 19:53:23,9,9,5,2,0,16,55.0,210.8267339230919
2026-09-29 19:53:35,0,7,2,3,0,12,51.0,181.8124172305384
2026-09-29 19:53:47,0,9,3,5,0,17,74.0,287.88751008431615
2026-09-29 19:54:00,4,11,0,0,0,11,44.0,153.33589259067202
2026-09-29 19:54:12,12,13,17,1,0,31,76.0,339.39592861277924
2026-09-29 19:54:24,12,24,7,1,0,32,110.0,494.6158317613128
2026-09-29 19:54:36,13,22,11,0,1,34,105.0,478.3115464563884
2026-09-29 19:54:48,13,17,14,1,1,33,95.0,430.0042498385354
2026-09-29 19:55:00,7,19,10,1,0,30,93.0,412.3608100171186
2026-09-29 19:55:12,8,24,3,3,1,31,126.0,562.6827237527656
2026-09-29 19:55:25,7,25,7,1,0,33,114.0,516.0050998062425
2026-09-29 19:55:38,10,18,9,0,0,27,81.0,350.90856532419156
2026-09-29 19:55:50,3,12,4,0,1,17,58.0,225.64156195797753
2026-09-29 19:56:02,2,7,0,0,1,8,34.0,108.70563562943147
2026-09-29 19:56:15,15,4,18,0,0,22,34.0,140.6068033415911
2026-09-29 19:56:27,10,3,13,0,1,17,31.0,120.6015244947811
2026-09-29 19:56:39,6,11,5,1,0,17,56.0,217.8608184421852
2026-09-29 19:56:51,1,11,1,0,0,12,45.0,160.42272108576915
2026-09-29 19:57:03,3,3,7,0,0,10,19.0,64.56001018316904
2026-09-29 19:57:15,11,9,14,2,0,25,64.0,272.5181784333748
2026-09-29 19:57:27,9,25,6,1,1,33,119.0,538.6369024293232
2026-09-29 19:57:39,16,14,15,1,0,30,78.0,345.8510019498414
2026-09-29 19:57:51,9,12,10,4,2,28,98.0,427.9949913386745
2026-09-29 19:58:04,7,11,9,1,2,23,72.0,300.8198757850521
2026-09-29 19:58:16,11,18,11,2,1,32,103.0,463.1402788310474
2026-09-29 19:58:28,15,15,16,0,1,32,82.0,368.7136200402513
2026-09-29 19:58:40,11,18,17,0,0,35,89.0,407.93318552259376
2026-09-29 19:58:52,4,8,3,0,0,11,35.0,121.97173274258002
2026-09-29 19:59:04,0,3,1,0,1,5,19.0,53.04342991533304
2026-09-29 19:59:17,10,5,16,2,0,23,50.0,208.90269151739727
2026-09-29 19:59:28,16,6,16,2,0,24,54.0,227.81929454288286
2026-09-29 19:59:42,0,10,1,0,0,11,41.0,142.881172641308
2026-09-29 19:59:53,3,7,8,2,1,18,56.0,220.88858283332064
2026-09-29 20:00:05,2,10,9,0,0,19,49.0,195.79088140414555
2026-09-29 20:02:55,6,7,12,0,1,20,46.0,186.04803213527742
2026-09-29 20:02:58,0,6,0,1,1,8,37.0,118.29730936144013
2026-09-29 20:03:09,20,5,16,0,1,22,42.0,173.6907570690243
2026-09-29 20:03:22,15,15,20,0,1,36,86.0,396.53894048740324
2026-09-29 20:03:34,6,11,6,1,1,19,63.0,251.73113323390143
2026-09-29 20:03:47,1,9,3,0,0,12,39.0,139.03302494099992
2026-09-29 20:03:58,5,7,13,1,0,21,48.0,196.37003776119917
2026-09-29 20:04:12,4,10,9,1,1,21,62.0,253.6446321082156
2026-09-29 20:04:24,9,5,6,0,1,12,32.0,114.07837943876918
2026-09-29 20:04:36,8,17,13,1,0,31,88.0,392.98475944637596
2026-09-29 20:04:48,4,10,4,0,0,14,44.0,163.15420884849723
2026-09-29 20:05:00,0,8,2,0,0,10,34.0,115.5284392751446
2026-09-29 20:05:12,0,0,1,0,0,1,1.0,1.6931471805599454
2026-09-29 20:05:24,9,2,13,0,3,18,39.0,153.83312018749118
2026-09-29 20:05:36,7,8,10,1,1,20,55.0,222.44873407478823
2026-09-29 20:05:49,2,6,7,2,3,18,63.0,248.49965568748573
2026-09-29 20:06:02,1,17,2,1,0,20,77.0,311.42822770470354
2026-09-29 20:06:13,17,9,35,0,0,44,71.0,341.2730367736927
2026-09-29 20:06:27,12,13,10,3,1,27,89.0,385.5662014055932
2026-09-29 20:06:39,6,15,5,0,2,22,77.0,318.4330546265445
2026-09-29 20:06:51,4,12,4,2,2,20,78.0,315.47275014242695
2026-09-29 20:07:03,5,8,8,0,1,17,46.0,178.95710086322356
2026-09-29 20:07:16,1,6,1,0,0,7,25.0,76.9860385419959
2026-09-29 20:07:28,12,8,12,1,0,21,51.0,208.6431651212741
2026-09-29 20:07:40,7,12,7,0,0,19,55.0,219.7652750454695
2026-09-29 20:07:52,6,6,3,0,0,9,27.0,89.16979751083925
2026-09-29 20:08:04,4,6,9,0,1,16,39.0,149.49532041819242
2026-09-29 20:08:17,7,2,14,0,0,16,22.0,84.33069356923676
2026-09-29 20:08:28,10,10,14,2,0,26,68.0,292.11690688829435
2026-09-29 20:08:40,6,6,8,2,1,17,52.0,202.29933141060056
2026-09-29 20:08:52,7,10,8,0,0,18,48.0,189.33307099998913
2026-09-29 20:09:04,5,2,5,0,0,7,13.0,40.03274004183786
2026-09-29 20:09:16,12,3,27,0,0,30,39.0,172.9255009749207
2026-09-29 20:09:29,11,17,12,0,0,29,80.0,352.0957905329725
2026-09-29 20:09:42,11,11,15,0,1,27,65.0,281.59329316138826
2026-09-29 20:09:53,11,10,14,0,0,24,54.0,227.81929454288286
2026-09-29 20:10:05,3,10,3,1,1,15,56.0,211.26496844542774
2026-09-29 20:10:17,3,12,7,1,2,22,74.0,306.0265719787571
2026-09-29 20:10:29,5,12,9,1,0,22,64.0,264.6716298194656
2026-09-29 20:10:42,1,2,0,0,0,2,8.0,16.78889830934488
2026-09-29 20:10:54,5,0,6,1,0,7,13.0,40.03274004183786
2026-09-29 20:11:06,0,2,0,0,0,2,8.0,16.78889830934488
2026-09-29 20:11:18,5,0,9,1,1,11,22.0,76.66794629533601
2026-09-29 20:11:30,11,7,9,2,0,18,51.0,201.16638793748845
2026-09-29 20:11:42,2,8,7,2,2,19,65.0,259.7225977810094
2026-09-29 20:11:54,3,11,3,1,1,16,60.0,229.99280064337296
2026-09-29 20:12:06,3,6,4,1,0,11,35.0,121.97173274258002
2026-09-29 20:12:18,18,2,24,0,0,26,32.0,137.46677971213853
2026-09-29 20:12:30,12,15,9,0,2,26,81.0,347.96278614635065
2026-09-29 20:12:43,3,18,1,0,1,20,79.0,319.5172725801504
2026-09-29 20:12:55,12,18,15,0,0,33,87.0,393.79336564160604
2026-09-29 20:13:07,2,12,4,0,1,17,58.0,225.64156195797753
2026-09-29 20:13:19,6,5,10,1,1,17,43.0,167.28598558953507
2026-09-29 20:13:31,1,9,2,1,1,13,51.0,185.59192381037818
2026-09-29 20:13:43,14,7,16,2,2,27,70.0,303.2543157122643
2026-09-29 20:13:57,5,10,8,1,1,20,61.0,246.71586870112878
2026-09-29 20:14:07,0,4,0,3,0,7,37.0,113.93933704215392
2026-09-29 20:14:20,4,11,3,1,0,15,54.0,203.7197910009482
2026-09-29 20:14:32,5,6,4,4,0,14,56.0,207.65081126172376
2026-09-29 20:14:44,10,4,6,6,1,17,70.0,272.3260230527315
2026-09-29 20:14:57,4,12,5,3,1,21,80.0,327.2833962686653
2026-09-29 20:15:22,10,12,27,0,1,40,81.0,381.7993374030489
2026-09-29 20:15:32,10,15,9,1,2,27,88.0,381.233996895418
2026-09-29 20:15:45,7,18,6,0,5,29,108.0,475.32931721951286
2026-09-29 20:15:57,5,13,3,0,0,16,55.0,210.8267339230919
2026-09-29 20:16:09,7,11,6,0,0,17,50.0,194.51858789480823
2026-09-29 20:16:21,9,9,12,1,0,22,55.0,227.45218187610323
2026-09-29 20:16:33,7,1,7,1,0,9,18.0,59.44653167389283
2026-09-29 20:16:45,14,7,13,0,0,20,41.0,165.82541994666033
2026-09-29 20:16:57,3,16,5,0,0,21,69.0,282.2819292817238
2026-09-29 20:17:09,1,7,3,0,1,11,37.0,128.941546042156
2026-09-29 20:17:21,10,1,9,0,0,10,13.0,44.17263854637882
2026-09-29 20:17:34,7,7,9,2,0,18,51.0,201.16638793748845
2026-09-29 20:17:46,5,6,5,1,0,12,36.0,128.33817686861534
2026-09-29 20:17:58,12,4,16,1,0,21,39.0,159.55065568097433
2026-09-29 20:18:10,9,13,15,1,1,30,80.0,354.7189763588117
2026-09-29 20:18:22,15,5,26,1,1,33,59.0,267.0552709523535
2026-09-29 20:18:34,8,15,8,0,2,25,80.0,340.64772304171856
2026-09-29 20:18:46,8,14,8,0,3,25,82.0,349.1639161177615
2026-09-29 20:18:58,9,10,7,0,1,18,53.0,209.05526589582132
2026-09-29 20:19:10,6,5,11,0,1,17,37.0,143.94375504215807
2026-09-29 20:19:22,3,5,2,0,3,10,40.0,135.91581091193484
2026-09-29 20:19:35,14,8,19,1,2,30,70.0,310.3791043139602
2026-09-29 20:19:47,3,8,2,0,0,10,34.0,115.5284392751446
2026-09-29 20:19:59,12,8,14,0,1,23,52.0,217.25879917809317
2026-09-29 20:20:12,0,3,0,1,0,4,19.0,49.57932033624791
2026-09-29 20:20:24,6,3,8,0,0,11,20.0,69.69813299576
2026-09-29 20:20:35,9,7,10,2,0,19,52.0,207.77807822480753
2026-09-29 20:20:47,11,6,14,1,0,21,45.0,184.09691040112423
2026-09-29 20:21:00,2,6,6,0,0,12,30.0,106.9484807238461
2026-09-29 20:21:12,4,11,13,0,0,24,57.0,240.47592201748745
2026-09-29 20:21:24,20,10,26,0,1,37,72.0,333.90620350029974
2026-09-29 20:21:36,4,23,12,1,0,36,111.0,511.81188830350885
2026-09-29 20:21:50,1,18,2,1,3,24,99.0,417.6687066619519
2026-09-29 20:22:02,1,6,6,0,2,14,42.0,155.7381084462928
2026-09-29 20:22:14,8,2,9,0,0,11,17.0,59.24341304639601
2026-09-29 20:22:26,10,6,14,0,0,20,38.0,153.69185263349004
2026-09-29 20:22:38,11,5,17,0,3,25,55.0,234.19530959118148
2026-09-29 20:22:50,5,8,7,1,0,16,46.0,176.32781382658595
2026-09-29 20:23:02,2,7,2,0,1,10,36.0,122.32422982074135
2026-09-29 20:23:15,0,6,1,0,4,11,49.0,170.76042583961203
2026-09-29 20:23:27,7,5,9,1,1,16,42.0,160.99496045036108
2026-09-29 20:23:39,19,5,19,1,1,26,52.0,223.38351703222511
2026-09-29 20:23:51,6,5,3,3,1,12,50.0,178.24746787307683
2026-09-29 20:24:03,5,7,9,0,0,16,37.0,141.82889373008
2026-09-29 20:24:15,11,7,18,0,0,25,46.0,195.87244074898817
2026-09-29 20:24:27,18,8,21,0,0,29,53.0,233.26346122809426
2026-09-29 20:24:39,11,15,12,1,3,31,97.0,433.1763825715735
2026-09-29 20:24:51,3,15,1,0,2,18,73.0,287.94404547915013
2026-09-29 20:25:04,7,16,12,0,3,31,94.0,419.7791748631743
2026-09-29 20:25:16,11,9,13,0,2,24,61.0,257.3514253169603
2026-09-29 20:25:28,8,6,6,0,4,16,54.0,206.99352057903567
2026-09-29 20:25:40,5,14,4,2,3,23,92.0,384.38095239201095
2026-09-29 20:25:53,9,10,9,0,1,20,55.0,222.44873407478823
2026-09-29 20:26:04,5,13,6,0,1,20,64.0,258.84943601429904
2026-09-29 20:26:17,1,9,0,0,0,9,36.0,118.89306334778566
2026-09-29 20:26:29,11,2,10,0,0,12,18.0,64.16908843430767
2026-09-29 20:26:41,13,5,10,1,0,16,37.0,141.82889373008
2026-09-29 20:26:53,5,5,11,3,1,20,58.0,234.58230138795852
2026-09-29 20:27:05,13,12,14,1,2,29,81.0,356.49698791463464
2026-09-29 20:27:17,3,14,4,2,2,22,86.0,355.65250256990686
2026-09-29 20:27:29,17,7,32,0,2,41,72.0,341.1122125164025
2026-09-29 20:27:41,4,22,7,2,2,33,121.0,547.6896234785555
2026-09-29 20:27:54,10,11,9,0,1,21,59.0,241.37150474814064
2026-09-29 20:28:06,10,7,13,0,1,21,47.0,192.27899530784086
2026-09-29 20:28:18,8,14,15,0,1,30,77.0,341.41701474535625
2026-09-29 20:28:30,7,12,9,0,0,21,57.0,233.189419841424
2026-09-29 20:28:42,15,11,13,0,2,26,69.0,296.41274375429873
2026-09-29 20:28:54,6,9,12,1,0,22,55.0,227.45218187610323
2026-09-29 20:29:06,4,3,5,0,0,8,17.0,54.352817814715735
2026-09-29 20:29:18,1,7,1,0,1,9,35.0,115.5904782547916
2026-09-29 20:29:30,4,1,16,2,0,19,34.0,135.8548973008357
2026-09-29 20:29:43,11,7,11,2,1,21,59.0,241.37150474814064
2026-09-29 20:29:55,1,12,6,1,2,21,73.0,298.64609909515707
2026-09-29 20:30:07,0,12,2,1,0,15,57.0,215.03755716766753
2026-09-29 20:30:19,1,13,0,1,0,14,59.0,218.7749618650304
2026-09-29 20:30:31,13,5,24,0,0,29,44.0,193.65268479313485
2026-09-29 20:30:43,14,14,13,0,1,28,75.0,327.5471872489856
2026-09-29 20:30:57,10,15,11,1,1,28,84.0,366.85284971886387
2026-09-29 20:31:07,19,10,27,1,1,39,80.0,375.1103563291149
2026-09-29 20:31:19,15,14,20,1,2,37,95.0,440.57068517400666
2026-09-29 20:31:32,3,14,2,1,4,21,89.0,364.1027783488901
2026-09-29 20:31:44,12,11,12,0,0,23,56.0,233.97101449948494
2026-09-29 20:31:57,8,15,10,0,0,25,70.0,298.06675766150374
2026-09-29 20:32:08,6,17,6,0,1,24,80.0,337.51006598945605
2026-09-29 20:32:23,1,11,0,0,0,11,44.0,153.33589259067202
2026-09-29 20:32:32,7,6,11,0,0,17,35.0,136.16301152636575
2026-09-29 20:32:45,7,2,16,1,0,19,31.0,123.86770048017371
2026-09-29 20:32:57,2,7,3,4,1,15,65.0,245.21826694558578
2026-09-29 20:33:09,5,9,14,1,0,24,57.0,240.47592201748745
2026-09-29 20:33:21,2,9,1,0,3,13,55.0,200.14815312883923
2026-09-29 20:33:33,15,6,19,0,3,28,61.0,266.40504562917494
2026-09-29 20:33:45,9,14,9,1,2,26,84.0,360.8502967443636
2026-09-29 20:33:57,6,12,4,0,3,19,70.0,279.70125914877934
2026-09-29 20:34:09,8,16,9,2,3,30,105.0,465.56865647094037
2026-09-29 20:34:21,16,11,19,0,0,30,63.0,279.3411938825642
2026-09-29 20:34:33,14,7,13,0,0,20,41.0,165.82541994666033
2026-09-29 20:34:46,4,13,7,1,1,22,72.0,297.7555835468988
2026-09-29 20:34:58,11,13,11,0,1,25,69.0,293.80866112348224
2026-09-29 20:35:10,6,2,8,0,0,10,16.0,54.36632436477393
2026-09-29 20:35:22,1,12,1,0,0,13,49.0,178.31380915114767
2026-09-29 20:35:34,6,5,12,0,0,17,32.0,124.49189625267726
2026-09-29 20:35:47,17,7,13,1,1,22,54.0,223.31668766017407
2026-09-29 20:35:58,5,5,13,3,0,21,54.0,220.91629248134907
2026-09-29 20:36:10,8,10,9,1,0,20,56.0,226.49325651251166
2026-09-29 20:36:22,5,10,3,0,0,13,43.0,156.4794651734561
2026-09-29 20:36:35,14,14,26,0,3,43,100.0,478.41896339182614
2026-09-29 20:36:47,14,15,11,0,3,29,89.0,391.70656696793185
2026-09-29 20:37:00,10,14,7,0,3,24,81.0,341.7289418143243
2026-09-29 20:37:11,0,6,1,0,4,11,49.0,170.76042583961203
2026-09-29 20:37:23,11,6,17,0,0,23,41.0,171.30020704426576
2026-09-29 20:37:35,4,5,7,1,1,14,40.0,148.3220080440884
2026-09-29 20:37:47,11,7,10,1,0,18,45.0,177.4997540624898
2026-09-29 20:38:00,17,4,13,0,0,17,29.0,112.82078097898876
2026-09-29 20:38:12,1,5,9,0,0,14,29.0,107.53345583196409
2026-09-29 20:38:24,3,7,8,0,0,15,36.0,135.8131940006321
2026-09-29 20:38:36,4,8,3,0,0,11,35.0,121.97173274258002
2026-09-29 20:38:48,7,5,7,5,1,18,68.0,268.2218505833179
2026-09-29 20:39:01,7,11,10,4,0,25,82.0,349.1639161177615
2026-09-29 20:39:12,6,8,4,0,0,12,36.0,128.33817686861534
2026-09-29 20:39:24,6,15,4,0,2,21,76.0,310.91922645523204
2026-09-29 20:39:38,25,7,22,1,0,30,57.0,252.73727065565333
2026-09-29 20:39:50,6,13,5,1,4,23,88.0,367.66873707061916
2026-09-29 20:40:02,9,21,11,0,0,32,95.0,427.16821833931556
2026-09-29 20:40:15,10,11,16,0,0,27,60.0,259.93227061051226
2026-09-29 20:40:27,6,16,8,0,1,25,78.0,332.13152996567555
2026-09-29 20:40:39,6,18,5,0,0,23,77.0,321.7101449367918
2026-09-29 20:40:51,18,7,17,0,2,26,57.0,244.86270136224675
2026-09-29 20:41:03,8,3,11,0,1,15,29.0,109.40507294495366
2026-09-29 20:41:15,4,6,4,2,1,13,48.0,174.6747518215324
2026-09-29 20:41:27,0,5,0,0,3,8,38.0,121.49453393877634
2026-09-29 20:41:39,2,0,5,2,2,9,31.0,102.38013788281542
2026-09-29 20:41:51,8,6,17,2,2,27,67.0,290.2577021817387
2026-09-29 20:42:03,10,11,13,3,2,29,90.0,396.10776434959405
2026-09-29 20:42:17,0,11,3,1,1,16,60.0,229.99280064337296
2026-09-29 20:42:28,3,5,7,0,2,14,39.0,144.6139578429862
2026-09-29 20:42:40,16,7,21,0,3,31,67.0,299.20430548758173
2026-09-29 20:42:52,18,11,12,2,2,27,82.0,355.24076983436674
2026-09-29 20:43:04,4,6,3,1,0,10,34.0,115.5284392751446
2026-09-29 20:43:17,10,7,19,0,1,27,53.0,229.60683903928583
2026-09-29 20:43:28,7,7,8,0,0,15,36.0,135.8131940006321
2026-09-29 20:43:40,6,7,6,3,0,16,55.0,210.8267339230919
2026-09-29 20:43:53,9,7,13,0,1,21,47.0,192.27899530784086
2026-09-29 20:44:04,7,5,5,0,1,11,31.0,108.03210614342801
2026-09-29 20:44:17,4,4,2,2,2,10,44.0,149.5073920031283
2026-09-29 20:44:29,0,1,1,0,0,2,5.0,10.493061443340551
2026-09-29 20:44:41,12,0,13,0,0,13,13.0,47.30774528499836
2026-09-29 20:44:53,16,3,15,1,0,19,34.0,135.8548973008357
2026-09-29 20:45:05,1,4,2,0,0,6,18.0,53.026382682995646
2026-09-29 20:45:17,4,11,5,0,0,16,49.0,187.82745385875458
2026-09-29 20:45:30,4,9,5,0,0,14,41.0,152.03005824519062
2026-09-29 20:45:42,12,2,21,0,2,25,41.0,174.58195805888076
2026-09-29 20:45:53,11,11,10,2,0,23,68.0,284.1076604636603
2026-09-29 20:46:06,4,14,5,1,2,22,80.0,330.839537274332
2026-09-29 20:46:18,6,10,3,0,0,13,43.0,156.4794651734561
2026-09-29 20:46:30,8,13,7,0,0,20,59.0,238.62682382568192
2026-09-29 20:46:43,9,17,12,2,4,35,118.0,540.855234737821
2026-09-29 20:46:54,5,7,1,0,1,9,35.0,115.5904782547916
2026-09-29 20:47:06,9,6,6,0,0,12,30.0,106.9484807238461
2026-09-29 20:47:18,4,5,5,1,0,11,32.0,111.51701279321601
2026-09-29 20:47:31,0,1,0,0,0,1,4.0,6.772588722239782
2026-09-29 20:47:43,11,1,19,0,0,20,23.0,93.02401606763871
2026-09-29 20:47:55,9,5,21,0,0,26,41.0,176.1293115061775
2026-09-29 20:48:08,9,13,15,1,0,29,74.0,325.6886062429995
2026-09-29 20:48:19,1,13,2,1,0,16,61.0,233.82601398742918
2026-09-29 20:48:31,9,10,4,0,0,14,44.0,163.15420884849723
2026-09-29 20:48:44,12,10,15,0,2,27,67.0,290.2577021817387
2026-09-29 20:48:55,13,17,21,0,0,38,89.0,415.05698650553853
2026-09-29 20:49:08,14,14,15,0,0,29,71.0,312.4850140980131
2026-09-29 20:49:20,12,8,13,0,0,21,45.0,184.09691040112423
2026-09-29 20:49:32,4,10,6,0,1,17,52.0,202.29933141060056
2026-09-29 20:49:44,4,8,3,0,0,11,35.0,121.97173274258002
2026-09-29 20:49:57,2,13,4,0,0,17,56.0,217.8608184421852
2026-09-29 20:50:08,9,9,6,0,0,15,42.0,158.4487263340708
2026-09-29 20:50:21,2,9,3,0,0,12,39.0,139.03302494099992
2026-09-29 20:50:32,0,0,0,0,0,0,0.0,0.0
2026-09-29 20:50:45,6,1,20,0,0,21,24.0,98.18501888059959
2026-09-29 20:50:57,11,4,11,3,0,18,48.0,189.33307099998913
2026-09-29 20:51:09,11,11,12,2,1,26,76.0,326.48360181632904
2026-09-29 20:51:21,1,13,3,0,0,16,55.0,210.8267339230919
2026-09-29 20:51:33,3,8,5,0,1,14,43.0,159.44615864739504
2026-09-29 20:51:47,7,8,10,0,1,19,48.0,191.79514913059157
2026-09-29 20:51:59,9,13,8,0,1,22,66.0,272.9426182513239
2026-09-29 20:52:11,5,19,5,0,1,25,87.0,370.4543988078689
2026-09-29 20:52:23,1,16,3,0,3,22,85.0,351.5170083539777
2026-09-29 20:52:35,3,9,5,0,1,15,47.0,177.31166994526973
2026-09-29 20:52:47,3,11,5,0,0,16,49.0,187.82745385875458
2026-09-29 20:53:00,8,6,14,0,0,20,38.0,153.69185263349004
2026-09-29 20:53:11,7,6,8,1,1,16,45.0,172.49460048252973
2026-09-29 20:53:24,6,3,4,1,0,8,23.0,73.53616527873305
2026-09-29 20:53:36,0,3,0,0,0,3,12.0,28.63553233343869
2026-09-29 20:53:48,9,3,17,0,0,20,29.0,117.29115069397926
2026-09-29 20:54:00,13,6,10,4,2,22,74.0,306.0265719787571
2026-09-29 20:54:12,6,9,9,1,2,21,64.0,261.8267170149322
2026-09-29 20:54:24,4,9,5,3,1,18,68.0,268.2218505833179
2026-09-29 20:54:36,1,6,8,3,0,17,53.0,206.18970316849672
2026-09-29 20:54:50,9,8,16,0,2,26,60.0,257.7502119602598
2026-09-29 20:55:02,3,13,1,0,1,15,59.0,222.58273461214708
2026-09-29 20:55:17,7,13,3,0,1,17,61.0,237.31267723166604
2026-09-29 20:55:27,3,5,4,0,2,11,36.0,125.45663939236802
2026-09-29 20:55:39,13,8,15,0,1,24,53.0,223.60041871801465
2026-09-29 20:55:51,4,7,5,0,0,12,33.0,117.64332879623072
2026-09-29 20:56:03,13,8,14,0,1,23,52.0,217.25879917809317
2026-09-29 20:56:17,14,19,13,0,0,32,89.0,400.1891729705167
2026-09-29 20:56:27,4,7,1,0,1,9,35.0,115.5904782547916
2026-09-29 20:56:39,2,0,0,0,0,0,0.0,0.0
2026-09-29 20:56:52,7,1,19,2,1,23,43.0,179.65631470496166
2026-09-29 20:57:04,8,5,5,6,2,18,79.0,311.6106793541488
2026-09-29 20:57:16,6,4,6,1,3,14,47.0,174.27835945180388
2026-09-29 20:57:28,1,6,3,0,0,9,27.0,89.16979751083925
2026-09-29 20:57:40,10,6,12,0,0,18,36.0,141.99980324999186
2026-09-29 20:57:52,10,9,15,0,2,26,63.0,270.63772255827274
2026-09-29 20:58:04,2,18,1,2,5,26,117.0,502.61291332250653
2026-09-29 20:58:18,5,12,3,1,1,17,64.0,248.98379250535453
2026-09-29 20:58:32,6,7,5,0,0,12,33.0,117.64332879623072
2026-09-29 20:58:42,12,8,17,0,1,26,55.0,236.2710276302381
2026-09-29 20:58:54,6,11,5,1,2,19,68.0,271.7097946016714
2026-09-29 20:59:06,15,9,17,0,0,26,53.0,227.67935389822944
2026-09-29 20:59:18,12,14,8,3,0,25,85.0,361.9382057318259
2026-09-29 20:59:32,1,5,1,0,0,6,21.0,61.864113130161584
2026-09-29 20:59:42,5,2,0,0,0,2,8.0,16.78889830934488
2026-09-29 20:59:55,12,3,14,1,0,18,33.0,130.16648631249254
2026-09-29 21:00:07,2,7,2,0,0,9,30.0,99.07755278982138
2026-09-29 21:00:19,8,11,13,3,2,29,90.0,396.10776434959405
2026-09-29 21:00:32,3,12,7,0,0,19,55.0,219.7652750454695
2026-09-29 21:00:43,15,10,15,0,1,26,61.0,262.0460488262641
2026-09-29 21:00:56,17,7,18,0,3,28,64.0,279.5069331191344
2026-09-29 21:01:08,5,15,4,0,3,22,82.0,339.1105257061903
2026-09-29 21:01:20,6,8,5,0,3,16,55.0,210.8267339230919
2026-09-29 21:01:32,9,4,15,0,1,20,37.0,149.64733019576664
2026-09-29 21:01:44,7,4,10,0,0,14,26.0,96.40930522865746
2026-09-29 21:01:57,8,8,9,1,0,18,48.0,189.33307099998913
2026-09-29 21:02:08,6,6,8,2,4,20,70.0,283.11657064063957
2026-09-29 21:02:21,11,11,12,0,2,25,68.0,289.55056458546073
2026-09-29 21:02:32,1,4,0,1,0,5,23.0,64.21046779224527
2026-09-29 21:02:45,0,2,0,0,1,3,14.0,33.40812105567847
2026-09-29 21:02:56,10,2,16,0,1,19,30.0,119.87196820661973
2026-09-29 21:03:09,18,9,16,4,1,30,86.0,381.32289958572255
2026-09-29 21:03:21,5,3,8,5,1,17,61.0,237.31267723166604
2026-09-29 21:03:33,1,1,2,2,0,5,20.0,55.8351893845611
2026-09-29 21:03:47,12,3,9,1,0,13,28.0,101.89360522922723
2026-09-29 21:03:57,13,9,13,0,0,22,49.0,202.63921658052834
2026-09-29 21:04:09,8,9,9,0,5,23,75.0,313.3540372760959
2026-09-29 21:04:21,12,8,10,0,1,19,48.0,191.79514913059157
2026-09-29 21:04:33,12,4,16,0,0,20,32.0,129.42471800714952
2026-09-29 21:04:46,5,3,7,0,2,12,31.0,110.51343008130763
2026-09-29 21:04:58,6,4,7,0,0,11,23.0,80.15285294512401
2026-09-29 21:05:10,10,11,17,2,1,31,81.0,361.72460812677787
2026-09-29 21:05:22,17,11,13,0,1,25,63.0,268.2600818953533
2026-09-29 21:05:34,2,12,3,0,0,15,51.0,192.40202483422883
2026-09-29 21:05:47,4,6,3,0,0,9,27.0,89.16979751083925
2026-09-29 21:05:58,11,9,16,2,0,27,66.0,285.9254976715635
2026-09-29 21:06:12,9,6,13,1,1,21,50.0,204.5521226679158
2026-09-29 21:06:23,12,6,15,3,0,24,60.0,253.13254949209207
2026-09-29 21:06:35,5,10,2,2,0,14,56.0,207.65081126172376
2026-09-29 21:06:47,15,5,19,0,0,24,39.0,164.53615716985985
2026-09-29 21:07:00,4,12,8,0,1,21,62.0,253.6446321082156
2026-09-29 21:07:11,6,5,4,0,0,9,24.0,79.2620422318571
2026-09-29 21:07:23,12,1,9,2,0,12,27.0,96.25363265146149
2026-09-29 21:07:35,7,6,10,0,1,17,40.0,155.6148703158466
2026-09-29 21:07:52,6,7,9,0,4,20,61.0,246.71586870112878
2026-09-29 21:07:59,14,8,13,3,4,28,90.0,393.0566246987827
2026-09-29 21:08:12,17,3,13,0,1,17,31.0,120.6015244947811
2026-09-29 21:08:28,17,7,23,1,1,32,64.0,287.7764839338547
2026-09-29 21:08:36,11,3,7,0,1,11,25.0,87.12266624470001
2026-09-29 21:08:48,0,1,3,0,0,4,7.0,18.266065387038704
2026-09-29 21:09:02,9,6,11,1,0,18,42.0,165.6664371249905
2026-09-29 21:09:12,8,9,14,0,3,26,68.0,292.11690688829435
2026-09-29 21:09:24,10,7,14,3,0,24,63.0,265.7891769666967
2026-09-29 21:09:37,3,11,5,0,1,17,55.0,213.97044668428904
2026-09-29 21:09:49,13,1,14,0,0,15,18.0,67.90659700031605
2026-09-29 21:10:02,15,14,18,0,0,32,74.0,332.7415595485195
2026-09-29 21:10:16,13,19,11,0,0,30,87.0,385.7568867902077
2026-09-29 21:10:27,11,7,9,0,1,17,43.0,167.28598558953507
2026-09-29 21:10:37,7,6,9,0,0,15,33.0,124.49542783391277
2026-09-29 21:10:49,8,12,13,1,0,26,68.0,292.11690688829435
2026-09-29 21:11:02,16,14,18,1,0,33,81.0,366.6352024939091
2026-09-29 21:11:14,10,12,9,0,2,23,69.0,288.28571429400824
2026-09-29 21:11:26,7,10,11,0,1,22,57.0,235.72317030796154
2026-09-29 21:11:38,2,11,1,0,1,13,51.0,185.59192381037818
2026-09-29 21:11:52,1,5,0,0,0,5,20.0,55.8351893845611
2026-09-29 21:12:02,9,4,9,2,0,15,39.0,147.13096016735147
2026-09-29 21:12:15,13,4,16,1,0,21,39.0,159.55065568097433
2026-09-29 21:12:26,2,9,4,1,1,15,53.0,199.9472022787084
2026-09-29 21:12:38,5,10,2,0,2,14,54.0,200.23471085951934
2026-09-29 21:12:51,16,4,16,0,0,20,32.0,129.42471800714952
2026-09-29 21:13:03,3,15,4,0,2,21,76.0,310.91922645523204
2026-09-29 21:13:17,4,16,1,3,2,22,98.0,405.2784331610567
2026-09-29 21:13:27,12,18,8,1,6,33,123.0,556.7423445277878
2026-09-29 21:13:39,10,14,10,0,5,29,96.0,422.51494863956697
2026-09-29 21:13:51,5,12,8,0,3,23,74.0,309.17598344574793
2026-09-29 21:14:03,9,7,10,0,2,19,50.0,199.78661367769953
2026-09-29 21:14:15,8,12,9,3,2,26,90.0,386.6253179403896
2026-09-29 21:14:30,8,4,6,0,1,11,28.0,97.577386194064
2026-09-29 21:14:40,2,1,4,1,0,6,15.0,44.1886522358297
2026-09-29 21:14:52,0,2,1,0,1,4,15.0,39.141568686511505
2026-09-29 21:15:04,13,4,16,1,0,21,39.0,159.55065568097433
2026-09-29 21:15:17,11,9,18,2,0,29,68.0,299.2814219530266
2026-09-29 21:15:28,7,8,12,0,0,20,44.0,177.9589872598306
2026-09-29 21:15:42,2,14,4,2,0,20,74.0,299.2946603915333
2026-09-29 21:15:52,12,14,19,0,0,33,75.0,339.4770393462121
2026-09-29 21:16:06,9,9,12,1,7,29,97.0,426.9161460212291
2026-09-29 21:16:20,11,18,9,0,3,30,99.0,438.9647332440295
2026-09-29 21:16:29,8,6,5,1,2,14,48.0,177.98640965290608
2026-09-29 21:16:41,12,4,12,0,0,16,28.0,107.32997363357406
2026-09-29 21:16:53,13,6,16,2,0,24,54.0,227.81929454288286
2026-09-29 21:17:05,10,14,12,1,0,27,75.0,324.9153382631403
2026-09-29 21:17:17,6,7,1,0,1,9,35.0,115.5904782547916
2026-09-29 21:17:32,9,5,13,0,3,21,51.0,208.6431651212741
2026-09-29 21:17:41,4,0,1,0,1,2,7.0,14.69028602067677
2026-09-29 21:17:54,5,0,0,0,0,0,0.0,0.0
2026-09-29 21:18:06,9,5,9,0,1,15,35.0,132.04060527839235
2026-09-29 21:18:18,3,8,7,1,0,16,46.0,176.32781382658595
2026-09-29 21:18:30,11,7,7,1,4,19,66.0,263.7183300545634
2026-09-29 21:18:42,3,10,0,2,4,16,78.0,298.99064083638484
2026-09-29 21:18:54,14,0,11,0,0,11,11.0,38.333973147668004
2026-09-29 21:19:06,11,8,19,2,1,30,71.0,314.8130915184454
2026-09-29 21:19:18,6,14,5,0,5,24,91.0,383.9177000630063
2026-09-29 21:19:30,10,6,13,0,0,19,37.0,147.84209412149767
2026-09-29 21:19:43,11,6,7,0,0,13,31.0,112.81077721807301
2026-09-29 21:19:55,6,10,11,0,0,21,51.0,208.6431651212741
2026-09-29 21:20:07,12,15,18,0,1,34,84.0,382.6492371651107
2026-09-29 21:20:19,11,8,10,0,0,18,42.0,165.6664371249905
2026-09-29 21:20:31,9,9,6,1,0,16,49.0,187.82745385875458
2026-09-29 21:20:43,2,2,3,0,1,6,17.0,50.08047253394033
2026-09-29 21:20:56,1,1,0,0,0,1,4.0,6.772588722239782
2026-09-29 21:21:07,16,6,22,0,1,29,52.0,228.8622638464321
2026-09-29 21:21:20,4,6,9,2,2,19,59.0,235.74820413968547
2026-09-29 21:21:33,3,12,5,0,1,18,59.0,232.72189977082
2026-09-29 21:21:44,8,12,8,1,2,23,75.0,313.3540372760959
2026-09-29 21:21:56,11,2,11,1,1,15,32.0,120.722839111673
2026-09-29 21:22:08,14,13,9,1,0,23,68.0,284.1076604636603
2026-09-29 21:22:20,19,9,14,0,3,26,68.0,292.11690688829435
2026-09-29 21:22:32,6,10,3,0,2,15,55.0,207.49237972318795
2026-09-29 21:22:44,10,5,12,0,0,17,32.0,124.49189625267726
2026-09-29 21:22:57,7,7,4,0,1,12,38.0,135.4680755835384
2026-09-29 21:23:09,5,13,10,2,2,27,88.0,381.233996895418
2026-09-29 21:23:21,3,9,7,2,3,21,75.0,306.8281840018737
2026-09-29 21:23:33,6,8,8,0,0,16,40.0,153.32853376224864
2026-09-29 21:23:47,1,10,3,0,0,13,43.0,156.4794651734561
2026-09-29 21:23:57,0,1,0,0,0,1,4.0,6.772588722239782
2026-09-29 21:24:09,11,1,12,0,0,13,16.0,58.224917273844135
2026-09-29 21:24:21,9,6,13,1,1,21,50.0,204.5521226679158
2026-09-29 21:24:33,1,7,1,2,0,10,43.0,146.10949673032994
2026-09-29 21:24:46,5,7,9,0,0,16,37.0,141.82889373008
2026-09-29 21:25:02,20,2,20,0,0,22,28.0,115.79383804601619
2026-09-29 21:25:10,19,4,15,1,4,24,62.0,261.57030114182845
2026-09-29 21:25:24,8,17,9,0,2,28,89.0,388.6893288687962
2026-09-29 21:25:36,2,17,3,1,2,23,90.0,376.02484473131506
2026-09-29 21:25:48,6,12,8,1,5,26,93.0,399.51282853840263
2026-09-29 21:26:00,7,6,7,0,0,13,31.0,112.81077721807301
2026-09-29 21:26:12,2,5,2,0,2,9,34.0,112.28789316179756
2026-09-29 21:26:24,1,7,5,0,3,15,51.0,192.40202483422883
2026-09-29 21:26:36,8,6,5,0,0,11,29.0,101.062292843852
2026-09-29 21:26:48,1,1,0,0,0,1,4.0,6.772588722239782
2026-09-29 21:27:02,4,1,1,0,0,2,5.0,10.493061443340551
2026-09-29 21:27:13,11,5,6,1,1,13,39.0,141.92323585499508
2026-09-29 21:27:25,6,3,9,0,1,13,27.0,98.25454789961198
2026-09-29 21:27:37,1,11,3,1,0,15,54.0,203.7197910009482
2026-09-29 21:27:49,17,6,21,3,1,31,72.0,321.53298500158036
2026-09-29 21:28:01,20,2,34,0,0,36,42.0,193.6585523310574
2026-09-29 21:28:17,8,9,17,0,1,27,59.0,255.60006610033705
2026-09-29 21:28:25,3,20,1,0,1,22,87.0,359.787996785836
2026-09-29 21:28:38,11,15,8,0,0,23,68.0,284.1076604636603
2026-09-29 21:28:50,9,12,10,2,1,25,78.0,332.13152996567555
2026-09-29 21:29:02,10,11,14,0,0,25,58.0,246.96959920524594
2026-09-29 21:29:18,14,10,14,1,2,27,73.0,316.25092924278994
2026-09-29 21:29:27,11,4,12,1,1,18,41.0,161.72199814582405
2026-09-29 21:29:40,19,4,20,0,0,24,36.0,151.87952969525523
2026-09-29 21:29:51,3,1,3,0,0,4,7.0,18.266065387038704
2026-09-29 21:30:04,3,0,2,0,0,2,2.0,4.19722457733622
2026-09-29 21:30:16,12,3,13,3,1,20,52.0,210.31516676161797
2026-09-29 21:30:27,7,6,11,1,1,19,48.0,191.79514913059157
2026-09-29 21:30:40,3,8,6,0,0,14,38.0,140.90590764188397
2026-09-29 21:30:53,5,7,4,0,0,11,32.0,111.51701279321601
2026-09-29 21:31:03,21,2,21,0,1,24,35.0,147.66065387038702
2026-09-29 21:31:17,7,10,11,3,1,25,78.0,332.13152996567555
2026-09-29 21:31:30,6,17,2,1,2,22,89.0,368.0589852176943
2026-09-29 21:31:41,4,15,5,0,0,20,65.0,262.89395845202245
2026-09-29 21:31:53,1,10,3,0,2,15,55.0,207.49237972318795
2026-09-29 21:32:05,4,11,4,0,3,18,66.0,260.3329726249851
2026-09-29 21:32:17,3,11,4,1,2,18,67.0,264.2774116041515
2026-09-29 21:32:32,7,7,16,0,1,24,50.0,210.94379124341006
2026-09-29 21:32:42,9,7,12,1,1,21,53.0,216.82525002799076
2026-09-29 21:32:54,1,7,2,1,1,11,43.0,149.85098594088402
2026-09-29 21:33:08,17,0,18,2,0,20,32.0,129.42471800714952
2026-09-29 21:33:20,8,5,12,2,0,19,46.0,183.80368458348357
2026-09-29 21:33:32,0,11,1,2,2,16,71.0,272.15814742799137
2026-09-29 21:33:45,14,11,12,3,1,27,83.0,359.57297434454193
2026-09-29 21:33:56,16,12,20,0,2,34,80.0,364.427844919153
2026-09-29 21:34:09,15,16,9,0,2,27,85.0,368.23738336489237
2026-09-29 21:34:20,10,24,4,2,1,31,120.0,535.8883083359673
2026-09-29 21:34:32,5,11,6,0,0,17,50.0,194.51858789480823
2026-09-29 21:34:44,5,4,6,0,0,10,22.0,74.75369600156415
2026-09-29 21:34:58,5,5,8,1,1,15,41.0,154.67613761183102
2026-09-29 21:35:09,4,7,6,1,1,15,47.0,177.31166994526973
2026-09-29 21:35:21,5,10,5,0,0,15,45.0,169.76649250079015
2026-09-29 21:35:34,7,14,16,0,0,30,72.0,319.24707872293055
2026-09-29 21:35:45,10,14,12,3,2,31,101.0,451.0393261827724
2026-09-29 21:35:57,6,8,6,0,1,15,44.0,165.99390377855036
2026-09-29 21:36:09,1,7,0,0,0,7,28.0,86.2243631670354
2026-09-29 21:36:22,6,5,2,0,0,7,22.0,67.74771391695639
2026-09-29 21:36:33,7,8,6,0,0,14,38.0,140.90590764188397
2026-09-29 21:36:46,2,12,5,0,0,17,53.0,206.18970316849672
2026-09-29 21:36:58,15,14,19,0,2,35,87.0,398.76614764568154
2026-09-29 21:37:10,3,9,4,7,4,24,113.0,476.7329682101067
2026-09-29 21:37:22,5,12,7,2,2,23,81.0,338.4223602581836
2026-09-29 21:37:34,7,3,8,0,2,13,32.0,116.44983454768827
2026-09-29 21:37:46,3,1,2,0,1,4,12.0,31.313254949209206
2026-09-29 21:37:58,8,3,7,1,0,11,26.0,90.60757289448802
2026-09-29 21:38:12,7,6,13,0,1,20,43.0,173.91446482210716
2026-09-29 21:38:22,7,6,9,0,1,16,39.0,149.49532041819242
2026-09-29 21:38:35,16,1,26,0,0,27,30.0,129.96613530525613
2026-09-29 21:38:47,1,18,1,0,0,19,73.0,291.68845596944135
2026-09-29 21:38:59,13,13,11,0,1,25,69.0,293.80866112348224
2026-09-29 21:39:11,12,10,19,0,1,30,65.0,288.2091682915345
2026-09-29 21:39:23,0,8,0,0,0,8,32.0,102.31118647475903
2026-09-29 21:39:36,1,13,6,0,0,19,58.0,231.75247186613146
2026-09-29 21:39:47,9,9,9,2,1,21,65.0,265.91775946829057
2026-09-29 21:40:00,5,9,8,0,0,17,44.0,171.17635734743124
2026-09-29 21:40:12,18,2,22,0,0,24,30.0,126.56627474604603
2026-09-29 21:40:24,11,17,5,1,2,25,92.0,391.74488149797634
2026-09-29 21:40:36,7,14,6,0,1,21,68.0,278.1908868283655
2026-09-29 21:40:48,5,9,6,0,1,16,48.0,183.9942405146984
2026-09-29 21:41:00,1,2,2,0,0,4,10.0,26.094379124341003
2026-09-29 21:41:16,13,0,21,0,1,22,27.0,111.65834383008703
2026-09-29 21:41:24,8,6,6,1,1,14,43.0,159.44615864739504
2026-09-29 21:41:37,1,5,2,0,0,7,22.0,67.74771391695639
2026-09-29 21:41:49,10,10,14,3,0,27,75.0,324.9153382631403
2026-09-29 21:42:01,10,11,14,0,1,26,64.0,274.93355942427706
2026-09-29 21:42:13,9,21,8,1,1,31,105.0,468.90226979397136
2026-09-29 21:42:25,8,10,5,0,0,15,45.0,169.76649250079015
2026-09-29 21:42:37,3,5,0,0,1,6,26.0,76.59366387543815
2026-09-29 21:42:50,15,4,16,5,0,25,67.0,285.2924680474393
2026-09-29 21:43:03,3,6,10,0,0,16,34.0,130.32925369791135
2026-09-29 21:43:14,0,0,1,0,0,1,1.0,1.6931471805599454
2026-09-29 21:43:26,13,10,16,0,2,28,68.0,296.9761164390803
2026-09-29 21:43:38,14,13,16,0,5,34,98.0,446.4241100259625
2026-09-29 21:43:50,10,18,8,0,4,30,104.0,461.1346692664552
2026-09-29 21:44:02,3,9,2,0,2,13,50.0,181.9528664807629
2026-09-29 21:44:15,2,1,0,0,2,3,16.0,38.18070977791825
2026-09-29 21:44:27,11,3,5,0,1,9,23.0,75.95945713886306
2026-09-29 21:44:38,4,11,4,1,0,16,55.0,210.8267339230919
2026-09-29 21:44:51,4,4,5,0,0,9,21.0,69.35428695287496
2026-09-29 21:45:03,12,15,7,1,1,24,80.0,337.51006598945605
2026-09-29 21:45:15,8,14,4,0,0,18,60.0,236.6663387499864
2026-09-29 21:45:27,3,9,5,0,1,15,47.0,177.31166994526973
2026-09-29 21:45:39,2,7,3,0,1,11,37.0,128.941546042156
2026-09-29 21:45:51,9,2,8,0,0,10,16.0,54.36632436477393
2026-09-29 21:46:05,10,5,14,0,0,19,34.0,135.8548973008357
2026-09-29 21:46:17,3,4,2,0,0,6,18.0,53.026382682995646
2026-09-29 21:46:29,8,1,22,1,0,24,33.0,139.22290222065064
2026-09-29 21:46:41,10,10,10,0,1,21,56.0,229.0983773880657
2026-09-29 21:46:53,4,14,9,1,2,26,84.0,360.8502967443636
2026-09-29 21:47:05,8,9,10,0,0,19,46.0,183.80368458348357
2026-09-29 21:47:17,4,15,2,0,1,18,68.0,268.2218505833179
2026-09-29 21:47:30,16,4,18,0,0,22,34.0,140.6068033415911
2026-09-29 21:47:43,6,11,2,0,0,13,46.0,167.3966371623019
2026-09-29 21:47:54,3,6,6,0,1,13,36.0,131.0060638661493
2026-09-29 21:48:06,18,2,26,0,0,28,34.0,148.48805821954014
2026-09-29 21:48:18,4,19,6,0,1,26,88.0,378.03364420838096
2026-09-29 21:48:32,2,12,2,1,4,19,81.0,323.6543141578733
2026-09-29 21:48:42,5,9,5,1,2,17,60.0,233.42230547376988
2026-09-29 21:48:55,0,5,0,0,0,5,20.0,55.8351893845611
2026-09-29 21:49:06,17,4,13,3,1,21,56.0,229.0983773880657
2026-09-29 21:49:19,6,8,9,3,0,20,62.0,250.76039113885219
2026-09-29 21:49:31,1,9,6,0,0,15,42.0,158.4487263340708
2026-09-29 21:49:43,13,6,26,0,2,34,62.0,282.4315798123436
2026-09-29 21:49:55,11,12,16,0,1,29,70.0,308.0838167163509
2026-09-29 21:50:07,8,15,8,0,0,23,68.0,284.1076604636603
2026-09-29 21:50:19,3,8,5,0,0,13,37.0,134.64512119576457
2026-09-29 21:50:32,2,4,1,0,0,5,17.0,47.459910976876934
2026-09-29 21:50:44,15,11,9,0,1,21,59.0,241.37150474814064
2026-09-29 21:50:56,7,11,8,0,0,19,52.0,207.77807822480753
2026-09-29 21:51:08,6,4,6,0,0,10,22.0,74.75369600156415
2026-09-29 21:51:20,12,14,12,1,2,29,87.0,382.90417220460756
2026-09-29 21:51:32,5,18,2,2,1,23,94.0,392.73706005270685
2026-09-29 21:51:45,7,8,4,0,0,12,36.0,128.33817686861534
2026-09-29 21:51:56,4,7,0,1,1,9,41.0,135.40598881275588
2026-09-29 21:52:10,1,1,1,0,0,2,5.0,10.493061443340551
2026-09-29 21:52:22,9,6,11,0,0,17,35.0,136.16301152636575
2026-09-29 21:52:34,7,8,8,1,0,17,47.0,182.84747262111972
2026-09-29 21:52:46,15,3,25,0,0,28,37.0,161.58994570949955
2026-09-29 21:52:59,11,12,17,0,0,29,65.0,286.0778298080401
2026-09-29 21:53:12,9,16,12,1,2,31,95.0,424.24491076597405
2026-09-29 21:53:23,8,9,9,1,3,22,70.0,289.48459511504046
2026-09-29 21:53:35,0,5,0,0,0,5,20.0,55.8351893845611
2026-09-29 21:53:47,9,2,2,0,0,4,10.0,26.094379124341003
2026-09-29 21:54:02,12,5,12,2,0,19,46.0,183.80368458348357
2026-09-29 21:54:12,6,3,9,2,0,14,35.0,129.78175703857735
2026-09-29 21:54:23,19,4,21,0,1,26,43.0,184.72098523818616
2026-09-29 21:54:35,10,8,13,0,1,22,51.0,210.91020501238663
2026-09-29 21:54:48,5,8,7,0,2,17,51.0,198.4089596527044
2026-09-29 21:55:00,11,5,12,0,0,17,32.0,124.49189625267726
2026-09-29 21:55:12,4,2,4,0,0,6,12.0,35.35092178866376
2026-09-29 21:55:24,9,4,10,1,0,15,33.0,124.49542783391277
2026-09-29 21:55:36,8,9,7,1,0,17,50.0,194.51858789480823
2026-09-29 21:55:48,5,13,2,2,1,18,74.0,291.88848445831655
2026-09-29 21:56:02,13,6,24,0,0,30,48.0,212.83138581528704
2026-09-29 21:56:13,3,15,8,0,3,26,86.0,369.4419704763723
2026-09-29 21:56:24,2,16,8,0,2,26,84.0,360.8502967443636
2026-09-29 21:56:37,5,5,5,0,1,11,31.0,108.03210614342801
2026-09-29 21:56:49,0,0,0,0,0,0,0.0,0.0
2026-09-29 21:57:02,17,7,16,0,0,23,44.0,183.83436853530958
2026-09-29 21:57:13,5,13,3,0,1,17,61.0,237.31267723166604
2026-09-29 21:57:25,4,5,7,0,0,12,27.0,96.25363265146149
2026-09-29 21:57:37,14,5,20,0,1,26,46.0,197.60849583619915
2026-09-29 21:57:49,12,13,14,1,4,32,97.0,436.16123346224856
2026-09-29 21:58:02,10,12,13,0,0,25,61.0,259.74388881931037
2026-09-29 21:58:14,11,11,15,0,4,30,83.0,368.0209379722671
2026-09-29 21:58:27,1,4,1,0,0,5,17.0,47.459910976876934
2026-09-29 21:58:40,7,0,8,0,0,8,8.0,25.577796618689757
2026-09-29 21:58:52,9,2,6,1,0,9,21.0,69.35428695287496
2026-09-29 21:59:04,3,0,1,1,1,3,14.0,33.40812105567847
2026-09-29 21:59:16,10,10,20,0,0,30,60.0,266.03923226910877
2026-09-29 21:59:28,2,12,9,1,0,22,64.0,264.6716298194656
2026-09-29 21:59:40,0,14,3,0,0,17,59.0,229.53193371587372
2026-09-29 21:59:52,0,4,0,0,0,4,16.0,41.75100659894561
2026-09-29 22:00:04,5,2,6,0,0,8,14.0,44.76114408270708
2026-09-29 22:00:18,11,0,6,4,0,10,34.0,115.5284392751446
2026-09-29 22:00:29,4,5,9,0,0,14,29.0,107.53345583196409
2026-09-29 22:00:41,17,1,20,0,0,21,24.0,98.18501888059959
2026-09-29 22:00:54,10,7,8,3,2,20,69.0,279.07204820291616
2026-09-29 22:01:07,6,11,10,2,3,26,86.0,369.4419704763723
2026-09-29 22:01:18,6,14,6,1,0,21,69.0,282.2819292817238
2026-09-29 22:01:33,1,6,2,0,0,8,26.0,83.12783901074171
2026-09-29 22:01:42,10,3,15,2,0,20,41.0,165.82541994666033
2026-09-29 22:01:54,3,2,2,1,3,8,35.0,111.90286020676768
2026-09-29 22:02:06,4,6,7,1,0,14,38.0,140.90590764188397
2026-09-29 22:02:18,7,3,9,2,2,16,47.0,180.16102717064217
2026-09-29 22:02:32,8,9,13,1,5,28,86.0,375.58744137883684
2026-09-29 22:02:42,4,14,1,0,0,15,57.0,215.03755716766753
2026-09-29 22:02:54,5,2,3,0,1,6,17.0,50.08047253394033
2026-09-29 22:03:06,15,1,20,0,0,21,24.0,98.18501888059959
2026-09-29 22:03:18,11,2,12,0,2,16,32.0,122.66282700979892
2026-09-29 22:03:32,2,4,1,0,0,5,17.0,47.459910976876934
2026-09-29 22:03:43,10,1,4,0,0,5,8.0,22.33407575382444
2026-09-29 22:03:55,17,1,8,5,1,15,53.0,199.9472022787084
2026-09-29 22:04:07,6,8,10,3,1,22,69.0,285.3491008991113
2026-09-29 22:04:19,6,13,2,0,0,15,54.0,203.7197910009482
2026-09-29 22:04:31,18,6,25,1,1,33,62.0,280.634352526202
2026-09-29 22:04:43,7,11,9,1,1,22,66.0,272.9426182513239
2026-09-29 22:04:55,3,13,2,4,5,24,112.0,472.51409238523854
2026-09-29 22:05:07,5,11,7,0,0,18,51.0,201.16638793748845
2026-09-29 22:05:19,2,5,4,0,1,10,30.0,101.93685818395112
2026-09-29 22:05:32,6,4,3,0,1,8,25.0,79.9306144334055
2026-09-29 22:05:44,4,2,2,0,0,4,10.0,26.094379124341003
2026-09-29 22:05:56,14,1,11,0,0,12,15.0,53.47424036192305
2026-09-29 22:06:08,4,1,4,1,2,8,27.0,86.32506358807792
2026-09-29 22:06:20,2,3,3,0,4,10,39.0,132.51791563913645
2026-09-29 22:06:38,17,0,23,0,0,23,23.0,96.09523809800274
2026-09-29 22:06:45,3,6,12,1,1,20,49.0,198.1815994484477
2026-09-29 22:06:57,10,7,10,1,2,20,57.0,230.5377789502351
2026-09-29 22:07:09,10,7,10,2,2,21,64.0,261.8267170149322
2026-09-29 22:07:21,0,4,0,0,1,5,22.0,61.418708323017206
2026-09-29 22:07:33,2,4,3,1,1,9,32.0,105.68272297580947
2026-09-29 22:07:47,0,2,0,0,0,2,8.0,16.78889830934488
2026-09-29 22:07:58,10,1,14,3,0,18,39.0,153.83312018749118
2026-09-29 22:08:09,9,5,11,2,0,18,45.0,177.4997540624898
2026-09-29 22:08:21,5,6,4,1,0,11,35.0,121.97173274258002
2026-09-29 22:08:34,15,8,15,1,5,29,84.0,369.7005800596211
2026-09-29 22:08:46,9,10,13,0,0,23,53.0,221.4368530084411
2026-09-29 22:08:58,5,9,3,1,2,15,58.0,218.81014588990732
2026-09-29 22:09:10,4,10,3,0,1,14,49.0,181.6944598540083
2026-09-29 22:09:22,12,13,11,0,1,25,69.0,293.80866112348224
2026-09-29 22:09:34,8,9,10,0,1,20,52.0,210.31516676161797
2026-09-29 22:09:47,1,5,0,0,2,7,32.0,98.54212933375474
2026-09-29 22:09:59,21,0,19,0,0,19,19.0,75.91891319752582
2026-09-29 22:10:12,8,3,7,4,1,15,53.0,199.9472022787084
2026-09-29 22:10:23,3,9,2,0,2,13,50.0,181.9528664807629
2026-09-29 22:10:35,19,3,28,0,1,32,46.0,206.83934782745808
2026-09-29 22:10:47,2,10,5,1,7,23,94.0,392.73706005270685
2026-09-29 22:10:59,6,21,4,0,4,29,112.0,492.93410674616143
2026-09-29 22:11:11,3,8,4,0,3,15,54.0,203.7197910009482
2026-09-29 22:11:23,2,3,3,0,1,7,21.0,64.66827237527654
2026-09-29 22:11:36,8,10,6,0,0,16,46.0,176.32781382658595
2026-09-29 22:11:48,1,3,0,0,0,3,12.0,28.63553233343869
2026-09-29 22:12:02,2,0,4,0,0,4,4.0,10.437751649736402
2026-09-29 22:12:12,15,5,9,3,1,18,56.0,220.88858283332064
2026-09-29 22:12:24,5,6,13,2,0,21,51.0,208.6431651212741
2026-09-29 22:12:36,4,3,3,1,1,8,28.0,89.52228816541415
2026-09-29 22:12:48,16,4,29,0,2,35,57.0,261.26057949199827
2026-09-29 22:13:02,5,9,6,0,2,17,54.0,210.08007492639288
2026-09-29 22:13:13,13,8,15,0,2,25,59.0,251.22769574326742
2026-09-29 22:13:25,3,2,1,1,3,7,34.0,104.70101241711441
2026-09-29 22:13:37,2,9,1,1,1,12,50.0,178.24746787307683
2026-09-29 22:13:49,3,9,5,0,5,19,71.0,283.6969914223333
2026-09-29 22:14:02,1,3,3,0,1,7,21.0,64.66827237527654
2026-09-29 22:14:13,16,2,15,2,0,19,37.0,147.84209412149767
2026-09-29 22:14:25,12,4,9,0,2,15,37.0,139.5857827228719
2026-09-29 22:14:37,4,10,3,1,1,15,56.0,211.26496844542774
2026-09-29 22:14:50,22,4,25,0,2,31,53.0,236.68400284838552
2026-09-29 22:15:02,10,6,10,0,3,19,52.0,207.77807822480753
2026-09-29 22:15:14,4,5,4,0,4,13,48.0,174.6747518215324
2026-09-29 22:15:27,5,3,2,1,7,13,63.0,229.26061176576127
2026-09-29 22:15:38,3,4,6,0,0,10,22.0,74.75369600156415
2026-09-29 22:15:50,5,4,4,0,0,8,20.0,63.94449154672439
2026-09-29 22:16:02,3,10,1,0,0,11,41.0,142.881172641308
2026-09-29 22:16:17,8,2,13,0,0,15,21.0,79.2243631670354
2026-09-29 22:16:26,13,12,13,0,2,27,73.0,316.25092924278994
2026-09-29 22:16:39,3,5,4,2,4,15,62.0,233.90050077886644
2026-09-29 22:16:51,13,7,17,2,1,27,65.0,281.59329316138826
2026-09-29 22:17:03,7,7,9,1,6,23,80.0,334.2443064278356
2026-09-29 22:17:18,4,8,6,0,8,22,86.0,355.65250256990686
2026-09-29 22:17:28,5,10,4,0,13,27,122.0,528.5289502413749
2026-09-29 22:17:39,7,1,2,1,6,10,49.0,166.49686836712016
2026-09-29 22:17:51,16,8,10,0,4,22,66.0,272.9426182513239
2026-09-29 22:18:04,0,5,0,1,7,13,69.0,251.09495574345283
2026-09-29 22:18:18,9,1,1,0,0,2,5.0,10.493061443340551
2026-09-29 22:18:28,8,1,9,3,0,13,34.0,123.72794920691878
2026-09-29 22:18:40,5,10,3,1,2,16,62.0,237.6592273314854
2026-09-29 22:18:52,11,3,7,0,0,10,19.0,64.56001018316904
2026-09-29 22:19:04,0,8,4,0,3,15,54.0,203.7197910009482
2026-09-29 22:19:16,11,12,10,0,3,25,76.0,323.6153368896326
2026-09-29 22:19:28,7,9,0,0,4,13,60.0,218.34343977691552
2026-09-29 22:19:42,5,10,1,0,5,16,71.0,272.15814742799137
2026-09-29 22:19:53,3,5,2,2,7,16,78.0,298.99064083638484
2026-09-29 22:20:05,0,1,1,0,3,5,23.0,64.21046779224527
2026-09-29 22:20:17,1,10,2,2,2,16,68.0,260.6585073958227
2026-09-29 22:20:30,17,3,14,0,0,17,26.0,101.14966570530028
2026-09-29 22:20:43,5,2,4,1,1,8,25.0,79.9306144334055
2026-09-29 22:20:54,3,4,1,0,0,5,17.0,47.459910976876934
2026-09-29 22:21:06,10,9,8,1,2,20,63.0,254.80491357657561
2026-09-29 22:21:18,10,9,7,0,5,21,73.0,298.64609909515707
2026-09-29 22:21:30,2,5,3,0,5,13,53.0,192.8700384696087
2026-09-29 22:21:42,3,1,1,0,1,3,11.0,26.2492379723188
2026-09-29 22:21:54,2,3,1,0,1,5,19.0,53.04342991533304
2026-09-29 22:22:06,0,1,0,0,2,3,16.0,38.18070977791825
2026-09-29 22:22:18,3,13,1,0,0,14,53.0,196.52666065841714
2026-09-29 22:22:32,2,4,1,0,3,8,35.0,111.90286020676768
2026-09-29 22:22:43,1,7,2,0,2,11,42.0,146.366079291096
2026-09-29 22:22:56,1,10,0,1,0,11,47.0,163.79061254003602
2026-09-29 22:23:07,12,6,7,0,3,16,49.0,187.82745385875458
2026-09-29 22:23:19,1,5,0,0,8,13,68.0,247.45589841383756
2026-09-29 22:23:32,0,11,0,0,5,16,74.0,283.65778746016
2026-09-29 22:23:43,1,8,0,0,5,13,62.0,225.62155443614603
2026-09-29 22:23:57,0,4,1,0,4,9,41.0,135.40598881275588
2026-09-29 22:24:07,3,1,0,0,2,3,16.0,38.18070977791825
2026-09-29 22:24:20,0,4,0,0,0,4,16.0,41.75100659894561
2026-09-29 22:24:32,6,7,3,0,3,13,49.0,178.31380915114767
2026-09-29 22:24:44,1,10,0,0,1,11,46.0,160.30570589024802
2026-09-29 22:24:56,1,9,0,0,1,10,42.0,142.71160145753157
2026-09-29 22:25:08,1,16,0,0,2,18,76.0,299.77736241664945
2026-09-29 22:25:20,8,12,4,1,4,21,83.0,339.55652362874025
2026-09-29 22:25:32,0,19,0,0,4,23,100.0,417.80538303479454
2026-09-29 22:25:45,0,5,1,1,6,13,64.0,232.89966909537654
2026-09-29 22:25:57,2,13,0,0,4,17,76.0,295.6682536001085
2026-09-29 22:26:13,2,6,1,2,7,16,81.0,310.4902808685535
2026-09-29 22:26:21,0,7,0,0,3,10,46.0,156.30318254872506
2026-09-29 22:26:33,0,3,0,0,3,6,30.0,88.3773044716594
2026-09-29 22:26:45,3,3,1,0,1,5,19.0,53.04342991533304
2026-09-29 22:26:57,0,6,0,0,0,6,24.0,70.70184357732752
2026-09-29 22:27:09,2,9,0,0,1,10,42.0,142.71160145753157
2026-09-29 22:27:21,8,13,11,1,0,25,70.0,298.06675766150374
2026-09-29 22:27:34,1,19,0,1,4,24,107.0,451.4197132608975
2026-09-29 22:27:46,1,14,0,0,7,21,98.0,400.92216042911497
2026-09-29 22:27:58,4,8,5,0,2,15,49.0,184.85684738974928
2026-09-29 22:28:10,2,10,0,1,5,16,77.0,295.1574274923286
2026-09-29 22:28:22,6,1,6,0,1,8,16.0,51.15559323737951
2026-09-29 22:28:35,0,5,0,0,0,5,20.0,55.8351893845611
2026-09-29 22:28:47,3,9,0,0,0,9,36.0,118.89306334778566
2026-09-29 22:28:59,6,13,1,1,0,15,60.0,226.35532333438687
2026-09-29 22:29:11,0,7,0,2,0,9,42.0,138.70857390574992
2026-09-29 22:29:23,23,5,14,0,0,19,34.0,135.8548973008357
2026-09-29 22:29:35,1,8,2,0,3,13,52.0,189.23098113999345
2026-09-29 22:29:47,3,9,1,0,2,12,49.0,174.6825185156153
2026-09-29 22:30:03,5,22,4,1,5,32,129.0,580.0494754291759
2026-09-29 22:30:12,3,23,2,1,4,30,125.0,554.2484005606433
2026-09-29 22:30:24,3,5,0,1,4,10,51.0,173.29265891271692
2026-09-29 22:30:36,1,6,0,0,1,7,30.0,92.38324625039508
2026-09-29 22:30:48,4,3,0,1,1,5,25.0,69.79398673070138
2026-09-29 22:31:00,2,5,6,0,0,11,26.0,90.60757289448802
2026-09-29 22:31:12,1,6,1,1,0,8,32.0,102.31118647475903
2026-09-29 22:31:24,9,0,1,0,2,3,13.0,31.02182669455858
2026-09-29 22:31:37,10,5,7,0,3,15,45.0,169.76649250079015
2026-09-29 22:31:48,1,7,2,0,5,14,60.0,222.4830120661326
2026-09-29 22:32:00,1,6,3,0,8,17,75.0,291.77788184221237
2026-09-29 22:32:12,2,6,3,1,3,13,52.0,189.23098113999345
2026-09-29 22:32:29,1,5,1,1,4,11,52.0,181.21514578897603
2026-09-29 22:32:38,3,8,0,2,2,12,58.0,206.76706273276912
2026-09-29 22:32:49,0,6,0,0,0,6,24.0,70.70184357732752
2026-09-29 22:33:01,4,15,5,0,0,20,65.0,262.89395845202245
2026-09-29 22:33:13,5,4,2,0,0,6,18.0,53.026382682995646
2026-09-29 22:33:25,0,9,2,0,2,13,50.0,181.9528664807629
2026-09-29 22:33:37,5,9,3,0,1,13,45.0,163.75757983268662
2026-09-29 22:33:50,1,4,0,0,7,11,58.0,202.124585687704
2026-09-29 22:34:02,9,5,3,1,3,12,48.0,171.11756915815377
2026-09-29 22:34:14,6,7,3,1,3,14,56.0,207.65081126172376
2026-09-29 22:34:26,3,11,3,0,0,14,47.0,174.27835945180388
2026-09-29 22:34:38,1,3,0,0,0,3,12.0,28.63553233343869
2026-09-29 22:34:50,1,2,0,0,0,2,8.0,16.78889830934488
2026-09-29 22:35:02,4,1,3,0,1,5,13.0,36.292873099964716
2026-09-29 22:35:14,0,4,0,0,0,4,16.0,41.75100659894561
2026-09-29 22:35:27,0,2,0,0,2,4,20.0,52.18875824868201
2026-09-29 22:35:43,2,11,5,0,0,16,49.0,187.82745385875458
2026-09-29 22:35:51,0,8,0,1,5,14,69.0,255.85546387605248
2026-09-29 22:36:03,0,5,0,4,8,17,96.0,373.47568875803177
2026-09-29 22:36:15,3,0,1,0,2,3,13.0,31.02182669455858
2026-09-29 22:36:27,0,3,1,0,0,4,13.0,33.922692861643306
2026-09-29 22:36:40,1,3,2,0,0,5,14.0,39.08463256919277
2026-09-29 22:36:51,3,3,0,0,0,3,12.0,28.63553233343869
2026-09-29 22:37:04,5,2,1,0,0,3,9.0,21.476649250079017
2026-09-29 22:37:17,5,5,3,0,1,9,29.0,95.77496769682733
2026-09-29 22:37:27,0,8,1,0,0,9,33.0,108.98530806880352
2026-09-29 22:37:40,17,7,12,0,0,19,40.0,159.82929094215964
2026-09-29 22:37:52,4,6,3,2,3,14,59.0,218.7749618650304
2026-09-29 22:38:04,2,17,1,1,0,19,76.0,303.6756527901033
2026-09-29 22:38:17,3,7,2,0,2,11,42.0,146.366079291096
2026-09-29 22:38:28,3,6,0,0,2,8,36.0,115.1000847841039
2026-09-29 22:38:40,3,1,0,0,3,4,22.0,57.40763407355021
2026-09-29 22:38:53,1,3,0,0,2,5,24.0,67.00222726147332
2026-09-29 22:39:04,7,0,0,0,0,0,0.0,0.0
2026-09-29 22:39:17,2,3,1,0,0,4,13.0,33.922692861643306
2026-09-29 22:39:29,3,8,1,0,0,9,33.0,108.98530806880352
2026-09-29 22:39:43,12,2,10,0,0,12,18.0,64.16908843430767
